# Created by FreeCAD <https://www.freecad.org>
v 146.199997 -40.000000 18.000000
v 146.199997 -40.000000 41.000000
v 146.199997 61.200001 18.000000
v 146.199997 61.200001 41.000000
v -4.000000 -40.000000 18.000000
v -4.000000 -40.000000 41.000000
v -4.000000 61.200001 18.000000
v -4.000000 61.200001 41.000000
v -5.358385 -42.562183 18.000000
v -5.288504 -42.598030 18.000000
v -5.217679 -42.631969 18.000000
v -5.145960 -42.663979 18.000000
v -5.073400 -42.694031 18.000000
v -5.000054 -42.722111 18.000000
v -4.925974 -42.748196 18.000000
v -4.851215 -42.772263 18.000000
v -4.775832 -42.794296 18.000000
v -4.699880 -42.814278 18.000000
v -4.623414 -42.832199 18.000000
v -4.546492 -42.848042 18.000000
v -4.469168 -42.861797 18.000000
v -4.391500 -42.873451 18.000000
v -4.313545 -42.882999 18.000000
v -4.235360 -42.890434 18.000000
v -4.157003 -42.895748 18.000000
v -4.078530 -42.898937 18.000000
v -4.000000 -42.900002 18.000000
v -6.900000 -40.000000 18.000000
v -6.898937 -40.078529 18.000000
v -6.895747 -40.157001 18.000000
v -6.890433 -40.235359 18.000000
v -6.883000 -40.313545 18.000000
v -6.873452 -40.391499 18.000000
v -6.861797 -40.469170 18.000000
v -6.848042 -40.546490 18.000000
v -6.832200 -40.623413 18.000000
v -6.814280 -40.699879 18.000000
v -6.794295 -40.775833 18.000000
v -6.772261 -40.851215 18.000000
v -6.748194 -40.925976 18.000000
v -6.722112 -41.000053 18.000000
v -6.694033 -41.073402 18.000000
v -6.663978 -41.145958 18.000000
v -6.631968 -41.217678 18.000000
v -6.598030 -41.288506 18.000000
v -6.562185 -41.358383 18.000000
v -6.524461 -41.427269 18.000000
v -6.484886 -41.495106 18.000000
v -6.443488 -41.561848 18.000000
v -6.400298 -41.627441 18.000000
v -6.355348 -41.691845 18.000000
v -6.308670 -41.755005 18.000000
v -6.260299 -41.816879 18.000000
v -6.210270 -41.877419 18.000000
v -6.158620 -41.936584 18.000000
v -6.105387 -41.994328 18.000000
v -6.050610 -42.050610 18.000000
v -5.994328 -42.105389 18.000000
v -5.936584 -42.158619 18.000000
v -5.877420 -42.210270 18.000000
v -5.816879 -42.260300 18.000000
v -5.755005 -42.308670 18.000000
v -5.691844 -42.355347 18.000000
v -5.627442 -42.400299 18.000000
v -5.561847 -42.443489 18.000000
v -5.495106 -42.484886 18.000000
v -5.427269 -42.524460 18.000000
v -6.900000 61.200001 18.000000
v -6.890433 61.435360 18.000000
v -6.873452 61.591499 18.000000
v -6.861797 61.669167 18.000000
v -6.848042 61.746490 18.000000
v -6.794295 61.975834 18.000000
v -6.748194 62.125973 18.000000
v -6.722112 62.200054 18.000000
v -6.663978 62.345959 18.000000
v -6.631968 62.417679 18.000000
v -6.598030 62.488503 18.000000
v -6.562185 62.558384 18.000000
v -6.484886 62.695107 18.000000
v -6.400298 62.827442 18.000000
v -6.355348 62.891846 18.000000
v -6.210270 63.077419 18.000000
v -6.158620 63.136585 18.000000
v -5.994328 63.305386 18.000000
v -5.936584 63.358620 18.000000
v -5.816879 63.460300 18.000000
v -5.755005 63.508671 18.000000
v -5.691844 63.555347 18.000000
v -5.627442 63.600300 18.000000
v -5.561847 63.643490 18.000000
v -5.495106 63.684887 18.000000
v -5.427269 63.724461 18.000000
v -5.358385 63.762184 18.000000
v -5.288504 63.798031 18.000000
v -5.073400 63.894032 18.000000
v -5.000054 63.922112 18.000000
v -4.925974 63.948193 18.000000
v -4.851215 63.972260 18.000000
v -4.775832 63.994293 18.000000
v -4.699880 64.014282 18.000000
v -4.623414 64.032196 18.000000
v -4.546492 64.048042 18.000000
v -4.469168 64.061798 18.000000
v -4.391500 64.073456 18.000000
v -4.313545 64.083000 18.000000
v -4.235360 64.090431 18.000000
v -4.157003 64.095749 18.000000
v -4.078530 64.098938 18.000000
v -4.000000 64.099998 18.000000
v 146.199997 -42.900002 18.000000
v 148.194336 -42.105389 18.000000
v 148.250610 -42.050610 18.000000
v 148.136581 -42.158619 18.000000
v 148.077423 -42.210270 18.000000
v 148.016876 -42.260300 18.000000
v 147.955002 -42.308670 18.000000
v 147.891846 -42.355347 18.000000
v 147.827438 -42.400299 18.000000
v 147.761841 -42.443489 18.000000
v 147.695099 -42.484886 18.000000
v 147.627274 -42.524460 18.000000
v 147.558380 -42.562183 18.000000
v 147.488510 -42.598030 18.000000
v 147.417679 -42.631969 18.000000
v 147.345963 -42.663979 18.000000
v 147.273407 -42.694031 18.000000
v 147.200058 -42.722111 18.000000
v 147.125977 -42.748196 18.000000
v 147.051208 -42.772263 18.000000
v 146.975830 -42.794296 18.000000
v 146.899887 -42.814278 18.000000
v 146.823410 -42.832199 18.000000
v 146.746490 -42.848042 18.000000
v 146.669174 -42.861797 18.000000
v 146.591507 -42.873451 18.000000
v 146.513550 -42.882999 18.000000
v 146.435364 -42.890434 18.000000
v 146.357010 -42.895748 18.000000
v 146.278534 -42.898937 18.000000
v 148.305389 -41.994328 18.000000
v 148.358627 -41.936584 18.000000
v 148.410263 -41.877419 18.000000
v 148.460297 -41.816879 18.000000
v 148.508667 -41.755005 18.000000
v 148.555344 -41.691845 18.000000
v 148.600296 -41.627441 18.000000
v 148.643494 -41.561848 18.000000
v 148.684891 -41.495106 18.000000
v 148.724457 -41.427269 18.000000
v 148.762192 -41.358383 18.000000
v 148.798035 -41.288506 18.000000
v 148.831970 -41.217678 18.000000
v 148.863983 -41.145958 18.000000
v 148.894028 -41.073402 18.000000
v 148.922119 -41.000053 18.000000
v 148.948196 -40.925976 18.000000
v 148.972260 -40.851215 18.000000
v 148.994293 -40.775833 18.000000
v 149.014282 -40.699879 18.000000
v 149.032196 -40.623413 18.000000
v 149.048050 -40.546490 18.000000
v 149.061798 -40.469170 18.000000
v 149.073456 -40.391499 18.000000
v 149.082993 -40.313545 18.000000
v 149.090439 -40.235359 18.000000
v 149.095749 -40.157001 18.000000
v 149.098938 -40.078529 18.000000
v 149.100006 -40.000000 18.000000
v 149.100006 61.200001 18.000000
v 146.199997 64.099998 18.000000
v 149.098938 61.278530 18.000000
v 146.278534 64.098938 18.000000
v 149.095749 61.357002 18.000000
v 146.357010 64.095749 18.000000
v 149.090439 61.435360 18.000000
v 146.435364 64.090431 18.000000
v 149.082993 61.513546 18.000000
v 146.513550 64.083000 18.000000
v 146.591507 64.073456 18.000000
v 149.073456 61.591499 18.000000
v 149.061798 61.669167 18.000000
v 146.669174 64.061798 18.000000
v 146.746490 64.048042 18.000000
v 149.048050 61.746490 18.000000
v 149.032196 61.823414 18.000000
v 146.823410 64.032196 18.000000
v 149.014282 61.899879 18.000000
v 146.899887 64.014282 18.000000
v 148.994293 61.975834 18.000000
v 148.972260 62.051216 18.000000
v 148.948196 62.125973 18.000000
v 147.200058 63.922112 18.000000
v 148.894028 62.273399 18.000000
v 147.345963 63.863979 18.000000
v 148.831970 62.417679 18.000000
v 147.417679 63.831970 18.000000
v 148.798035 62.488503 18.000000
v 147.488510 63.798031 18.000000
v 147.627274 63.724461 18.000000
v 148.724457 62.627270 18.000000
v 147.695099 63.684887 18.000000
v 148.643494 62.761848 18.000000
v 148.600296 62.827442 18.000000
v 147.827438 63.600300 18.000000
v 148.555344 62.891846 18.000000
v 147.891846 63.555347 18.000000
v 148.508667 62.955006 18.000000
v 147.955002 63.508671 18.000000
v 148.460297 63.016880 18.000000
v 148.016876 63.460300 18.000000
v 148.410263 63.077419 18.000000
v 148.077423 63.410271 18.000000
v 148.358627 63.136585 18.000000
v 148.136581 63.358620 18.000000
v 148.305389 63.194328 18.000000
v 148.194336 63.305386 18.000000
v 148.250610 63.250610 18.000000
v -6.900000 -40.000000 41.000000
v -6.900000 61.200001 41.000000
v -6.898937 -40.078529 41.000000
v -6.895747 -40.157001 41.000000
v -6.890433 -40.235359 41.000000
v -6.883000 -40.313545 41.000000
v -6.873452 -40.391499 41.000000
v -6.861797 -40.469170 41.000000
v -6.848042 -40.546490 41.000000
v -6.832200 -40.623413 41.000000
v -6.814280 -40.699879 41.000000
v -6.794295 -40.775833 41.000000
v -6.772261 -40.851215 41.000000
v -6.748194 -40.925976 41.000000
v -6.722112 -41.000053 41.000000
v -6.694033 -41.073402 41.000000
v -6.663978 -41.145958 41.000000
v -6.631968 -41.217678 41.000000
v -6.598030 -41.288506 41.000000
v -6.562185 -41.358383 41.000000
v -6.524461 -41.427269 41.000000
v -6.484886 -41.495106 41.000000
v -6.443488 -41.561848 41.000000
v -6.400298 -41.627441 41.000000
v -6.355348 -41.691845 41.000000
v -6.308670 -41.755005 41.000000
v -6.260299 -41.816879 41.000000
v -6.210270 -41.877419 41.000000
v -6.158620 -41.936584 41.000000
v -6.105387 -41.994328 41.000000
v -6.050610 -42.050610 41.000000
v -5.994328 -42.105389 41.000000
v -5.936584 -42.158619 41.000000
v -5.877420 -42.210270 41.000000
v -5.816879 -42.260300 41.000000
v -5.755005 -42.308670 41.000000
v -5.691844 -42.355347 41.000000
v -5.627442 -42.400299 41.000000
v -5.561847 -42.443489 41.000000
v -5.495106 -42.484886 41.000000
v -5.427269 -42.524460 41.000000
v -5.358385 -42.562183 41.000000
v -5.288504 -42.598030 41.000000
v -5.217679 -42.631969 41.000000
v -5.145960 -42.663979 41.000000
v -5.073400 -42.694031 41.000000
v -5.000054 -42.722111 41.000000
v -4.925974 -42.748196 41.000000
v -4.851215 -42.772263 41.000000
v -4.775832 -42.794296 41.000000
v -4.699880 -42.814278 41.000000
v -4.623414 -42.832199 41.000000
v -4.546492 -42.848042 41.000000
v -4.469168 -42.861797 41.000000
v -4.391500 -42.873451 41.000000
v -4.313545 -42.882999 41.000000
v -4.235360 -42.890434 41.000000
v -4.157003 -42.895748 41.000000
v -4.078530 -42.898937 41.000000
v -4.000000 -42.900002 41.000000
v -6.898937 61.278530 41.000000
v -6.898937 61.278530 18.000000
v -6.895747 61.357002 41.000000
v -6.895747 61.357002 18.000000
v -6.890433 61.435360 41.000000
v -6.883000 61.513546 41.000000
v -6.883000 61.513546 18.000000
v -6.873452 61.591499 41.000000
v -6.861797 61.669167 41.000000
v -6.848042 61.746490 41.000000
v -6.832200 61.823414 18.000000
v -6.832200 61.823414 41.000000
v -6.814280 61.899879 41.000000
v -6.814280 61.899879 18.000000
v -6.794295 61.975834 41.000000
v -6.772261 62.051216 41.000000
v -6.772261 62.051216 18.000000
v -6.748194 62.125973 41.000000
v -6.722112 62.200054 41.000000
v -6.694033 62.273399 41.000000
v -6.694033 62.273399 18.000000
v -6.663978 62.345959 41.000000
v -6.631968 62.417679 41.000000
v -6.598030 62.488503 41.000000
v -6.562185 62.558384 41.000000
v -6.524461 62.627270 41.000000
v -6.524461 62.627270 18.000000
v -6.484886 62.695107 41.000000
v -6.443488 62.761848 41.000000
v -6.443488 62.761848 18.000000
v -6.400298 62.827442 41.000000
v -6.355348 62.891846 41.000000
v -6.308670 62.955006 41.000000
v -6.308670 62.955006 18.000000
v -6.260299 63.016880 41.000000
v -6.260299 63.016880 18.000000
v -6.210270 63.077419 41.000000
v -6.158620 63.136585 41.000000
v -6.105387 63.194328 41.000000
v -6.105387 63.194328 18.000000
v -6.050610 63.250610 41.000000
v -6.050610 63.250610 18.000000
v -5.994328 63.305386 41.000000
v -5.936584 63.358620 41.000000
v -5.877420 63.410271 41.000000
v -5.877420 63.410271 18.000000
v -5.816879 63.460300 41.000000
v -5.755005 63.508671 41.000000
v -5.691844 63.555347 41.000000
v -5.627442 63.600300 41.000000
v -5.561847 63.643490 41.000000
v -5.495106 63.684887 41.000000
v -5.427269 63.724461 41.000000
v -5.358385 63.762184 41.000000
v -5.288504 63.798031 41.000000
v -5.217679 63.831970 41.000000
v -5.217679 63.831970 18.000000
v -5.145960 63.863979 18.000000
v -5.145960 63.863979 41.000000
v -5.073400 63.894032 41.000000
v -5.000054 63.922112 41.000000
v -4.925974 63.948193 41.000000
v -4.851215 63.972260 41.000000
v -4.775832 63.994293 41.000000
v -4.699880 64.014282 41.000000
v -4.623414 64.032196 41.000000
v -4.546492 64.048042 41.000000
v -4.469168 64.061798 41.000000
v -4.391500 64.073456 41.000000
v -4.313545 64.083000 41.000000
v -4.235360 64.090431 41.000000
v -4.157003 64.095749 41.000000
v -4.078530 64.098938 41.000000
v -4.000000 64.099998 41.000000
v 146.199997 64.099998 41.000000
v 149.098938 61.278530 41.000000
v 149.100006 61.200001 41.000000
v 149.095749 61.357002 41.000000
v 149.090439 61.435360 41.000000
v 149.082993 61.513546 41.000000
v 149.073456 61.591499 41.000000
v 149.061798 61.669167 41.000000
v 149.048050 61.746490 41.000000
v 149.032196 61.823414 41.000000
v 149.014282 61.899879 41.000000
v 148.994293 61.975834 41.000000
v 148.972260 62.051216 41.000000
v 148.948196 62.125973 41.000000
v 148.922119 62.200054 18.000000
v 148.922119 62.200054 41.000000
v 148.894028 62.273399 41.000000
v 148.863983 62.345959 41.000000
v 148.863983 62.345959 18.000000
v 148.831970 62.417679 41.000000
v 148.798035 62.488503 41.000000
v 148.762192 62.558384 41.000000
v 148.762192 62.558384 18.000000
v 148.724457 62.627270 41.000000
v 148.684891 62.695107 41.000000
v 148.684891 62.695107 18.000000
v 148.643494 62.761848 41.000000
v 148.600296 62.827442 41.000000
v 148.555344 62.891846 41.000000
v 148.508667 62.955006 41.000000
v 148.460297 63.016880 41.000000
v 148.410263 63.077419 41.000000
v 148.358627 63.136585 41.000000
v 148.305389 63.194328 41.000000
v 148.250610 63.250610 41.000000
v 148.194336 63.305386 41.000000
v 148.136581 63.358620 41.000000
v 148.077423 63.410271 41.000000
v 148.016876 63.460300 41.000000
v 147.955002 63.508671 41.000000
v 147.891846 63.555347 41.000000
v 147.827438 63.600300 41.000000
v 147.761841 63.643490 41.000000
v 147.761841 63.643490 18.000000
v 147.695099 63.684887 41.000000
v 147.627274 63.724461 41.000000
v 147.558380 63.762184 41.000000
v 147.558380 63.762184 18.000000
v 147.488510 63.798031 41.000000
v 147.417679 63.831970 41.000000
v 147.345963 63.863979 41.000000
v 147.273407 63.894032 41.000000
v 147.273407 63.894032 18.000000
v 147.200058 63.922112 41.000000
v 147.125977 63.948193 41.000000
v 147.125977 63.948193 18.000000
v 147.051208 63.972260 41.000000
v 147.051208 63.972260 18.000000
v 146.975830 63.994293 41.000000
v 146.975830 63.994293 18.000000
v 146.899887 64.014282 41.000000
v 146.823410 64.032196 41.000000
v 146.746490 64.048042 41.000000
v 146.669174 64.061798 41.000000
v 146.591507 64.073456 41.000000
v 146.513550 64.083000 41.000000
v 146.435364 64.090431 41.000000
v 146.357010 64.095749 41.000000
v 146.278534 64.098938 41.000000
v 149.100006 -40.000000 41.000000
v 149.098938 -40.078529 41.000000
v 149.095749 -40.157001 41.000000
v 149.090439 -40.235359 41.000000
v 149.082993 -40.313545 41.000000
v 149.073456 -40.391499 41.000000
v 149.061798 -40.469170 41.000000
v 149.048050 -40.546490 41.000000
v 149.032196 -40.623413 41.000000
v 149.014282 -40.699879 41.000000
v 148.994293 -40.775833 41.000000
v 148.972260 -40.851215 41.000000
v 148.948196 -40.925976 41.000000
v 148.922119 -41.000053 41.000000
v 148.894028 -41.073402 41.000000
v 148.863983 -41.145958 41.000000
v 148.831970 -41.217678 41.000000
v 148.798035 -41.288506 41.000000
v 148.762192 -41.358383 41.000000
v 148.724457 -41.427269 41.000000
v 148.684891 -41.495106 41.000000
v 148.643494 -41.561848 41.000000
v 148.600296 -41.627441 41.000000
v 148.555344 -41.691845 41.000000
v 148.508667 -41.755005 41.000000
v 148.460297 -41.816879 41.000000
v 148.410263 -41.877419 41.000000
v 148.358627 -41.936584 41.000000
v 148.305389 -41.994328 41.000000
v 148.250610 -42.050610 41.000000
v 148.194336 -42.105389 41.000000
v 148.136581 -42.158619 41.000000
v 148.077423 -42.210270 41.000000
v 148.016876 -42.260300 41.000000
v 147.955002 -42.308670 41.000000
v 147.891846 -42.355347 41.000000
v 147.827438 -42.400299 41.000000
v 147.761841 -42.443489 41.000000
v 147.695099 -42.484886 41.000000
v 147.627274 -42.524460 41.000000
v 147.558380 -42.562183 41.000000
v 147.488510 -42.598030 41.000000
v 147.417679 -42.631969 41.000000
v 147.345963 -42.663979 41.000000
v 147.273407 -42.694031 41.000000
v 147.200058 -42.722111 41.000000
v 147.125977 -42.748196 41.000000
v 147.051208 -42.772263 41.000000
v 146.975830 -42.794296 41.000000
v 146.899887 -42.814278 41.000000
v 146.823410 -42.832199 41.000000
v 146.746490 -42.848042 41.000000
v 146.669174 -42.861797 41.000000
v 146.591507 -42.873451 41.000000
v 146.513550 -42.882999 41.000000
v 146.435364 -42.890434 41.000000
v 146.357010 -42.895748 41.000000
v 146.278534 -42.898937 41.000000
v 146.199997 -42.900002 41.000000
v -4.000000 64.098938 41.078529
v -4.078530 61.200001 43.898937
v -4.000000 61.200001 43.900002
v -4.000000 61.278530 43.898937
v -6.898937 61.200001 41.078529
v -4.040755 64.097595 41.110802
v -4.000000 64.095749 41.157001
v -4.122205 64.095390 41.108593
v -4.084326 64.090347 41.220852
v -4.000000 64.090431 41.235359
v -4.203475 64.090973 41.104183
v -4.043525 64.080574 41.332287
v -4.000000 64.083000 41.313545
v -4.000000 64.073456 41.391499
v -4.168528 64.086922 41.217426
v -4.284447 64.084366 41.097572
v -4.130510 64.078217 41.329929
v -4.252483 64.081223 41.211723
v -4.365002 64.075569 41.088776
v -4.089613 64.064796 41.441467
v -4.000000 64.061798 41.469170
v -4.217304 64.073502 41.325218
v -4.336067 64.073250 41.203747
v -4.046039 64.046646 41.551823
v -4.000000 64.048042 41.546490
v -4.000000 64.032196 41.623413
v -4.445021 64.064598 41.077801
v -4.179095 64.061157 41.437828
v -4.303779 64.066444 41.318157
v -4.419158 64.063019 41.193516
v -4.138050 64.044151 41.549328
v -4.524386 64.051460 41.064667
v -4.268313 64.055099 41.431767
v -4.389809 64.057045 41.308762
v -4.094374 64.022438 41.659496
v -4.000000 64.014282 41.699879
v -4.501635 64.050545 41.181042
v -4.229858 64.039162 41.544346
v -4.602982 64.036186 41.049397
v -4.357139 64.046623 41.423294
v -4.048284 63.996010 41.768120
v -4.000000 63.994293 41.775833
v -4.000000 63.972260 41.851215
v -4.475266 64.045326 41.297043
v -4.188610 64.018608 41.655663
v -4.583374 64.035843 41.166344
v -4.321329 64.031700 41.536877
v -4.680693 64.018799 41.032005
v -4.445439 64.035751 41.412422
v -4.144779 63.993393 41.765503
v -4.560025 64.031303 41.283020
v -4.282569 64.012222 41.649281
v -4.664258 64.018944 41.149445
v -4.412328 64.021759 41.526939
v -4.757405 63.999317 41.012524
v -4.098582 63.963512 41.873653
v -4.000000 63.948193 41.925976
v -4.533086 64.022499 41.399166
v -4.241063 63.988167 41.760277
v -4.643963 64.014992 41.266708
v -4.376114 64.003296 41.640358
v -4.744166 63.999863 41.130363
v -4.050244 63.928967 41.979908
v -4.000000 63.922112 42.000053
v -4.000000 63.894032 42.073402
v -4.502722 64.009361 41.514542
v -4.197019 63.959511 41.869648
v -4.619951 64.006874 41.383545
v -4.336992 63.980335 41.752445
v -4.726955 63.996422 41.248135
v -4.469106 63.991848 41.628906
v -4.822983 63.978630 41.109135
v -4.150659 63.926243 41.977188
v -4.592378 63.994526 41.499706
v -4.295167 63.952843 41.862984
v -4.705906 63.988914 41.365585
v -4.432427 63.969910 41.742023
v -4.808881 63.975613 41.227329
v -4.102211 63.888374 42.082684
v -4.000000 63.863979 42.145958
v -4.561410 63.977886 41.614944
v -4.900591 63.955280 41.085785
v -4.250853 63.920803 41.971748
v -4.681164 63.977276 41.482456
v -4.392882 63.943520 41.853661
v -4.790825 63.968639 41.345306
v -4.051910 63.845909 42.185947
v -4.000000 63.831970 42.217678
v -4.527227 63.956909 41.729023
v -4.889619 63.952602 41.204319
v -4.204272 63.884220 42.078533
v -4.652890 63.961437 41.598495
v -4.976878 63.929848 41.060349
v -4.350678 63.912655 41.963600
v -4.768951 63.957630 41.462811
v -4.490020 63.931561 41.841702
v -4.874583 63.946075 41.322746
v -4.155654 63.843098 42.183136
v -4.621254 63.941353 41.713463
v -4.969052 63.927425 41.179142
v -4.306033 63.877308 42.071621
v -4.743412 63.942520 41.579578
v -5.051732 63.902367 41.032867
v -4.449989 63.901810 41.952751
v -4.855610 63.935623 41.440804
v -4.105240 63.797455 42.285362
v -4.000000 63.798031 42.288506
v -4.000000 63.762184 42.358383
v -4.586439 63.916977 41.827118
v -4.957057 63.921265 41.297932
v -4.259171 63.837479 42.177517
v -4.714369 63.923260 41.695370
v -5.047063 63.900112 41.151829
v -4.407344 63.867641 42.061954
v -4.832842 63.921169 41.558228
v -4.053272 63.747326 42.385025
v -4.000000 63.724461 42.427269
v -4.548639 63.888279 41.939224
v -4.941013 63.911282 41.416462
v -4.210325 63.793179 42.281086
v -4.681997 63.899796 41.809933
v -5.038127 63.894234 41.270905
v -4.362306 63.829060 42.169098
v -4.806435 63.902657 41.674767
v -5.123537 63.870708 41.122421
v -4.508059 63.855244 42.049553
v -4.921051 63.897408 41.534466
v -4.159737 63.744438 42.382141
v -4.646484 63.872089 41.923035
v -5.025034 63.884647 41.389828
v -4.315102 63.786060 42.273968
v -4.776555 63.880035 41.790176
v -5.117674 63.865028 41.241699
v -4.464910 63.817852 42.157890
v -4.897318 63.879574 41.651688
v -5.198362 63.839252 41.090969
v -4.107651 63.691292 42.480495
v -4.000000 63.684887 42.495106
v -4.608027 63.840122 42.034435
v -5.007907 63.871277 41.508335
v -4.265968 63.738670 42.376373
v -4.743381 63.853260 41.904205
v -5.107552 63.855759 41.360939
v -4.419416 63.776112 42.264019
v -4.869973 63.857731 41.767868
v -5.195580 63.833691 41.210361
v -4.054320 63.633793 42.575977
v -4.000000 63.643490 42.561848
v -4.000000 63.600300 42.627441
v -4.566832 63.803875 42.143913
v -4.986884 63.854050 41.626160
v -5.271429 63.805794 41.057510
v -4.215145 63.686920 42.476124
v -4.707103 63.822308 42.016621
v -5.093285 63.842812 41.479870
v -4.371808 63.730034 42.367733
v -4.839186 63.831821 41.882767
v -5.188444 63.824654 41.329834
v -4.523115 63.763344 42.251251
v -4.962113 63.832909 41.743050
v -5.271731 63.800266 41.176937
v -4.162882 63.630848 42.573036
v -4.667921 63.787148 42.127186
v -5.075001 63.826118 41.598228
v -5.342628 63.770382 41.022099
v -4.322322 63.679638 42.468842
v -4.805141 63.801819 41.996132
v -5.177058 63.812054 41.449112
v -4.477103 63.718533 42.356236
v -4.933760 63.807804 41.858749
v -5.267591 63.791382 41.296562
v -4.109431 63.570511 42.666943
v -4.000000 63.555347 42.691845
v -4.626046 63.747776 42.235683
v -5.052843 63.805614 41.715752
v -5.346016 63.764805 41.141476
v -4.271204 63.624969 42.567154
v -4.768031 63.767696 42.107735
v -5.161541 63.795818 41.567932
v -4.429027 63.669460 42.458664
v -4.901998 63.778694 41.973007
v -5.259103 63.779053 41.416111
v -4.055050 63.505978 42.757679
v -4.000000 63.508671 42.755005
v -4.000000 63.460300 42.816879
v -4.581697 63.704189 42.341888
v -5.026963 63.781242 41.832184
v -5.344879 63.755993 41.261169
v -4.218702 63.566067 42.662495
v -4.728058 63.729431 42.217339
v -5.142026 63.775879 41.686020
v -5.418326 63.727356 41.104027
v -4.379128 63.616158 42.558346
v -4.867013 63.745544 42.085583
v -5.246376 63.763199 41.535309
v -4.535102 63.656399 42.445602
v -4.997530 63.752960 41.947273
v -5.339300 63.743851 41.380909
v -4.165071 63.502995 42.754700
v -4.685438 63.687023 42.324726
v -5.118659 63.752174 41.803120
v -5.420192 63.718533 41.223713
v -4.327652 63.558666 42.655094
v -4.829002 63.708336 42.196243
v -5.229534 63.743752 41.653893
v -5.488554 63.687977 41.064648
v -4.486496 63.604431 42.546619
v -4.964722 63.720730 42.060768
v -5.329382 63.728306 41.500416
v -4.110569 63.435822 42.843605
v -4.000000 63.410271 42.877419
v -4.640392 63.640476 42.429676
v -5.091599 63.724659 41.918972
v -5.417532 63.706505 41.343563
v -4.274848 63.497036 42.748741
v -4.788173 63.667061 42.304760
v -5.208714 63.720646 41.771591
v -5.493421 63.679062 41.184242
v -4.436120 63.548321 42.644749
v -4.928729 63.684525 42.172432
v -5.315237 63.709278 41.619419
v -5.556597 63.646725 41.023396
v -4.055458 63.364628 42.929070
v -4.000000 63.358620 42.936584
v -4.000000 63.305386 42.994328
v -4.593150 63.589806 42.531994
v -5.061016 63.693287 42.033325
v -5.410437 63.691189 41.463299
v -4.220975 63.431328 42.839115
v -4.744741 63.621712 42.410912
v -5.184066 63.693832 41.888142
v -5.493683 63.667065 41.304127
v -4.384223 63.488106 42.739811
v -4.889751 63.644329 42.282032
v -5.296994 63.686703 41.737644
v -5.564458 63.637638 41.142818
v -4.543949 63.535042 42.631470
v -5.027093 63.658028 42.145935
v -5.399010 63.672508 41.582649
v -4.166291 63.361626 42.926064
v -4.698933 63.572304 42.514488
v -5.155753 63.663258 42.003296
v -5.489421 63.651905 41.424015
v -4.331058 63.423851 42.831635
v -4.847998 63.600136 42.389336
v -5.274795 63.660519 41.854832
v -5.567643 63.625595 41.262653
v -4.493034 63.476223 42.727928
v -4.990023 63.618862 42.256565
v -5.383371 63.650391 41.701332
v -5.633200 63.594318 41.099499
v -4.111058 63.288010 43.009449
v -4.000000 63.250610 43.050610
v -4.650979 63.518856 42.615284
v -5.123950 63.628891 42.116798
v -5.480729 63.633495 41.543636
v -4.276880 63.355621 42.920063
v -4.803690 63.551945 42.494133
v -5.248793 63.630684 41.970722
v -5.566220 63.610508 41.382622
v -4.440654 63.413395 42.821182
v -4.950010 63.575775 42.364979
v -5.363653 63.624779 41.819088
v -5.639301 63.582150 41.219208
v -4.055539 63.210579 43.089138
v -4.000000 63.194328 43.105389
v -4.000000 63.136585 43.158619
v -4.601121 63.461399 42.713104
v -5.088842 63.590702 42.228401
v -5.467717 63.611767 41.662708
v -5.699544 63.549168 41.054348
v -4.221952 63.283497 43.004940
v -4.757054 63.499779 42.596210
v -5.219157 63.597149 42.085056
v -5.560276 63.592300 41.502438
v -4.387064 63.346626 42.911068
v -4.907268 63.528767 42.470955
v -5.340001 63.595612 41.935650
v -5.640720 63.567066 41.339176
v -4.549603 63.399982 42.807766
v -5.050629 63.548676 42.337875
v -5.450509 63.586655 41.780968
v -5.708554 63.536797 41.173855
v -4.166535 63.207569 43.086128
v -4.708326 63.443661 42.695366
v -5.186064 63.559883 42.197586
v -5.549910 63.570889 41.621830
v -4.332521 63.275986 42.997429
v -4.862018 63.477844 42.574276
v -5.312574 63.562851 42.050758
v -5.637532 63.548977 41.459118
v -4.496678 63.334656 42.899094
v -5.009514 63.502800 42.444988
v -5.429242 63.558098 41.898136
v -5.712812 63.521633 41.293747
v -4.110895 63.127941 43.163502
v -4.000000 63.077419 43.210270
v -4.657747 63.383625 42.791409
v -5.149704 63.518867 42.308067
v -5.535237 63.546207 41.740517
v -5.775299 63.489601 41.126659
v -4.277287 63.201557 43.080116
v -4.814491 63.423031 42.674736
v -5.281544 63.526455 42.164154
v -5.629827 63.527813 41.578754
v -4.442602 63.265484 42.986927
v -4.965717 63.453087 42.549515
v -5.404066 63.526047 42.013954
v -5.712385 63.503597 41.413738
v -4.055295 63.044727 43.236942
v -4.000000 63.016880 43.260300
v -4.605565 63.319721 42.884163
v -5.110279 63.474083 42.416271
v -5.516385 63.518192 41.858231
v -5.782391 63.474285 41.246395
v -4.221626 63.123436 43.158997
v -4.764924 63.364353 42.772137
v -5.247093 63.486397 42.275597
v -5.617712 63.503494 41.697803
v -5.839438 63.440632 41.077690
v -4.387632 63.192551 43.071106
v -4.919461 63.399540 42.651245
v -5.375144 63.490463 42.128166
v -5.707354 63.482601 41.533546
v -4.552033 63.252010 42.973454
v -5.067998 63.425533 42.521965
v -5.493496 63.486794 41.974701
v -5.784725 63.456223 41.366360
v -4.165802 63.041733 43.233948
v -4.713562 63.301853 42.866291
v -5.209414 63.442657 42.384846
v -5.601303 63.475956 41.815994
v -5.849353 63.425087 41.197197
v -4.332033 63.115936 43.151497
v -4.870979 63.342190 42.749977
v -5.342651 63.451313 42.240517
v -5.697812 63.458576 41.652889
v -5.900878 63.389961 41.027020
v -4.497408 63.180561 43.059116
v -5.023081 63.373226 42.624931
v -5.466725 63.451965 42.089668
v -5.782373 63.435326 41.486271
v -4.110081 62.956562 43.304859
v -4.000000 62.955006 43.308670
v -4.000000 62.891846 43.355347
v -4.660654 63.235580 42.957024
v -5.168712 63.395233 42.491665
v -5.580735 63.445148 41.933056
v -5.854446 63.406921 41.317062
v -4.276067 63.035748 43.227962
v -4.820512 63.281071 42.845509
v -5.306775 63.408573 42.350758
v -5.683871 63.431454 41.771492
v -5.913601 63.374107 41.146221
v -4.441952 63.105453 43.141010
v -4.975756 63.317173 42.724957
v -5.436239 63.413666 42.202869
v -5.775421 63.411526 41.605839
v -4.054726 62.868053 43.371624
v -4.000000 62.827442 43.400299
v -4.606455 63.165607 43.044163
v -5.125200 63.344124 42.595825
v -5.556154 63.411015 42.048714
v -5.854777 63.386055 41.436996
v -4.220000 62.952091 43.300388
v -4.768305 63.216225 42.937664
v -5.267711 63.362228 42.458656
v -5.665654 63.401169 41.889076
v -5.921445 63.355770 41.265911
v -4.385927 63.026779 43.218994
v -4.926258 63.257408 42.821846
v -5.402217 63.371872 42.314060
v -5.763967 63.384743 41.724785
v -5.975041 63.321430 41.093540
v -4.551223 63.091999 43.127556
v -5.079101 63.289337 42.697121
v -5.527719 63.373516 42.162716
v -5.850423 63.362404 41.556717
v -4.164097 62.865089 43.368660
v -4.714611 63.147709 43.026268
v -5.225668 63.312275 42.563980
v -5.643299 63.367672 42.005371
v -5.924459 63.334858 41.385799
v -4.329597 62.944645 43.292942
v -4.874829 63.193966 42.915405
v -5.364849 63.326565 42.422993
v -5.748128 63.354923 41.842831
v -5.985624 63.302841 41.212978
v -4.495220 63.014843 43.207058
v -5.030644 63.230896 42.795338
v -5.495602 63.332615 42.274803
v -5.841475 63.335903 41.675941
v -6.033583 63.267124 41.039234
v -4.108621 62.774876 43.432690
v -4.000000 62.761848 43.443489
v -4.659684 63.075592 43.111153
v -5.180862 63.258720 42.666504
v -5.616957 63.330914 42.120117
v -5.922711 63.311291 41.505604
v -4.273227 62.859165 43.362736
v -4.821718 63.126896 43.005455
v -5.324337 63.277729 42.529434
v -5.728032 63.321999 41.959702
v -5.991317 63.281811 41.332752
v -4.438709 62.934238 43.282532
v -4.980069 63.168835 42.890278
v -5.459984 63.288296 42.384724
v -5.828037 63.306477 41.794384
v -6.046889 63.248211 41.158352
v -4.053835 62.681591 43.492386
v -4.000000 62.695107 43.484886
v -4.000000 62.627270 43.524460
v -4.603786 62.999954 43.192169
v -5.133518 63.201580 42.766018
v -5.586791 63.290859 42.233044
v -5.916280 63.284996 41.625034
v -4.217083 62.770462 43.428276
v -4.767178 63.056263 43.091824
v -5.280890 63.225372 42.633156
v -5.703822 63.285927 42.075130
v -5.992176 63.258255 41.452568
v -4.381956 62.850288 43.353859
v -4.927619 63.103199 42.981758
v -5.421062 63.240540 42.492241
v -5.810229 63.274067 41.911766
v -6.055252 63.226990 41.277935
v -4.547178 62.920883 43.269176
v -5.083870 63.140877 42.862316
v -5.552977 63.247478 42.343910
v -5.905262 63.255901 41.743809
v -6.105150 63.191963 41.102104
v -4.161428 62.678673 43.489471
v -4.711466 62.982136 43.174351
v -5.234728 63.169495 42.733936
v -5.675652 63.246662 42.188850
v -5.988272 63.232101 41.572140
v -4.325226 62.763115 43.420929
v -4.873545 63.034035 43.069595
v -5.379038 63.189335 42.597122
v -5.788186 63.238621 42.027824
v -6.058718 63.203377 41.397690
v -4.490125 62.838474 43.342045
v -5.032159 63.076649 42.955208
v -5.515701 63.200752 42.452457
v -5.889770 63.223942 41.861645
v -6.116171 63.170479 41.221424
v -4.106524 62.583946 43.546242
v -4.000000 62.558384 43.562183
v -4.654843 62.904598 43.252892
v -5.186081 63.110126 42.831566
v -5.643690 63.204174 42.300602
v -5.979692 63.203270 41.691177
v -6.160321 63.134178 41.044319
v -4.268783 62.672844 43.483643
v -4.818102 62.961414 43.153629
v -5.334126 63.134697 42.699135
v -5.762053 63.200092 42.142277
v -6.057347 63.177296 41.517334
v -4.432891 62.752846 43.410660
v -4.978631 63.008945 43.044506
v -5.475162 63.150669 42.558456
v -5.869925 63.189064 41.978268
v -6.122238 63.146740 41.341049
v -4.052629 62.486431 43.598522
v -4.000000 62.488503 43.598030
v -4.000000 62.417679 43.631969
v -4.597574 62.823738 43.327312
v -5.135184 63.047287 42.925846
v -5.608116 63.158436 42.410141
v -5.966537 63.171700 41.809402
v -6.173984 63.112362 41.163303
v -4.212891 62.579617 43.541916
v -4.761548 62.885410 43.233704
v -5.286551 63.076630 42.798069
v -5.731991 63.158443 42.254871
v -6.051216 63.148663 41.636570
v -4.375744 62.664112 43.474911
v -4.923537 62.937820 43.130035
v -5.431567 63.097229 42.661667
v -5.845869 63.151215 42.093403
v -6.123402 63.120659 41.460697
v -4.539922 62.739666 43.397480
v -5.082280 62.981026 43.016586
v -5.569121 63.109428 42.517216
v -5.948921 63.137329 41.926533
v -6.182643 63.088421 41.282734
v -4.157812 62.483582 43.595673
v -4.704146 62.806107 43.309677
v -5.236543 63.015160 42.893715
v -5.698171 63.113644 42.365349
v -6.040417 63.117416 41.755119
v -6.228606 63.052719 41.103661
v -4.318946 62.572411 43.534710
v -4.867135 62.863346 43.211643
v -5.385133 63.040436 42.761875
v -5.817750 63.110355 42.206783
v -6.119730 63.092159 41.580067
v -4.482153 62.652493 43.463291
v -5.027617 62.911388 43.103603
v -5.526906 63.057148 42.621590
v -5.926975 63.100105 42.042290
v -6.186340 63.062271 41.402313
v -4.103802 62.384892 43.644855
v -4.000000 62.345959 43.663979
v -4.646160 62.723598 43.381413
v -5.184340 62.950321 42.985878
v -5.660777 63.065674 42.473457
v -6.025056 63.083492 41.872696
v -6.239845 63.028507 41.222820
v -4.262762 62.477882 43.589973
v -4.809685 62.785599 43.289169
v -5.336088 62.980305 42.858864
v -5.785733 63.066448 42.318153
v -6.111303 63.061176 41.698875
v -6.279957 62.991642 41.042583
v -4.424533 62.562340 43.524639
v -4.971449 62.838440 43.186733
v -5.481682 63.001598 42.723038
v -5.900841 63.059978 42.156410
v -6.185133 63.033840 41.521748
v -4.051115 62.283722 43.689411
v -4.000000 62.273399 43.694031
v -4.000000 62.200054 43.722111
v -4.587855 62.637997 43.448795
v -5.130188 62.882156 43.074371
v -5.620004 63.014519 42.578960
v -6.005253 63.046833 41.989021
v -6.246070 63.002228 41.342266
v -4.207451 62.380676 43.640636
v -4.751449 62.704666 43.362480
v -5.284663 62.916874 42.952431
v -5.749996 63.019466 42.427254
v -6.098219 63.027637 41.816837
v -6.293760 62.967091 41.161404
v -4.367327 62.469345 43.581440
v -4.914035 62.762245 43.265816
v -5.433671 62.942783 42.821342
v -5.870675 63.016914 42.268620
v -6.179090 63.003052 41.640755
v -4.529497 62.549416 43.511715
v -5.074338 62.810722 43.159019
v -5.576056 62.960175 42.681618
v -5.981142 63.007389 42.103821
v -6.247328 62.973793 41.461700
v -4.153269 62.280956 43.686642
v -4.692694 62.620647 43.431446
v -5.231102 62.850170 43.042385
v -5.710724 62.969398 42.533836
v -6.080588 62.991486 41.933670
v -6.302504 62.940609 41.280647
v -4.310795 62.373657 43.633617
v -4.855636 62.682896 43.340706
v -5.383101 62.880733 42.916290
v -5.836646 62.970879 42.378666
v -6.168303 62.969837 41.759041
v -6.344308 62.904259 41.098572
v -4.471352 62.457985 43.570076
v -5.017044 62.736084 43.239658
v -5.529150 62.902649 42.781204
v -5.952871 62.965118 42.216820
v -6.243680 62.943138 41.580837
v -4.100470 62.178886 43.727943
v -4.000000 62.125973 43.748196
v -4.633684 62.533657 43.495956
v -5.175650 62.780243 43.128540
v -5.668118 62.916225 42.637669
v -6.058536 62.952663 42.049095
v -6.306225 62.912109 41.400017
v -4.255199 62.275421 43.681110
v -4.796516 62.600475 43.411274
v -5.330208 62.815472 43.007687
v -5.798934 62.921852 42.486290
v -6.152870 62.934132 41.876320
v -6.355558 62.877506 41.217545
v -4.413684 62.363842 43.623802
v -4.958567 62.658318 43.316132
v -5.479508 62.841953 42.877510
v -5.920601 62.919979 42.327766
v -6.235204 62.910183 41.699387
v -6.391417 62.840103 41.034416
v -4.049300 62.074657 43.764515
v -4.000000 62.051216 43.772263
v -4.574686 62.443813 43.555908
v -5.118560 62.707153 43.210724
v -5.622385 62.859955 42.738510
v -6.032201 62.911133 42.162834
v -6.304976 62.881516 41.519218
v -4.200793 62.174809 43.723866
v -4.736941 62.515091 43.477390
v -5.275236 62.747040 43.095337
v -5.757731 62.869816 42.591255
v -6.132908 62.895882 41.992313
v -6.361738 62.848869 41.336777
v -4.356754 62.267132 43.672817
v -4.899169 62.577503 43.388302
v -5.427361 62.778114 42.970329
v -5.884504 62.871952 42.436394
v -6.221992 62.874866 41.817051
v -6.405155 62.813011 41.153049
v -4.515965 62.351246 43.611210
v -5.060091 62.630970 43.288784
v -5.573744 62.800591 42.836151
v -6.001737 62.866844 42.274628
v -6.298824 62.848759 41.637962
v -4.147828 62.071987 43.761845
v -4.677176 62.426857 43.538948
v -5.218435 62.675495 43.179066
v -5.713239 62.814766 42.693325
v -6.108549 62.855038 42.106739
v -6.362890 62.818279 41.455982
v -4.300820 62.168011 43.717068
v -4.839116 62.493740 43.456039
v -5.372951 62.711166 43.059464
v -5.844765 62.821011 42.542454
v -6.204151 62.837128 41.933559
v -6.413785 62.784176 41.272083
v -4.457785 62.256096 43.661785
v -5.000503 62.551769 43.362564
v -5.522420 62.738152 42.930367
v -5.967308 62.819771 42.384212
v -6.287852 62.813770 41.755959
v -6.451222 62.747223 41.087261
v -4.096549 61.967140 43.795029
v -4.000000 61.975834 43.794296
v -4.000000 61.899879 43.814278
v -4.617490 62.335892 43.595852
v -5.160059 62.600895 43.258709
v -5.665670 62.756706 42.792263
v -6.079936 62.811550 42.219334
v -6.359071 62.785660 41.574863
v -4.246138 62.066647 43.756508
v -4.778673 62.407131 43.519226
v -5.316522 62.641155 43.144726
v -5.801579 62.767151 42.645710
v -6.181802 62.796913 42.048618
v -6.417336 62.753521 41.391224
v -4.400407 62.158512 43.707569
v -4.940060 62.469639 43.431934
v -5.468651 62.672672 43.020966
v -5.929090 62.769886 42.491329
v -6.272158 62.776489 41.872917
v -6.462288 62.718121 41.206028
v -4.047196 61.860455 43.823399
v -4.000000 61.823414 43.832199
v -4.558145 62.242332 43.648022
v -5.100368 62.523308 43.334106
v -5.615245 62.695648 42.887863
v -6.047225 62.765385 42.329826
v -6.350356 62.750938 41.693123
v -6.493692 62.680233 41.020271
v -4.192956 61.963215 43.791103
v -4.718108 62.317799 43.577759
v -5.258326 62.568130 43.225945
v -5.755151 62.710361 42.745922
v -6.155081 62.754177 42.161961
v -6.415856 62.720974 41.510174
v -4.344088 62.058651 43.748512
v -4.879027 62.384678 43.496769
v -5.412676 62.604183 43.107754
v -5.887274 62.717178 42.595734
v -6.251853 62.736851 41.988556
v -6.468234 62.687336 41.325039
v -4.499406 62.146320 43.695377
v -5.039624 62.442818 43.405117
v -5.562195 62.631611 42.979908
v -6.010585 62.716518 42.437958
v -6.336831 62.714050 41.810478
v -6.507178 62.650799 41.138706
v -4.141518 61.857899 43.820839
v -4.657685 62.225864 43.631550
v -5.198618 62.492165 43.302959
v -5.705699 62.650658 42.842873
v -6.124136 62.708878 42.273315
v -6.409410 62.686459 41.628643
v -4.289080 61.956688 43.784576
v -4.817671 62.296993 43.556953
v -5.354744 62.532734 43.190548
v -5.842057 62.661633 42.697193
v -6.227064 62.694813 42.102596
v -6.469095 62.654797 41.444000
v -4.441532 62.048008 43.737869
v -4.978090 62.359516 43.471611
v -5.506757 62.564632 43.068203
v -5.970200 62.664921 42.543480
v -6.318599 62.674934 41.926640
v -6.515509 62.619823 41.257526
v -4.092062 61.750889 43.845707
v -4.000000 61.746490 43.848042
v -4.000000 61.669167 43.861797
v -4.597672 62.131458 43.680515
v -5.137662 62.413322 43.375622
v -5.653447 62.588051 42.936344
v -6.089129 62.660976 42.382420
v -6.398074 62.649906 41.746334
v -6.548389 62.582310 41.070217
v -4.235633 61.852791 43.815731
v -4.756260 62.206707 43.612396
v -5.295110 62.458382 43.269176
v -5.793650 62.603252 42.795467
v -6.197931 62.650326 42.214767
v -6.464927 62.620422 41.562611
v -4.384780 61.947559 43.775448
v -4.916036 62.273506 43.533470
v -5.449175 62.494747 43.152561
v -5.926260 62.610580 42.646141
v -6.295778 62.633541 42.041325
v -6.518711 62.587227 41.376431
v -4.044815 61.642380 43.865711
v -4.000000 61.591499 43.873451
v -4.538328 62.034737 43.724594
v -5.075719 62.331696 43.443787
v -5.598627 62.522564 43.026134
v -6.050233 62.610455 42.489014
v -6.381942 62.611259 41.862961
v -6.559093 62.551079 41.188778
v -4.183988 61.747147 43.841969
v -4.695060 62.113949 43.663006
v -5.234030 62.381195 43.343491
v -5.742272 62.542049 42.890343
v -6.164607 62.603352 42.324795
v -6.455797 62.584152 41.680580
v -4.329402 61.845135 43.808075
v -4.853726 62.184898 43.590584
v -5.389700 62.422009 43.232807
v -5.878968 62.553497 42.745716
v -6.268500 62.589817 42.154259
v -6.516827 62.552937 41.495121
v -4.479915 61.935844 43.763733
v -5.013055 62.247372 43.507336
v -5.541479 62.454231 43.112045
v -6.007635 62.557289 42.592850
v -6.361123 62.570454 41.978237
v -6.564630 62.518364 41.307564
v -4.134378 61.639954 43.863281
v -4.634335 62.018848 43.708710
v -5.171768 62.301247 43.413342
v -5.688150 62.478039 42.981609
v -6.127258 62.553864 42.432419
v -6.441790 62.545910 41.797615
v -6.598920 62.481201 41.118904
v -4.275644 61.740921 43.835739
v -4.791429 62.093811 43.642868
v -5.328588 62.346478 43.308777
v -5.828540 62.493675 42.841969
v -6.236908 62.543724 42.265167
v -6.509916 62.516880 41.613308
v -4.422688 61.834946 43.797890
v -4.949938 62.160461 43.566151
v -5.482251 62.383102 43.193901
v -5.961529 62.501472 42.693687
v -6.335739 62.527443 42.091885
v -6.565033 62.484093 41.426277
v -4.087033 61.531403 43.879688
v -4.000000 61.513546 43.882999
v -4.574346 61.921562 43.749451
v -5.108588 62.218632 43.478592
v -5.631521 62.411247 43.069061
v -6.086063 62.501831 42.537392
v -6.423003 62.505642 41.913429
v -6.606784 62.448307 41.237507
v -4.223745 61.635101 43.858429
v -4.729410 62.000374 43.690235
v -5.266098 62.268223 43.380314
v -5.775196 62.431118 42.934689
v -6.201161 62.495224 42.373783
v -6.498053 62.478989 41.730694
v -6.634933 62.410297 41.048000
v -4.366895 61.732216 43.827038
v -4.886636 62.071075 43.620132
v -5.421196 62.309227 43.271523
v -5.912124 62.442997 42.791294
v -6.305926 62.482182 42.203625
v -6.560352 62.448193 41.544621
v -4.042171 61.421707 43.891205
v -4.000000 61.435360 43.890434
v -4.000000 61.357002 43.895748
v -4.515353 61.822239 43.785179
v -5.044756 62.133442 43.539127
v -5.572627 62.341717 43.152515
v -6.041211 62.447247 42.639462
v -6.399550 62.463295 42.027737
v -6.609475 62.413994 41.356178
v -4.173939 61.527866 43.876152
v -4.667934 61.904732 43.732620
v -5.202494 62.187325 43.447285
v -5.719168 62.365856 43.023670
v -6.161430 62.444290 42.479851
v -6.481327 62.439205 41.846989
v -6.645113 62.377159 41.166359
v -4.312783 61.627831 43.851162
v -4.823415 61.979340 43.669197
v -5.358569 62.232666 43.344757
v -5.859636 62.381878 42.885448
v -6.271834 62.434628 42.313187
v -6.550651 62.410595 41.662300
v -4.457609 61.721046 43.815868
v -4.980541 62.045784 43.594841
v -5.511717 62.269493 43.231792
v -5.992902 62.390099 42.738392
v -6.371560 62.418816 42.140259
v -6.607030 62.378189 41.474617
v -4.126450 61.419422 43.888920
v -4.607262 61.807030 43.769974
v -5.138041 62.103870 43.509560
v -5.660694 62.297916 43.108715
v -6.117897 62.390903 42.583118
v -6.459840 62.397465 41.961906
v -6.650086 62.342743 41.284927
v -4.260590 61.521980 43.870266
v -4.760541 61.885380 43.713268
v -5.294634 62.153496 43.413456
v -5.804292 62.318123 42.975937
v -6.233625 62.384750 42.420311
v -6.536008 62.371235 41.779018
v -6.679560 62.305023 41.094227
v -4.401362 61.618156 43.841488
v -4.916211 61.955772 43.645630
v -5.449047 62.194630 43.306725
v -5.941348 62.330387 42.833958
v -6.339172 62.372162 42.250721
v -6.599504 62.340824 41.592529
v -4.081495 61.309975 43.896767
v -4.157003 61.200001 43.895748
v -4.547650 61.707428 43.802250
v -5.073008 62.017963 43.567020
v -5.600020 62.227341 43.189636
v -6.070755 62.335045 42.683342
v -6.433713 62.353718 42.075161
v -6.649882 62.306973 41.403404
v -4.210544 61.414856 43.884357
v -4.698279 61.789345 43.752285
v -5.229656 62.071796 43.477482
v -5.746324 62.251762 43.062557
v -6.191475 62.332523 42.524738
v -6.516520 62.330051 41.894489
v -6.686809 62.270443 41.212627
v -4.346858 61.513752 43.862038
v -4.852033 61.863533 43.691425
v -5.384875 62.117195 43.377155
v -5.886768 62.268120 42.925934
v -6.302542 62.323299 42.358860
v -6.586968 62.301834 41.709618
v -6.710074 62.232010 41.021214
v -4.489353 61.606091 43.829422
v -5.007663 61.929710 43.619568
v -5.537398 62.154175 43.266266
v -6.020210 62.276718 42.780289
v -6.403078 62.307919 42.186478
v -6.644544 62.269783 41.521488
v -4.162870 61.306664 43.893459
v -4.235360 61.200001 43.890434
v -4.636888 61.691380 43.786201
v -5.163900 61.987659 43.536716
v -5.685975 62.182823 43.145123
v -6.145569 62.277927 42.626225
v -6.492294 62.286987 42.008427
v -6.688845 62.234650 41.331078
v -4.294329 61.408016 43.877518
v -4.788272 61.769207 43.732147
v -5.319466 62.037262 43.442951
v -5.829391 62.203320 43.014118
v -6.261836 62.272194 42.464409
v -6.569506 62.261150 41.825588
v -6.719588 62.197201 41.139389
v -4.432616 61.503193 43.851475
v -4.942274 61.839226 43.667118
v -5.473084 62.078480 43.338440
v -5.966475 62.215919 42.873734
v -6.368079 62.260025 42.295586
v -6.634131 62.231102 41.638889
v -4.576624 61.591652 43.814980
v -5.097636 61.901188 43.591049
v -5.623492 62.111351 43.223446
v -6.096107 62.220955 42.724525
v -6.463456 62.241993 42.120552
v -6.685701 62.197575 41.449280
v -4.244006 61.301151 43.887947
v -4.313545 61.200001 43.882999
v -4.725191 61.672928 43.767750
v -5.253084 61.954918 43.503975
v -5.769455 62.136013 43.098312
v -6.217235 62.218826 42.567120
v -6.547218 62.218716 41.940159
v -6.723861 62.161324 41.257751
v -4.377682 61.398914 43.868412
v -4.877108 61.746647 43.709587
v -5.407339 62.000320 43.406010
v -5.909774 62.152668 42.963463
v -6.328878 62.210003 42.402218
v -6.618721 62.190865 41.755306
v -6.748376 62.123127 41.065311
v -4.517740 61.490318 43.838600
v -5.031132 61.812492 43.640381
v -5.559130 62.037399 43.297363
v -6.043295 62.161602 42.819416
v -6.430141 62.195026 42.230583
v -6.677429 62.159145 41.566933
v -4.663050 61.574856 43.798187
v -5.185997 61.870251 43.560112
v -5.707204 62.066231 43.178326
v -6.168928 62.163177 42.666748
v -6.520219 62.174480 42.053036
v -6.722917 62.124306 41.376011
v -4.324784 61.293446 43.880241
v -4.391500 61.200001 43.873451
v -4.812430 61.652100 43.746918
v -5.340428 61.919781 43.468838
v -5.850339 62.086975 43.049274
v -6.285645 62.157825 42.506119
v -6.598403 62.149010 41.870449
v -6.754880 62.087105 41.183533
v -4.460481 61.387558 43.857059
v -4.964656 61.721695 43.684635
v -5.493147 61.961029 43.366718
v -5.987353 62.099873 42.910671
v -6.392502 62.146042 42.338257
v -6.664093 62.119297 41.683739
v -4.602105 61.475147 43.823433
v -5.118476 61.783371 43.611263
v -5.642889 61.994022 43.253983
v -6.117117 62.105240 42.763054
v -6.488636 62.128391 42.163948
v -6.716796 62.086071 41.493855
v -4.748503 61.555733 43.779064
v -5.272619 61.836945 43.526806
v -5.788411 62.018875 43.130970
v -6.238565 62.103466 42.607040
v -6.573283 62.105476 41.984035
v -6.756137 62.050079 41.301785
v -4.405086 61.283558 43.870354
v -4.469168 61.200001 43.861797
v -4.898476 61.628922 43.723740
v -5.425806 61.882309 43.431366
v -5.928507 62.035782 42.998081
v -6.350702 62.095016 42.443310
v -6.645775 62.077965 41.799408
v -6.781856 62.012096 41.108528
v -4.542604 61.373970 43.843468
v -5.050789 61.694393 43.657333
v -5.576764 61.919441 43.325127
v -6.062016 62.045013 42.855812
v -6.452615 62.080406 42.272621
v -6.705555 62.046555 41.610996
v -4.685585 61.457703 43.805988
v -5.204179 61.751907 43.579796
v -5.724236 61.948410 43.208370
v -6.187832 62.046921 42.704735
v -6.543480 62.060219 42.095779
v -6.752177 62.011982 41.419769
v -4.832857 61.534309 43.757641
v -5.357372 61.801315 43.491177
v -5.866992 61.969357 43.081448
v -6.304917 62.041916 42.545486
v -6.622571 62.035088 41.913647
v -6.785312 61.975010 41.226715
v -4.484792 61.271503 43.858299
v -4.546492 61.200001 43.848042
v -4.983204 61.603432 43.698250
v -5.509090 61.842548 43.391605
v -6.003844 61.982510 42.944809
v -6.412309 62.030491 42.378788
v -6.689264 62.005692 41.727135
v -6.804749 61.936417 41.032845
v -4.623930 61.358170 43.827667
v -5.135379 61.664776 43.627716
v -5.658066 61.875618 43.281307
v -6.133652 61.988174 42.798973
v -6.509128 62.013187 42.205406
v -6.743046 61.972744 41.537182
v -4.768059 61.438011 43.786293
v -5.288115 61.718143 43.546032
v -5.803052 61.900623 43.160587
v -6.255336 61.986729 42.644543
v -6.594590 61.990616 42.026173
v -6.783518 61.936993 41.344776
v -4.915988 61.510620 43.733952
v -5.440134 61.763420 43.453278
v -5.942834 61.917744 43.029839
v -6.367887 61.978615 42.482185
v -6.668009 61.963417 41.841976
v -6.810399 61.899204 41.150909
v -4.563787 61.257298 43.844093
v -4.623414 61.200001 43.832199
v -5.066489 61.575665 43.670483
v -5.590160 61.800564 43.349621
v -6.076241 61.927238 42.889538
v -6.470375 61.964344 42.312641
v -6.728806 61.932293 41.653736
v -4.704341 61.340172 43.809673
v -5.218304 61.632889 43.595833
v -5.736935 61.829628 43.235313
v -6.202157 61.929440 42.740238
v -6.561958 61.944492 42.136707
v -6.776512 61.897968 41.462410
v -4.849406 61.416100 43.764381
v -5.370161 61.682133 43.510021
v -5.879222 61.850739 43.110703
v -6.319530 61.924751 42.582565
v -6.641892 61.919674 41.955235
v -6.810774 61.861206 41.268990
v -4.997776 61.484695 43.708023
v -5.520782 61.723309 43.413166
v -6.015824 61.864117 42.976208
v -6.427381 61.913654 42.417225
v -6.709532 61.890568 41.769127
v -6.831361 61.822777 41.074478
v -4.641955 61.240963 43.827759
v -4.699880 61.200001 43.814278
v -5.148209 61.545662 43.640480
v -5.668897 61.756413 43.305470
v -6.145591 61.870045 42.832344
v -6.524815 61.896675 42.244972
v -6.764342 61.857876 41.579319
v -4.783718 61.320015 43.789513
v -5.299440 61.598782 43.561722
v -5.813255 61.781532 43.187218
v -6.267430 61.868889 42.679688
v -6.611029 61.874413 42.066628
v -6.805902 61.822346 41.386784
v -4.929507 61.391998 43.740284
v -5.450195 61.643925 43.471813
v -5.952634 61.798828 43.058792
v -6.380319 61.861084 42.518898
v -6.685317 61.847507 41.883068
v -6.833905 61.784737 41.192520
v -5.078099 61.456573 43.679901
v -5.599197 61.681042 43.370899
v -6.085855 61.808552 42.920643
v -6.483313 61.847126 42.350697
v -6.747078 61.816647 41.695206
v -4.719181 61.222523 43.809319
v -4.775832 61.200001 43.794296
v -5.228243 61.513466 43.608288
v -5.745183 61.710163 43.259220
v -6.211791 61.811016 42.773312
v -6.575550 61.827579 42.175877
v -6.795822 61.782555 41.503994
v -4.861945 61.297722 43.767220
v -4.851215 61.200001 43.772263
v -5.378669 61.562500 43.525444
v -5.886913 61.731407 43.137093
v -6.329375 61.806618 42.617413
v -6.656268 61.803055 41.995274
v -6.831174 61.745979 41.310417
v -5.008243 61.365749 43.714031
v -5.528101 61.603577 43.431465
v -6.023181 61.744968 43.004932
v -6.437615 61.795815 42.453629
v -6.724801 61.774216 41.809776
v -6.852877 61.707699 41.115482
v -5.156839 61.426296 43.649624
v -5.675266 61.636681 43.326542
v -6.152826 61.751129 42.863220
v -6.535599 61.779137 42.282707
v -6.780592 61.741764 41.620323
v -5.306475 61.479130 43.573948
v -5.818909 61.661880 43.210938
v -6.274745 61.750237 42.712536
v -6.622505 61.757160 42.105457
v -6.823199 61.706432 41.427876
v -4.938907 61.273323 43.742825
v -5.000054 61.200001 43.722111
v -4.925974 61.200001 43.748196
v -5.455875 61.524101 43.487045
v -5.957803 61.679321 43.085007
v -6.387902 61.742710 42.553509
v -6.697608 61.730526 41.922741
v -6.852292 61.668983 41.233425
v -5.085499 61.337383 43.685669
v -5.603765 61.561150 43.389038
v -6.090758 61.689240 42.949200
v -6.491334 61.729042 42.386856
v -6.760285 61.699909 41.735470
v -6.867662 61.630199 41.037987
v -5.233882 61.393909 43.617237
v -5.748876 61.590294 43.280155
v -6.216637 61.691936 42.804028
v -6.584165 61.709778 42.213348
v -6.810026 61.666027 41.544586
v -5.382789 61.442696 43.537518
v -5.889965 61.611633 43.160690
v -6.334362 61.687798 42.650093
v -6.665611 61.685524 42.033821
v -6.846432 61.629627 41.351067
v -5.014491 61.246861 43.716358
v -5.073400 61.200001 43.694031
v -5.530944 61.483639 43.446583
v -6.025818 61.625355 43.031044
v -6.442924 61.677269 42.488064
v -6.734989 61.656933 41.849148
v -6.869223 61.591476 41.155914
v -5.161163 61.306950 43.655231
v -5.217679 61.200001 43.631969
v -5.145960 61.200001 43.663979
v -5.677074 61.516705 43.344593
v -6.155267 61.631718 42.891678
v -6.541396 61.660862 42.318676
v -6.791719 61.624695 41.660255
v -5.309114 61.359459 43.582787
v -5.819920 61.541946 43.231808
v -6.277194 61.631058 42.743153
v -6.628938 61.639156 42.142727
v -6.835335 61.589550 41.468109
v -5.457074 61.404224 43.499046
v -5.958248 61.559502 43.108559
v -6.390551 61.623787 42.586086
v -6.704805 61.612770 41.961067
v -6.865488 61.552246 41.273689
v -5.088586 61.218372 43.687870
v -5.603766 61.441174 43.404114
v -6.090861 61.569588 42.975273
v -6.494360 61.610382 42.421181
v -6.768356 61.582378 41.774593
v -6.881943 61.513565 41.078003
v -5.235122 61.274487 43.622772
v -5.288504 61.200001 43.598030
v -5.747922 61.470306 43.298195
v -6.216612 61.572491 42.832451
v -6.587729 61.591377 42.249191
v -6.819055 61.548687 41.584248
v -5.382425 61.322994 43.546326
v -5.427269 61.200001 43.524460
v -5.358385 61.200001 43.562183
v -5.888292 61.491711 43.181572
v -6.334410 61.568584 42.680676
v -6.669853 61.567375 42.070946
v -6.856483 61.512444 41.390999
v -5.529221 61.363770 43.458591
v -6.023656 61.505558 43.054615
v -6.443233 61.558304 42.520603
v -6.740030 61.539009 41.887306
v -6.880338 61.474407 41.195850
v -5.674235 61.396767 43.359707
v -6.152835 61.512096 42.917786
v -6.542136 61.542152 42.352951
v -6.797660 61.506973 41.699192
v -5.307268 61.240044 43.588329
v -5.816205 61.422024 43.249912
v -6.274704 61.511646 42.771606
v -6.630263 61.520691 42.178505
v -6.842254 61.471992 41.507553
v -5.453707 61.284573 43.507904
v -5.495106 61.200001 43.484886
v -5.953893 61.439663 43.129520
v -6.388199 61.504608 42.616699
v -6.706850 61.494534 41.998108
v -6.873440 61.434818 41.313377
v -5.599123 61.321392 43.416210
v -5.627442 61.200001 43.400299
v -5.561847 61.200001 43.443489
v -6.086094 61.449886 42.998943
v -6.492328 61.491444 42.453739
v -6.771233 61.464348 41.812645
v -6.890960 61.396221 41.117664
v -5.742246 61.350483 43.313423
v -6.211650 61.452972 42.858658
v -6.586181 61.472679 42.283478
v -6.822858 61.430832 41.623051
v -5.881823 61.371925 43.199814
v -6.329458 61.449272 42.709236
v -6.668937 61.448902 42.106716
v -6.861282 61.394726 41.430286
v -5.522855 61.244251 43.467583
v -6.016626 61.385872 43.075733
v -6.438484 61.439220 42.551311
v -6.739873 61.420750 41.924320
v -6.886178 61.356792 41.235352
v -5.666678 61.277149 43.371967
v -5.691844 61.200001 43.355347
v -6.145471 61.392559 42.941616
v -6.537766 61.423298 42.385597
v -6.798368 61.388897 41.737190
v -6.897340 61.317810 41.039249
v -5.807700 61.302391 43.265335
v -5.816879 61.200001 43.260300
v -5.755005 61.200001 43.308670
v -6.267219 61.392296 42.797981
v -6.626431 61.402065 42.212860
v -6.843913 61.354065 41.546280
v -5.944678 61.320087 43.147976
v -6.380794 61.385464 42.645424
v -6.703695 61.376118 42.033932
v -6.876110 61.317001 41.352562
v -6.883000 61.200001 41.313545
v -6.873452 61.200001 41.391499
v -6.076400 61.330425 43.020287
v -6.485189 61.372520 42.484612
v -6.768876 61.346123 41.849693
v -6.894681 61.278481 41.157036
v -6.895747 61.200001 41.157001
v -6.890433 61.200001 41.235359
v -5.731787 61.231110 43.325928
v -6.201699 61.333668 42.882725
v -6.579480 61.353977 42.316273
v -6.821397 61.312767 41.661060
v -6.832200 61.200001 41.623413
v -6.814280 61.200001 41.699879
v -5.870502 61.252563 43.215504
v -5.936584 61.200001 43.158619
v -5.877420 61.200001 43.210270
v -6.319460 61.330158 42.735847
v -6.662825 61.330410 42.141209
v -6.860795 61.276783 41.468998
v -6.861797 61.200001 41.469170
v -6.848042 61.200001 41.546490
v -6.004680 61.266586 43.094475
v -6.050610 61.200001 43.050610
v -5.994328 61.200001 43.105389
v -6.428635 61.320312 42.580273
v -6.443488 61.200001 42.561848
v -6.400298 61.200001 42.627441
v -6.734484 61.302448 41.960262
v -6.748194 61.200001 41.925976
v -6.722112 61.200001 42.000053
v -6.886717 61.238934 41.274494
v -6.133127 61.273399 42.963257
v -6.158620 61.200001 42.936584
v -6.105387 61.200001 42.994328
v -6.528247 61.304604 42.416695
v -6.793815 61.270763 41.774334
v -6.794295 61.200001 41.775833
v -6.772261 61.200001 41.851215
v -6.254695 61.273296 42.822353
v -6.210270 61.200001 42.877419
v -6.260299 61.200001 42.816879
v -6.617407 61.283573 42.245872
v -6.631968 61.200001 42.217678
v -6.598030 61.200001 42.288506
v -6.840285 61.236065 41.584362
v -6.368297 61.266655 42.672340
v -6.355348 61.200001 42.691845
v -6.695312 61.257824 42.068623
v -6.694033 61.200001 42.073402
v -6.663978 61.200001 42.145958
v -6.061739 61.211498 43.039387
v -6.472911 61.253910 42.513870
v -6.524461 61.200001 42.427269
v -6.484886 61.200001 42.495106
v -6.761260 61.227997 41.885811
v -6.186722 61.214878 42.904736
v -6.567595 61.235569 42.347660
v -6.562185 61.200001 42.358383
v -6.304383 61.211536 42.760593
v -6.308670 61.200001 42.755005
v -6.651493 61.212196 42.174492
v 149.098938 61.200001 41.078529
v 149.098938 -40.000000 41.078529
v 149.095749 61.200001 41.157001
v 149.095749 -40.000000 41.157001
v 149.090439 61.200001 41.235359
v 149.090439 -40.000000 41.235359
v 149.082993 61.200001 41.313545
v 149.082993 -40.000000 41.313545
v 149.073456 -40.000000 41.391499
v 149.073456 61.200001 41.391499
v 149.061798 61.200001 41.469170
v 149.061798 -40.000000 41.469170
v 149.048050 61.200001 41.546490
v 149.048050 -40.000000 41.546490
v 149.032196 61.200001 41.623413
v 149.032196 -40.000000 41.623413
v 149.014282 61.200001 41.699879
v 149.014282 -40.000000 41.699879
v 148.994293 61.200001 41.775833
v 148.994293 -40.000000 41.775833
v 148.972260 61.200001 41.851215
v 148.972260 -40.000000 41.851215
v 148.948196 61.200001 41.925976
v 148.948196 -40.000000 41.925976
v 148.922119 -40.000000 42.000053
v 148.922119 61.200001 42.000053
v 148.894028 61.200001 42.073402
v 148.894028 -40.000000 42.073402
v 148.863983 61.200001 42.145958
v 148.863983 -40.000000 42.145958
v 148.831970 -40.000000 42.217678
v 148.831970 61.200001 42.217678
v 148.798035 -40.000000 42.288506
v 148.798035 61.200001 42.288506
v 148.762192 61.200001 42.358383
v 148.762192 -40.000000 42.358383
v 148.724457 61.200001 42.427269
v 148.724457 -40.000000 42.427269
v 148.684891 61.200001 42.495106
v 148.684891 -40.000000 42.495106
v 148.643494 61.200001 42.561848
v 148.643494 -40.000000 42.561848
v 148.600296 -40.000000 42.627441
v 148.600296 61.200001 42.627441
v 148.555344 61.200001 42.691845
v 148.555344 -40.000000 42.691845
v 148.508667 -40.000000 42.755005
v 148.508667 61.200001 42.755005
v 148.460297 -40.000000 42.816879
v 148.460297 61.200001 42.816879
v 148.410263 61.200001 42.877419
v 148.410263 -40.000000 42.877419
v 148.358627 61.200001 42.936584
v 148.358627 -40.000000 42.936584
v 148.305389 -40.000000 42.994328
v 148.305389 61.200001 42.994328
v 148.250610 61.200001 43.050610
v 148.250610 -40.000000 43.050610
v 148.194336 61.200001 43.105389
v 148.194336 -40.000000 43.105389
v 148.136581 -40.000000 43.158619
v 148.136581 61.200001 43.158619
v 148.077423 61.200001 43.210270
v 148.077423 -40.000000 43.210270
v 148.016876 -40.000000 43.260300
v 148.016876 61.200001 43.260300
v 147.955002 61.200001 43.308670
v 147.955002 -40.000000 43.308670
v 147.891846 61.200001 43.355347
v 147.891846 -40.000000 43.355347
v 147.827438 -40.000000 43.400299
v 147.827438 61.200001 43.400299
v 147.761841 -40.000000 43.443489
v 147.761841 61.200001 43.443489
v 147.695099 61.200001 43.484886
v 147.695099 -40.000000 43.484886
v 147.627274 61.200001 43.524460
v 147.627274 -40.000000 43.524460
v 147.558380 61.200001 43.562183
v 147.558380 -40.000000 43.562183
v 147.488510 61.200001 43.598030
v 147.488510 -40.000000 43.598030
v 147.417679 61.200001 43.631969
v 147.417679 -40.000000 43.631969
v 147.345963 61.200001 43.663979
v 147.345963 -40.000000 43.663979
v 147.273407 61.200001 43.694031
v 147.273407 -40.000000 43.694031
v 147.200058 61.200001 43.722111
v 147.200058 -40.000000 43.722111
v 147.125977 61.200001 43.748196
v 147.125977 -40.000000 43.748196
v 147.051208 61.200001 43.772263
v 147.051208 -40.000000 43.772263
v 146.975830 61.200001 43.794296
v 146.975830 -40.000000 43.794296
v 146.899887 61.200001 43.814278
v 146.899887 -40.000000 43.814278
v 146.823410 61.200001 43.832199
v 146.823410 -40.000000 43.832199
v 146.746490 61.200001 43.848042
v 146.746490 -40.000000 43.848042
v 146.669174 61.200001 43.861797
v 146.669174 -40.000000 43.861797
v 146.591507 61.200001 43.873451
v 146.591507 -40.000000 43.873451
v 146.513550 61.200001 43.882999
v 146.513550 -40.000000 43.882999
v 146.435364 61.200001 43.890434
v 146.435364 -40.000000 43.890434
v 146.357010 61.200001 43.895748
v 146.357010 -40.000000 43.895748
v 146.278534 61.200001 43.898937
v 146.278534 -40.000000 43.898937
v 146.199997 61.200001 43.900002
v 146.199997 -40.000000 43.900002
v -6.898937 -40.000000 41.078529
v -6.895747 -40.000000 41.157001
v -6.890433 -40.000000 41.235359
v -6.883000 -40.000000 41.313545
v -6.873452 -40.000000 41.391499
v -6.861797 -40.000000 41.469170
v -6.848042 -40.000000 41.546490
v -6.832200 -40.000000 41.623413
v -6.814280 -40.000000 41.699879
v -6.794295 -40.000000 41.775833
v -6.772261 -40.000000 41.851215
v -6.748194 -40.000000 41.925976
v -6.722112 -40.000000 42.000053
v -6.694033 -40.000000 42.073402
v -6.663978 -40.000000 42.145958
v -6.631968 -40.000000 42.217678
v -6.598030 -40.000000 42.288506
v -6.562185 -40.000000 42.358383
v -6.524461 -40.000000 42.427269
v -6.484886 -40.000000 42.495106
v -6.443488 -40.000000 42.561848
v -6.400298 -40.000000 42.627441
v -6.355348 -40.000000 42.691845
v -6.308670 -40.000000 42.755005
v -6.260299 -40.000000 42.816879
v -6.210270 -40.000000 42.877419
v -6.158620 -40.000000 42.936584
v -6.105387 -40.000000 42.994328
v -6.050610 -40.000000 43.050610
v -5.994328 -40.000000 43.105389
v -5.936584 -40.000000 43.158619
v -5.877420 -40.000000 43.210270
v -5.816879 -40.000000 43.260300
v -5.755005 -40.000000 43.308670
v -5.691844 -40.000000 43.355347
v -5.627442 -40.000000 43.400299
v -5.561847 -40.000000 43.443489
v -5.495106 -40.000000 43.484886
v -5.427269 -40.000000 43.524460
v -5.358385 -40.000000 43.562183
v -5.288504 -40.000000 43.598030
v -5.217679 -40.000000 43.631969
v -5.145960 -40.000000 43.663979
v -5.073400 -40.000000 43.694031
v -5.000054 -40.000000 43.722111
v -4.925974 -40.000000 43.748196
v -4.851215 -40.000000 43.772263
v -4.775832 -40.000000 43.794296
v -4.699880 -40.000000 43.814278
v -4.623414 -40.000000 43.832199
v -4.546492 -40.000000 43.848042
v -4.469168 -40.000000 43.861797
v -4.391500 -40.000000 43.873451
v -4.313545 -40.000000 43.882999
v -4.235360 -40.000000 43.890434
v -4.157003 -40.000000 43.895748
v -4.078530 -40.000000 43.898937
v -4.000000 -40.000000 43.900002
v 146.199997 -42.898937 41.078529
v 146.199997 -40.078529 43.898937
v 146.240753 -42.897594 41.110802
v 146.199997 -42.895748 41.157001
v 146.322205 -42.895390 41.108593
v 146.284332 -42.890350 41.220852
v 146.199997 -42.890434 41.235359
v 146.403473 -42.890976 41.104183
v 146.243530 -42.880569 41.332287
v 146.199997 -42.882999 41.313545
v 146.199997 -42.873451 41.391499
v 146.368530 -42.886925 41.217426
v 146.484451 -42.884365 41.097572
v 146.330505 -42.878212 41.329929
v 146.452484 -42.881218 41.211723
v 146.565002 -42.875568 41.088776
v 146.289612 -42.864799 41.441467
v 146.199997 -42.861797 41.469170
v 146.417297 -42.873501 41.325218
v 146.536072 -42.873245 41.203747
v 146.246033 -42.846642 41.551823
v 146.199997 -42.848042 41.546490
v 146.199997 -42.832199 41.623413
v 146.645020 -42.864594 41.077801
v 146.379089 -42.861160 41.437828
v 146.503784 -42.866444 41.318157
v 146.619156 -42.863014 41.193516
v 146.338043 -42.844147 41.549328
v 146.724380 -42.851463 41.064667
v 146.468307 -42.855099 41.431767
v 146.589813 -42.857048 41.308762
v 146.294373 -42.822437 41.659496
v 146.199997 -42.814278 41.699879
v 146.701630 -42.850540 41.181042
v 146.429855 -42.839165 41.544346
v 146.802979 -42.836189 41.049397
v 146.557144 -42.846626 41.423294
v 146.248276 -42.796009 41.768120
v 146.199997 -42.794296 41.775833
v 146.199997 -42.772263 41.851215
v 146.675262 -42.845329 41.297043
v 146.388611 -42.818604 41.655663
v 146.783371 -42.835842 41.166344
v 146.521332 -42.831696 41.536877
v 146.880692 -42.818798 41.032005
v 146.645447 -42.835751 41.412422
v 146.344772 -42.793392 41.765503
v 146.760025 -42.831303 41.283020
v 146.482574 -42.812222 41.649281
v 146.864258 -42.818939 41.149445
v 146.612335 -42.821758 41.526939
v 146.957413 -42.799316 41.012524
v 146.298584 -42.763515 41.873653
v 146.199997 -42.748196 41.925976
v 146.733093 -42.822495 41.399166
v 146.441055 -42.788166 41.760277
v 146.843964 -42.814991 41.266708
v 146.576111 -42.803299 41.640358
v 146.944168 -42.799862 41.130363
v 146.250244 -42.728966 41.979908
v 146.199997 -42.722111 42.000053
v 146.199997 -42.694031 42.073402
v 146.702728 -42.809361 41.514542
v 146.397018 -42.759510 41.869648
v 146.819946 -42.806877 41.383545
v 146.536987 -42.780334 41.752445
v 146.926956 -42.796421 41.248135
v 146.669113 -42.791847 41.628906
v 147.022980 -42.778629 41.109135
v 146.350662 -42.726246 41.977188
v 146.792374 -42.794525 41.499706
v 146.495163 -42.752842 41.862984
v 146.905899 -42.788914 41.365585
v 146.632431 -42.769913 41.742023
v 147.008881 -42.775616 41.227329
v 146.302216 -42.688374 42.082684
v 146.199997 -42.663979 42.145958
v 146.761414 -42.777889 41.614944
v 147.100586 -42.755283 41.085785
v 146.450851 -42.720806 41.971748
v 146.881165 -42.777275 41.482456
v 146.592880 -42.743523 41.853661
v 146.990829 -42.768639 41.345306
v 146.251907 -42.645908 42.185947
v 146.199997 -42.631969 42.217678
v 146.727234 -42.756912 41.729023
v 147.089615 -42.752605 41.204319
v 146.404266 -42.684219 42.078533
v 146.852890 -42.761436 41.598495
v 147.176880 -42.729847 41.060349
v 146.550674 -42.712654 41.963600
v 146.968948 -42.757629 41.462811
v 146.690018 -42.731560 41.841702
v 147.074585 -42.746078 41.322746
v 146.355652 -42.643097 42.183136
v 146.821259 -42.741352 41.713463
v 147.169052 -42.727425 41.179142
v 146.506027 -42.677307 42.071621
v 146.943405 -42.742523 41.579578
v 147.251724 -42.702366 41.032867
v 146.649994 -42.701809 41.952751
v 147.055603 -42.735622 41.440804
v 146.305237 -42.597454 42.285362
v 146.199997 -42.598030 42.288506
v 146.199997 -42.562183 42.358383
v 146.786438 -42.716976 41.827118
v 147.157059 -42.721264 41.297932
v 146.459167 -42.637478 42.177517
v 146.914368 -42.723259 41.695370
v 147.247070 -42.700111 41.151829
v 146.607346 -42.667645 42.061954
v 147.032837 -42.721169 41.558228
v 146.253265 -42.547325 42.385025
v 146.199997 -42.524460 42.427269
v 146.748642 -42.688282 41.939224
v 147.141006 -42.711281 41.416462
v 146.410324 -42.593178 42.281086
v 146.882004 -42.699795 41.809933
v 147.238129 -42.694237 41.270905
v 146.562302 -42.629059 42.169098
v 147.006439 -42.702656 41.674767
v 147.323532 -42.670708 41.122421
v 146.708054 -42.655243 42.049553
v 147.121048 -42.697407 41.534466
v 146.359741 -42.544437 42.382141
v 146.846481 -42.672089 41.923035
v 147.225037 -42.684650 41.389828
v 146.515106 -42.586060 42.273968
v 146.976562 -42.680035 41.790176
v 147.317673 -42.665031 41.241699
v 146.664917 -42.617851 42.157890
v 147.097321 -42.679577 41.651688
v 147.398361 -42.639252 41.090969
v 146.307648 -42.491295 42.480495
v 146.199997 -42.484886 42.495106
v 146.808029 -42.640121 42.034435
v 147.207901 -42.671276 41.508335
v 146.465973 -42.538673 42.376373
v 146.943375 -42.653263 41.904205
v 147.307556 -42.655758 41.360939
v 146.619415 -42.576111 42.264019
v 147.069977 -42.657730 41.767868
v 147.395584 -42.633694 41.210361
v 146.254318 -42.433792 42.575977
v 146.199997 -42.443489 42.561848
v 146.199997 -42.400299 42.627441
v 146.766830 -42.603874 42.143913
v 147.186890 -42.654049 41.626160
v 147.471436 -42.605793 41.057510
v 146.415146 -42.486919 42.476124
v 146.907104 -42.622307 42.016621
v 147.293289 -42.642811 41.479870
v 146.571808 -42.530033 42.367733
v 147.039185 -42.631824 41.882767
v 147.388443 -42.624653 41.329834
v 146.723114 -42.563343 42.251251
v 147.162109 -42.632912 41.743050
v 147.471725 -42.600269 41.176937
v 146.362885 -42.430851 42.573036
v 146.867920 -42.587147 42.127186
v 147.274994 -42.626118 41.598228
v 147.542633 -42.570381 41.022099
v 146.522324 -42.479641 42.468842
v 147.005142 -42.601822 41.996132
v 147.377060 -42.612057 41.449112
v 146.677109 -42.518532 42.356236
v 147.133759 -42.607803 41.858749
v 147.467590 -42.591381 41.296562
v 146.309433 -42.370514 42.666943
v 146.199997 -42.355347 42.691845
v 146.826050 -42.547775 42.235683
v 147.252838 -42.605614 41.715752
v 147.546021 -42.564804 41.141476
v 146.471207 -42.424969 42.567154
v 146.968033 -42.567696 42.107735
v 147.361542 -42.595818 41.567932
v 146.629028 -42.469460 42.458664
v 147.102005 -42.578693 41.973007
v 147.459106 -42.579052 41.416111
v 146.255051 -42.305977 42.757679
v 146.199997 -42.308670 42.755005
v 146.199997 -42.260300 42.816879
v 146.781693 -42.504189 42.341888
v 147.226959 -42.581242 41.832184
v 147.544876 -42.555992 41.261169
v 146.418701 -42.366066 42.662495
v 146.928055 -42.529430 42.217339
v 147.342026 -42.575878 41.686020
v 147.618332 -42.527355 41.104027
v 146.579132 -42.416161 42.558346
v 147.067017 -42.545544 42.085583
v 147.446381 -42.563198 41.535309
v 146.735107 -42.456398 42.445602
v 147.197525 -42.552959 41.947273
v 147.539307 -42.543850 41.380909
v 146.365067 -42.302994 42.754700
v 146.885437 -42.487022 42.324726
v 147.318665 -42.552177 41.803120
v 147.620193 -42.518532 41.223713
v 146.527649 -42.358665 42.655094
v 147.029007 -42.508339 42.196243
v 147.429535 -42.543751 41.653893
v 147.688553 -42.487976 41.064648
v 146.686493 -42.404430 42.546619
v 147.164719 -42.520729 42.060768
v 147.529388 -42.528305 41.500416
v 146.310562 -42.235821 42.843605
v 146.199997 -42.210270 42.877419
v 146.840393 -42.440475 42.429676
v 147.291595 -42.524658 41.918972
v 147.617538 -42.506504 41.343563
v 146.474854 -42.297035 42.748741
v 146.988174 -42.467060 42.304760
v 147.408707 -42.520645 41.771591
v 147.693420 -42.479061 41.184242
v 146.636124 -42.348320 42.644749
v 147.128723 -42.484524 42.172432
v 147.515244 -42.509277 41.619419
v 147.756592 -42.446724 41.023396
v 146.255463 -42.164627 42.929070
v 146.199997 -42.158619 42.936584
v 146.199997 -42.105389 42.994328
v 146.793152 -42.389805 42.531994
v 147.261017 -42.493286 42.033325
v 147.610443 -42.491188 41.463299
v 146.420975 -42.231331 42.839115
v 146.944748 -42.421711 42.410912
v 147.384064 -42.493832 41.888142
v 147.693680 -42.467068 41.304127
v 146.584229 -42.288105 42.739811
v 147.089752 -42.444328 42.282032
v 147.496994 -42.486702 41.737644
v 147.764465 -42.437637 41.142818
v 146.743942 -42.335041 42.631470
v 147.227097 -42.458031 42.145935
v 147.599014 -42.472507 41.582649
v 146.366287 -42.161625 42.926064
v 146.898926 -42.372303 42.514488
v 147.355759 -42.463257 42.003296
v 147.689423 -42.451904 41.424015
v 146.531052 -42.223850 42.831635
v 147.048004 -42.400135 42.389336
v 147.474792 -42.460522 41.854832
v 147.767639 -42.425594 41.262653
v 146.693039 -42.276222 42.727928
v 147.190018 -42.418861 42.256565
v 147.583374 -42.450390 41.701332
v 147.833206 -42.394318 41.099499
v 146.311050 -42.088009 43.009449
v 146.199997 -42.050610 43.050610
v 146.850983 -42.318855 42.615284
v 147.323944 -42.428890 42.116798
v 147.680725 -42.433495 41.543636
v 146.476883 -42.155621 42.920063
v 147.003693 -42.351948 42.494133
v 147.448792 -42.430683 41.970722
v 147.766220 -42.410511 41.382622
v 146.640656 -42.213398 42.821182
v 147.150009 -42.375778 42.364979
v 147.563660 -42.424778 41.819088
v 147.839294 -42.382149 41.219208
v 146.255539 -42.010578 43.089138
v 146.199997 -41.994328 43.105389
v 146.199997 -41.936584 43.158619
v 146.801117 -42.261398 42.713104
v 147.288849 -42.390701 42.228401
v 147.667725 -42.411766 41.662708
v 147.899551 -42.349171 41.054348
v 146.421951 -42.083496 43.004940
v 146.957062 -42.299778 42.596210
v 147.419159 -42.397148 42.085056
v 147.760269 -42.392300 41.502438
v 146.587067 -42.146626 42.911068
v 147.107269 -42.328766 42.470955
v 147.539993 -42.395611 41.935650
v 147.840714 -42.367065 41.339176
v 146.749603 -42.199982 42.807766
v 147.250626 -42.348675 42.337875
v 147.650513 -42.386654 41.780968
v 147.908554 -42.336796 41.173855
v 146.366531 -42.007568 43.086128
v 146.908325 -42.243660 42.695366
v 147.386063 -42.359882 42.197586
v 147.749908 -42.370888 41.621830
v 146.532516 -42.075985 42.997429
v 147.062012 -42.277847 42.574276
v 147.512573 -42.362850 42.050758
v 147.837540 -42.348980 41.459118
v 146.696686 -42.134655 42.899094
v 147.209518 -42.302799 42.444988
v 147.629242 -42.358097 41.898136
v 147.912811 -42.321636 41.293747
v 146.310898 -41.927940 43.163502
v 146.199997 -41.877419 43.210270
v 146.857742 -42.183624 42.791409
v 147.349701 -42.318867 42.308067
v 147.735229 -42.346207 41.740517
v 147.975296 -42.289600 41.126659
v 146.477295 -42.001556 43.080116
v 147.014496 -42.223030 42.674736
v 147.481537 -42.326454 42.164154
v 147.829834 -42.327812 41.578754
v 146.642609 -42.065483 42.986927
v 147.165710 -42.253086 42.549515
v 147.604065 -42.326046 42.013954
v 147.912384 -42.303596 41.413738
v 146.255295 -41.844730 43.236942
v 146.199997 -41.816879 43.260300
v 146.805557 -42.119724 42.884163
v 147.310272 -42.274086 42.416271
v 147.716385 -42.318192 41.858231
v 147.982391 -42.274284 41.246395
v 146.421631 -41.923439 43.158997
v 146.964920 -42.164352 42.772137
v 147.447098 -42.286396 42.275597
v 147.817719 -42.303493 41.697803
v 148.039444 -42.240631 41.077690
v 146.587631 -41.992550 43.071106
v 147.119461 -42.199539 42.651245
v 147.575150 -42.290462 42.128166
v 147.907349 -42.282604 41.533546
v 146.752029 -42.052010 42.973454
v 147.268005 -42.225536 42.521965
v 147.693497 -42.286793 41.974701
v 147.984726 -42.256222 41.366360
v 146.365799 -41.841732 43.233948
v 146.913559 -42.101852 42.866291
v 147.409409 -42.242661 42.384846
v 147.801300 -42.275955 41.815994
v 148.049347 -42.225086 41.197197
v 146.532028 -41.915936 43.151497
v 147.070984 -42.142189 42.749977
v 147.542648 -42.251312 42.240517
v 147.897812 -42.258575 41.652889
v 148.100876 -42.189960 41.027020
v 146.697403 -41.980560 43.059116
v 147.223083 -42.173225 42.624931
v 147.666733 -42.251965 42.089668
v 147.982376 -42.235329 41.486271
v 146.310074 -41.756561 43.304859
v 146.199997 -41.755005 43.308670
v 146.199997 -41.691845 43.355347
v 146.860657 -42.035583 42.957024
v 147.368713 -42.195232 42.491665
v 147.780731 -42.245148 41.933056
v 148.054443 -42.206921 41.317062
v 146.476074 -41.835747 43.227962
v 147.020508 -42.081070 42.845509
v 147.506775 -42.208572 42.350758
v 147.883865 -42.231453 41.771492
v 148.113602 -42.174110 41.146221
v 146.641953 -41.905453 43.141010
v 147.175751 -42.117172 42.724957
v 147.636246 -42.213669 42.202869
v 147.975418 -42.211525 41.605839
v 146.254730 -41.668053 43.371624
v 146.199997 -41.627441 43.400299
v 146.806458 -41.965607 43.044163
v 147.325195 -42.144123 42.595825
v 147.756149 -42.211014 42.048714
v 148.054779 -42.186054 41.436996
v 146.419998 -41.752090 43.300388
v 146.968307 -42.016224 42.937664
v 147.467712 -42.162228 42.458656
v 147.865646 -42.201168 41.889076
v 148.121445 -42.155769 41.265911
v 146.585922 -41.826778 43.218994
v 147.126251 -42.057407 42.821846
v 147.602219 -42.171875 42.314060
v 147.963974 -42.184746 41.724785
v 148.175049 -42.121429 41.093540
v 146.751221 -41.891998 43.127556
v 147.279099 -42.089336 42.697121
v 147.727722 -42.173515 42.162716
v 148.050430 -42.162407 41.556717
v 146.364090 -41.665089 43.368660
v 146.914612 -41.947708 43.026268
v 147.425674 -42.112274 42.563980
v 147.843292 -42.167671 42.005371
v 148.124466 -42.134857 41.385799
v 146.529602 -41.744644 43.292942
v 147.074829 -41.993965 42.915405
v 147.564850 -42.126564 42.422993
v 147.948135 -42.154922 41.842831
v 148.185623 -42.102840 41.212978
v 146.695221 -41.814842 43.207058
v 147.230652 -42.030895 42.795338
v 147.695602 -42.132618 42.274803
v 148.041473 -42.135902 41.675941
v 148.233582 -42.067123 41.039234
v 146.308624 -41.574875 43.432690
v 146.199997 -41.561848 43.443489
v 146.859680 -41.875591 43.111153
v 147.380859 -42.058720 42.666504
v 147.816956 -42.130913 42.120117
v 148.122711 -42.111290 41.505604
v 146.473221 -41.659164 43.362736
v 147.021713 -41.926895 43.005455
v 147.524338 -42.077732 42.529434
v 147.928040 -42.121998 41.959702
v 148.191315 -42.081810 41.332752
v 146.638702 -41.734238 43.282532
v 147.180069 -41.968838 42.890278
v 147.659988 -42.088295 42.384724
v 148.028030 -42.106476 41.794384
v 148.246887 -42.048210 41.158352
v 146.253830 -41.481590 43.492386
v 146.199997 -41.495106 43.484886
v 146.199997 -41.427269 43.524460
v 146.803787 -41.799953 43.192169
v 147.333511 -42.001579 42.766018
v 147.786789 -42.090858 42.233044
v 148.116287 -42.084995 41.625034
v 146.417084 -41.570461 43.428276
v 146.967178 -41.856262 43.091824
v 147.480896 -42.025372 42.633156
v 147.903824 -42.085926 42.075130
v 148.192169 -42.058254 41.452568
v 146.581955 -41.650288 43.353859
v 147.127625 -41.903198 42.981758
v 147.621063 -42.040539 42.492241
v 148.010223 -42.074066 41.911766
v 148.255249 -42.026989 41.277935
v 146.747177 -41.720882 43.269176
v 147.283875 -41.940876 42.862316
v 147.752975 -42.047482 42.343910
v 148.105255 -42.055901 41.743809
v 148.305145 -41.991962 41.102104
v 146.361435 -41.478672 43.489471
v 146.911469 -41.782135 43.174351
v 147.434723 -41.969494 42.733936
v 147.875656 -42.046661 42.188850
v 148.188278 -42.032101 41.572140
v 146.525223 -41.563114 43.420929
v 147.073547 -41.834038 43.069595
v 147.579041 -41.989338 42.597122
v 147.988190 -42.038620 42.027824
v 148.258713 -42.003380 41.397690
v 146.690125 -41.638474 43.342045
v 147.232162 -41.876648 42.955208
v 147.715698 -42.000755 42.452457
v 148.089767 -42.023941 41.861645
v 148.316177 -41.970482 41.221424
v 146.306519 -41.383945 43.546242
v 146.199997 -41.358383 43.562183
v 146.854843 -41.704597 43.252892
v 147.386078 -41.910126 42.831566
v 147.843689 -42.004173 42.300602
v 148.179688 -42.003269 41.691177
v 148.360321 -41.934177 41.044319
v 146.468781 -41.472847 43.483643
v 147.018097 -41.761414 43.153629
v 147.534134 -41.934696 42.699135
v 147.962051 -42.000092 42.142277
v 148.257339 -41.977295 41.517334
v 146.632889 -41.552845 43.410660
v 147.178635 -41.808945 43.044506
v 147.675156 -41.950672 42.558456
v 148.069931 -41.989063 41.978268
v 148.322235 -41.946739 41.341049
v 146.252625 -41.286430 43.598522
v 146.199997 -41.288506 43.598030
v 146.199997 -41.217678 43.631969
v 146.797577 -41.623741 43.327312
v 147.335190 -41.847286 42.925846
v 147.808121 -41.958435 42.410141
v 148.166534 -41.971699 41.809402
v 148.373978 -41.912361 41.163303
v 146.412888 -41.379616 43.541916
v 146.961548 -41.685410 43.233704
v 147.486557 -41.876629 42.798069
v 147.931992 -41.958443 42.254871
v 148.251221 -41.948662 41.636570
v 146.575745 -41.464115 43.474911
v 147.123535 -41.737820 43.130035
v 147.631561 -41.897228 42.661667
v 148.045868 -41.951214 42.093403
v 148.323395 -41.920658 41.460697
v 146.739929 -41.539665 43.397480
v 147.282272 -41.781025 43.016586
v 147.769119 -41.909431 42.517216
v 148.148926 -41.937328 41.926533
v 148.382645 -41.888420 41.282734
v 146.357819 -41.283581 43.595673
v 146.904144 -41.606106 43.309677
v 147.436539 -41.815159 42.893715
v 147.898178 -41.913647 42.365349
v 148.240417 -41.917419 41.755119
v 148.428604 -41.852718 41.103661
v 146.518951 -41.372414 43.534710
v 147.067139 -41.663345 43.211643
v 147.585129 -41.840435 42.761875
v 148.017746 -41.910355 42.206783
v 148.319733 -41.892159 41.580067
v 146.682159 -41.452492 43.463291
v 147.227615 -41.711388 43.103603
v 147.726898 -41.857151 42.621590
v 148.126968 -41.900105 42.042290
v 148.386337 -41.862274 41.402313
v 146.303802 -41.184895 43.644855
v 146.199997 -41.145958 43.663979
v 146.846161 -41.523598 43.381413
v 147.384338 -41.750320 42.985878
v 147.860779 -41.865673 42.473457
v 148.225052 -41.883495 41.872696
v 148.439850 -41.828510 41.222820
v 146.462769 -41.277882 43.589973
v 147.009689 -41.585598 43.289169
v 147.536087 -41.780308 42.858864
v 147.985733 -41.866447 42.318153
v 148.311310 -41.861176 41.698875
v 148.479950 -41.791641 41.042583
v 146.624527 -41.362339 43.524639
v 147.171448 -41.638439 43.186733
v 147.681686 -41.801598 42.723038
v 148.100845 -41.859978 42.156410
v 148.385132 -41.833843 41.521748
v 146.251114 -41.083725 43.689411
v 146.199997 -41.073402 43.694031
v 146.199997 -41.000053 43.722111
v 146.787857 -41.437996 43.448795
v 147.330185 -41.682156 43.074371
v 147.820007 -41.814518 42.578960
v 148.205246 -41.846836 41.989021
v 148.446075 -41.802227 41.342266
v 146.407455 -41.180676 43.640636
v 146.951447 -41.504665 43.362480
v 147.484665 -41.716873 42.952431
v 147.949997 -41.819469 42.427254
v 148.298218 -41.827637 41.816837
v 148.493759 -41.767090 41.161404
v 146.567322 -41.269348 43.581440
v 147.114029 -41.562244 43.265816
v 147.633667 -41.742786 42.821342
v 148.070679 -41.816914 42.268620
v 148.379089 -41.803051 41.640755
v 146.729492 -41.349415 43.511715
v 147.274338 -41.610725 43.159019
v 147.776062 -41.760174 42.681618
v 148.181137 -41.807388 42.103821
v 148.447327 -41.773796 41.461700
v 146.353271 -41.080956 43.686642
v 146.892700 -41.420650 43.431446
v 147.431107 -41.650169 43.042385
v 147.910721 -41.769398 42.533836
v 148.280594 -41.791485 41.933670
v 148.502502 -41.740608 41.280647
v 146.510788 -41.173656 43.633617
v 147.055634 -41.482895 43.340706
v 147.583099 -41.680733 42.916290
v 148.036652 -41.770882 42.378666
v 148.368301 -41.769836 41.759041
v 148.544312 -41.704258 41.098572
v 146.671356 -41.257984 43.570076
v 147.217041 -41.536087 43.239658
v 147.729156 -41.702648 42.781204
v 148.152878 -41.765118 42.216820
v 148.443680 -41.743137 41.580837
v 146.300476 -40.978889 43.727943
v 146.199997 -40.925976 43.748196
v 146.833679 -41.333660 43.495956
v 147.375656 -41.580242 43.128540
v 147.868118 -41.716225 42.637669
v 148.258530 -41.752663 42.049095
v 148.506226 -41.712109 41.400017
v 146.455200 -41.075420 43.681110
v 146.996521 -41.400475 43.411274
v 147.530212 -41.615471 43.007687
v 147.998932 -41.721851 42.486290
v 148.352875 -41.734135 41.876320
v 148.555557 -41.677505 41.217545
v 146.613678 -41.163841 43.623802
v 147.158569 -41.458317 43.316132
v 147.679504 -41.641953 42.877510
v 148.120605 -41.719982 42.327766
v 148.435211 -41.710182 41.699387
v 148.591415 -41.640106 41.034416
v 146.249298 -40.874657 43.764515
v 146.199997 -40.851215 43.772263
v 146.774689 -41.243816 43.555908
v 147.318558 -41.507156 43.210724
v 147.822388 -41.659954 42.738510
v 148.232208 -41.711132 42.162834
v 148.504974 -41.681515 41.519218
v 146.400787 -40.974808 43.723866
v 146.936935 -41.315090 43.477390
v 147.475235 -41.547043 43.095337
v 147.957733 -41.669815 42.591255
v 148.332901 -41.695885 41.992313
v 148.561737 -41.648872 41.336777
v 146.556747 -41.067131 43.672817
v 147.099167 -41.377502 43.388302
v 147.627365 -41.578114 42.970329
v 148.084503 -41.671951 42.436394
v 148.421997 -41.674866 41.817051
v 148.605148 -41.613010 41.153049
v 146.715973 -41.151249 43.611210
v 147.260086 -41.430969 43.288784
v 147.773743 -41.600590 42.836151
v 148.201736 -41.666843 42.274628
v 148.498825 -41.648762 41.637962
v 146.347824 -40.871986 43.761845
v 146.877182 -41.226856 43.538948
v 147.418442 -41.475494 43.179066
v 147.913239 -41.614765 42.693325
v 148.308548 -41.655037 42.106739
v 148.562897 -41.618282 41.455982
v 146.500824 -40.968010 43.717068
v 147.039124 -41.293739 43.456039
v 147.572952 -41.511166 43.059464
v 148.044769 -41.621014 42.542454
v 148.404144 -41.637127 41.933559
v 148.613785 -41.584175 41.272083
v 146.657791 -41.056095 43.661785
v 147.200500 -41.351768 43.362564
v 147.722427 -41.538155 42.930367
v 148.167313 -41.619770 42.384212
v 148.487854 -41.613773 41.755959
v 148.651230 -41.547222 41.087261
v 146.296555 -40.767139 43.795029
v 146.199997 -40.775833 43.794296
v 146.199997 -40.699879 43.814278
v 146.817490 -41.135891 43.595852
v 147.360062 -41.400894 43.258709
v 147.865677 -41.556705 42.792263
v 148.279938 -41.611549 42.219334
v 148.559067 -41.585659 41.574863
v 146.446136 -40.866650 43.756508
v 146.978668 -41.207134 43.519226
v 147.516525 -41.441154 43.144726
v 148.001572 -41.567150 42.645710
v 148.381805 -41.596916 42.048618
v 148.617340 -41.553524 41.391224
v 146.600403 -40.958511 43.707569
v 147.140060 -41.269638 43.431934
v 147.668655 -41.472672 43.020966
v 148.129089 -41.569889 42.491329
v 148.472153 -41.576488 41.872917
v 148.662292 -41.518120 41.206028
v 146.247192 -40.660454 43.823399
v 146.199997 -40.623413 43.832199
v 146.758148 -41.042332 43.648022
v 147.300369 -41.323307 43.334106
v 147.815247 -41.495647 42.887863
v 148.247223 -41.565388 42.329826
v 148.550354 -41.550938 41.693123
v 148.693695 -41.480232 41.020271
v 146.392960 -40.763218 43.791103
v 146.918106 -41.117798 43.577759
v 147.458328 -41.368130 43.225945
v 147.955154 -41.510365 42.745922
v 148.355087 -41.554176 42.161961
v 148.615860 -41.520973 41.510174
v 146.544083 -40.858654 43.748512
v 147.079025 -41.184677 43.496769
v 147.612671 -41.404182 43.107754
v 148.087280 -41.517178 42.595734
v 148.451859 -41.536854 41.988556
v 148.668228 -41.487339 41.325039
v 146.699402 -40.946323 43.695377
v 147.239624 -41.242817 43.405117
v 147.762192 -41.431610 42.979908
v 148.210587 -41.516518 42.437958
v 148.536835 -41.514050 41.810478
v 148.707184 -41.450798 41.138706
v 146.341522 -40.657898 43.820839
v 146.857681 -41.025864 43.631550
v 147.398621 -41.292164 43.302959
v 147.905701 -41.450657 42.842873
v 148.324142 -41.508877 42.273315
v 148.609406 -41.486458 41.628643
v 146.489075 -40.756687 43.784576
v 147.017670 -41.096992 43.556953
v 147.554749 -41.332733 43.190548
v 148.042053 -41.461632 42.697193
v 148.427063 -41.494812 42.102596
v 148.669098 -41.454796 41.444000
v 146.641525 -40.848011 43.737869
v 147.178085 -41.159519 43.471611
v 147.706757 -41.364632 43.068203
v 148.170197 -41.464920 42.543480
v 148.518600 -41.474937 41.926640
v 148.715515 -41.419823 41.257526
v 146.292068 -40.550888 43.845707
v 146.199997 -40.546490 43.848042
v 146.199997 -40.469170 43.861797
v 146.797668 -40.931461 43.680515
v 147.337662 -41.213322 43.375622
v 147.853439 -41.388050 42.936344
v 148.289124 -41.460979 42.382420
v 148.598068 -41.449905 41.746334
v 148.748383 -41.382309 41.070217
v 146.435638 -40.652790 43.815731
v 146.956253 -41.006706 43.612396
v 147.495117 -41.258381 43.269176
v 147.993652 -41.403252 42.795467
v 148.397934 -41.450325 42.214767
v 148.664932 -41.420425 41.562611
v 146.584778 -40.747559 43.775448
v 147.116043 -41.073505 43.533470
v 147.649170 -41.294746 43.152561
v 148.126266 -41.410583 42.646141
v 148.495773 -41.433540 42.041325
v 148.718704 -41.387226 41.376431
v 146.244812 -40.442379 43.865711
v 146.199997 -40.391499 43.873451
v 146.738327 -40.834736 43.724594
v 147.275711 -41.131695 43.443787
v 147.798630 -41.322563 43.026134
v 148.250229 -41.410454 42.489014
v 148.581940 -41.411259 41.862961
v 148.759094 -41.351078 41.188778
v 146.383987 -40.547146 43.841969
v 146.895065 -40.913948 43.663006
v 147.434036 -41.181194 43.343491
v 147.942276 -41.342049 42.890343
v 148.364609 -41.403351 42.324795
v 148.655792 -41.384151 41.680580
v 146.529404 -40.645134 43.808075
v 147.053726 -40.984898 43.590584
v 147.589706 -41.222008 43.232807
v 148.078964 -41.353500 42.745716
v 148.468506 -41.389820 42.154259
v 148.716827 -41.352936 41.495121
v 146.679916 -40.735844 43.763733
v 147.213058 -41.047375 43.507336
v 147.741486 -41.254234 43.112045
v 148.207642 -41.357288 42.592850
v 148.561127 -41.370453 41.978237
v 148.764633 -41.318363 41.307564
v 146.334381 -40.439953 43.863281
v 146.834335 -40.818848 43.708710
v 147.371765 -41.101250 43.413342
v 147.888153 -41.278038 42.981609
v 148.327255 -41.353863 42.432419
v 148.641785 -41.345909 41.797615
v 148.798920 -41.281200 41.118904
v 146.475647 -40.540920 43.835739
v 146.991425 -40.893810 43.642868
v 147.528595 -41.146477 43.308777
v 148.028534 -41.293674 42.841969
v 148.436905 -41.343723 42.265167
v 148.709915 -41.316879 41.613308
v 146.622681 -40.634945 43.797890
v 147.149933 -40.960464 43.566151
v 147.682251 -41.183102 43.193901
v 148.161530 -41.301472 42.693687
v 148.535736 -41.327446 42.091885
v 148.765030 -41.284092 41.426277
v 146.287033 -40.331402 43.879688
v 146.199997 -40.313545 43.882999
v 146.774353 -40.721561 43.749451
v 147.308594 -41.018631 43.478592
v 147.831528 -41.211246 43.069061
v 148.286057 -41.301830 42.537392
v 148.623001 -41.305645 41.913429
v 148.806778 -41.248306 41.237507
v 146.423752 -40.435101 43.858429
v 146.929413 -40.800373 43.690235
v 147.466095 -41.068222 43.380314
v 147.975189 -41.231117 42.934689
v 148.401169 -41.295223 42.373783
v 148.698059 -41.278992 41.730694
v 148.834930 -41.210297 41.048000
v 146.566895 -40.532215 43.827038
v 147.086639 -40.871078 43.620132
v 147.621201 -41.109226 43.271523
v 148.112122 -41.243000 42.791294
v 148.505920 -41.282185 42.203625
v 148.760345 -41.248192 41.544621
v 146.242172 -40.221706 43.891205
v 146.199997 -40.235359 43.890434
v 146.199997 -40.157001 43.895748
v 146.715347 -40.622238 43.785179
v 147.244751 -40.933441 43.539127
v 147.772629 -41.141720 43.152515
v 148.241211 -41.247246 42.639462
v 148.599548 -41.263294 42.027737
v 148.809479 -41.213993 41.356178
v 146.373932 -40.327866 43.876152
v 146.867935 -40.704731 43.732620
v 147.402496 -40.987324 43.447285
v 147.919174 -41.165855 43.023670
v 148.361435 -41.244289 42.479851
v 148.681320 -41.239204 41.846989
v 148.845108 -41.177158 41.166359
v 146.512787 -40.427834 43.851162
v 147.023422 -40.779339 43.669197
v 147.558563 -41.032665 43.344757
v 148.059631 -41.181877 42.885448
v 148.471832 -41.234631 42.313187
v 148.750656 -41.210594 41.662300
v 146.657608 -40.521046 43.815868
v 147.180542 -40.845783 43.594841
v 147.711716 -41.069492 43.231792
v 148.192902 -41.190098 42.738392
v 148.571564 -41.218815 42.140259
v 148.807037 -41.178188 41.474617
v 146.326447 -40.219421 43.888920
v 146.807266 -40.607029 43.769974
v 147.338043 -40.903870 43.509560
v 147.860687 -41.097916 43.108715
v 148.317902 -41.190903 42.583118
v 148.659836 -41.197464 41.961906
v 148.850082 -41.142742 41.284927
v 146.460587 -40.321980 43.870266
v 146.960541 -40.685379 43.713268
v 147.494629 -40.953495 43.413456
v 148.004288 -41.118122 42.975937
v 148.433624 -41.184750 42.420311
v 148.736008 -41.171234 41.779018
v 148.879562 -41.105022 41.094227
v 146.601364 -40.418156 43.841488
v 147.116211 -40.755772 43.645630
v 147.649048 -40.994629 43.306725
v 148.141342 -41.130386 42.833958
v 148.539169 -41.172165 42.250721
v 148.799500 -41.140827 41.592529
v 146.281494 -40.109974 43.896767
v 146.747650 -40.507427 43.802250
v 147.273010 -40.817963 43.567020
v 147.800018 -41.027340 43.189636
v 148.270752 -41.135048 42.683342
v 148.633713 -41.153721 42.075161
v 148.849884 -41.106976 41.403404
v 146.410538 -40.214859 43.884357
v 146.898285 -40.589344 43.752285
v 147.429657 -40.871796 43.477482
v 147.946320 -41.051762 43.062557
v 148.391479 -41.132523 42.524738
v 148.716522 -41.130051 41.894489
v 148.886810 -41.070442 41.212627
v 146.546860 -40.313751 43.862038
v 147.052032 -40.663536 43.691425
v 147.584869 -40.917194 43.377155
v 148.086761 -41.068123 42.925934
v 148.502548 -41.123299 42.358860
v 148.786972 -41.101833 41.709618
v 148.910080 -41.032009 41.021214
v 146.689346 -40.406090 43.829422
v 147.207657 -40.729710 43.619568
v 147.737396 -40.954174 43.266266
v 148.220215 -41.076717 42.780289
v 148.603073 -41.107922 42.186478
v 148.844543 -41.069786 41.521488
v 146.362869 -40.106663 43.893459
v 146.836884 -40.491383 43.786201
v 147.363907 -40.787659 43.536716
v 147.885971 -40.982822 43.145123
v 148.345566 -41.077927 42.626225
v 148.692291 -41.086987 42.008427
v 148.888840 -41.034649 41.331078
v 146.494324 -40.208019 43.877518
v 146.988266 -40.569206 43.732147
v 147.519470 -40.837261 43.442951
v 148.029388 -41.003323 43.014118
v 148.461838 -41.072193 42.464409
v 148.769501 -41.061150 41.825588
v 148.919586 -40.997200 41.139389
v 146.632614 -40.303192 43.851475
v 147.142273 -40.639229 43.667118
v 147.673080 -40.878479 43.338440
v 148.166473 -41.015923 42.873734
v 148.568085 -41.060028 42.295586
v 148.834137 -41.031101 41.638889
v 146.776627 -40.391651 43.814980
v 147.297638 -40.701187 43.591049
v 147.823486 -40.911354 43.223446
v 148.296112 -41.020954 42.724525
v 148.663452 -41.041992 42.120552
v 148.885696 -40.997574 41.449280
v 146.444000 -40.101151 43.887947
v 146.925186 -40.472931 43.767750
v 147.453079 -40.754917 43.503975
v 147.969452 -40.936012 43.098312
v 148.417236 -41.018826 42.567120
v 148.747223 -41.018715 41.940159
v 148.923859 -40.961323 41.257751
v 146.577682 -40.198914 43.868412
v 147.077103 -40.546646 43.709587
v 147.607346 -40.800323 43.406010
v 148.109772 -40.952667 42.963463
v 148.528885 -41.010002 42.402218
v 148.818726 -40.990864 41.755306
v 148.948380 -40.923126 41.065311
v 146.717743 -40.290318 43.838600
v 147.231125 -40.612495 43.640381
v 147.759125 -40.837402 43.297363
v 148.243301 -40.961601 42.819416
v 148.630142 -40.995026 42.230583
v 148.877426 -40.959148 41.566933
v 146.863052 -40.374855 43.798187
v 147.386002 -40.670254 43.560112
v 147.907211 -40.866230 43.178326
v 148.368927 -40.963177 42.666748
v 148.720215 -40.974480 42.053036
v 148.922913 -40.924305 41.376011
v 146.524780 -40.093445 43.880241
v 147.012436 -40.452099 43.746918
v 147.540436 -40.719780 43.468838
v 148.050339 -40.886974 43.049274
v 148.485641 -40.957825 42.506119
v 148.798401 -40.949009 41.870449
v 148.954880 -40.887104 41.183533
v 146.660477 -40.187561 43.857059
v 147.164658 -40.521694 43.684635
v 147.693146 -40.761028 43.366718
v 148.187347 -40.899872 42.910671
v 148.592499 -40.946045 42.338257
v 148.864090 -40.919300 41.683739
v 146.802109 -40.275146 43.823433
v 147.318481 -40.583374 43.611263
v 147.842896 -40.794022 43.253983
v 148.317123 -40.905239 42.763054
v 148.688629 -40.928391 42.163948
v 148.916794 -40.886070 41.493855
v 146.948502 -40.355732 43.779064
v 147.472626 -40.636944 43.526806
v 147.988403 -40.818878 43.130970
v 148.438568 -40.903469 42.607040
v 148.773285 -40.905476 41.984035
v 148.956131 -40.850079 41.301785
v 146.605087 -40.083557 43.870354
v 147.098480 -40.428921 43.723740
v 147.625809 -40.682308 43.431366
v 148.128510 -40.835781 42.998081
v 148.550705 -40.895016 42.443310
v 148.845779 -40.877964 41.799408
v 148.981857 -40.812096 41.108528
v 146.742599 -40.173969 43.843468
v 147.250793 -40.494392 43.657333
v 147.776764 -40.719440 43.325127
v 148.262009 -40.845016 42.855812
v 148.652618 -40.880405 42.272621
v 148.905548 -40.846554 41.610996
v 146.885590 -40.257702 43.805988
v 147.404175 -40.551907 43.579796
v 147.924240 -40.748409 43.208370
v 148.387833 -40.846920 42.704735
v 148.743484 -40.860218 42.095779
v 148.952179 -40.811985 41.419769
v 147.032852 -40.334312 43.757641
v 147.557373 -40.601315 43.491177
v 148.066986 -40.769356 43.081448
v 148.504913 -40.841915 42.545486
v 148.822571 -40.835091 41.913647
v 148.985306 -40.775009 41.226715
v 146.684799 -40.071503 43.858299
v 147.183197 -40.403431 43.698250
v 147.709091 -40.642548 43.391605
v 148.203842 -40.782513 42.944809
v 148.612305 -40.830490 42.378788
v 148.889267 -40.805691 41.727135
v 149.004745 -40.736416 41.032845
v 146.823929 -40.158169 43.827667
v 147.335373 -40.464775 43.627716
v 147.858063 -40.675617 43.281307
v 148.333649 -40.788177 42.798973
v 148.709122 -40.813190 42.205406
v 148.943039 -40.772743 41.537182
v 146.968063 -40.238010 43.786293
v 147.488113 -40.518143 43.546032
v 148.003052 -40.700623 43.160587
v 148.455338 -40.786728 42.644543
v 148.794586 -40.790615 42.026173
v 148.983521 -40.736992 41.344776
v 147.115982 -40.310619 43.733952
v 147.640137 -40.563419 43.453278
v 148.142838 -40.717743 43.029839
v 148.567886 -40.778614 42.482185
v 148.868011 -40.763416 41.841976
v 149.010391 -40.699203 41.150909
v 146.763794 -40.057297 43.844093
v 147.266495 -40.375664 43.670483
v 147.790161 -40.600563 43.349621
v 148.276245 -40.727238 42.889538
v 148.670380 -40.764343 42.312641
v 148.928802 -40.732292 41.653736
v 146.904343 -40.140175 43.809673
v 147.418304 -40.432892 43.595833
v 147.936935 -40.629627 43.235313
v 148.402161 -40.729439 42.740238
v 148.761963 -40.744492 42.136707
v 148.976517 -40.697971 41.462410
v 147.049408 -40.216099 43.764381
v 147.570160 -40.482132 43.510021
v 148.079224 -40.650742 43.110703
v 148.519531 -40.724754 42.582565
v 148.841888 -40.719677 41.955235
v 149.010773 -40.661205 41.268990
v 147.197769 -40.284695 43.708023
v 147.720779 -40.523308 43.413166
v 148.215820 -40.664116 42.976208
v 148.627380 -40.713654 42.417225
v 148.909531 -40.690567 41.769127
v 149.031357 -40.622776 41.074478
v 146.841949 -40.040962 43.827759
v 147.348206 -40.345661 43.640480
v 147.868896 -40.556412 43.305470
v 148.345596 -40.670044 42.832344
v 148.724808 -40.696674 42.244972
v 148.964340 -40.657875 41.579319
v 146.983719 -40.120014 43.789513
v 147.499435 -40.398781 43.561722
v 148.013260 -40.581532 43.187218
v 148.467422 -40.668888 42.679688
v 148.811035 -40.674412 42.066628
v 149.005905 -40.622345 41.386784
v 147.129501 -40.191998 43.740284
v 147.650192 -40.443924 43.471813
v 148.152634 -40.598831 43.058792
v 148.580322 -40.661083 42.518898
v 148.885315 -40.647507 41.883068
v 149.033905 -40.584736 41.192520
v 147.278091 -40.256573 43.679901
v 147.799194 -40.481041 43.370899
v 148.285858 -40.608551 42.920643
v 148.683319 -40.647129 42.350697
v 148.947083 -40.616646 41.695206
v 146.919174 -40.022526 43.809319
v 147.428238 -40.313465 43.608288
v 147.945190 -40.510162 43.259220
v 148.411789 -40.611015 42.773312
v 148.775543 -40.627579 42.175877
v 148.995819 -40.582554 41.503994
v 147.061951 -40.097721 43.767220
v 147.578674 -40.362503 43.525444
v 148.086914 -40.531406 43.137093
v 148.529373 -40.606617 42.617413
v 148.856262 -40.603058 41.995274
v 149.031174 -40.545979 41.310417
v 147.208237 -40.165749 43.714031
v 147.728104 -40.403580 43.431465
v 148.223175 -40.544968 43.004932
v 148.637619 -40.595814 42.453629
v 148.924805 -40.574215 41.809776
v 149.052872 -40.507698 41.115482
v 147.356842 -40.226295 43.649624
v 147.875259 -40.436680 43.326542
v 148.352829 -40.551128 42.863220
v 148.735596 -40.579136 42.282707
v 148.980591 -40.541763 41.620323
v 147.506470 -40.279129 43.573948
v 148.018906 -40.461880 43.210938
v 148.474747 -40.550236 42.712536
v 148.822510 -40.557163 42.105457
v 149.023193 -40.506432 41.427876
v 147.138901 -40.073326 43.742825
v 147.655869 -40.324100 43.487045
v 148.157806 -40.479321 43.085007
v 148.587906 -40.542709 42.553509
v 148.897614 -40.530529 41.922741
v 149.052292 -40.468987 41.233425
v 147.285492 -40.137386 43.685669
v 147.803757 -40.361153 43.389038
v 148.290756 -40.489239 42.949200
v 148.691330 -40.529041 42.386856
v 148.960281 -40.499908 41.735470
v 149.067657 -40.430202 41.037987
v 147.433884 -40.193909 43.617237
v 147.948883 -40.390293 43.280155
v 148.416641 -40.491936 42.804028
v 148.784164 -40.509777 42.213348
v 149.010025 -40.466026 41.544586
v 147.582794 -40.242699 43.537518
v 148.089966 -40.411633 43.160690
v 148.534363 -40.487797 42.650093
v 148.865616 -40.485523 42.033821
v 149.046432 -40.429626 41.351067
v 147.214493 -40.046864 43.716358
v 147.730942 -40.283638 43.446583
v 148.225815 -40.425354 43.031044
v 148.642929 -40.477268 42.488064
v 148.934982 -40.456932 41.849148
v 149.069229 -40.391476 41.155914
v 147.361160 -40.106949 43.655231
v 147.877075 -40.316704 43.344593
v 148.355270 -40.431717 42.891678
v 148.741394 -40.460865 42.318676
v 148.991714 -40.424698 41.660255
v 147.509109 -40.159458 43.582787
v 148.019913 -40.341949 43.231808
v 148.477188 -40.431057 42.743153
v 148.828934 -40.439156 42.142727
v 149.035339 -40.389549 41.468109
v 147.657074 -40.204224 43.499046
v 148.158249 -40.359501 43.108559
v 148.590546 -40.423786 42.586086
v 148.904800 -40.412769 41.961067
v 149.065491 -40.352245 41.273689
v 147.288589 -40.018372 43.687870
v 147.803772 -40.241173 43.404114
v 148.290863 -40.369587 42.975273
v 148.694366 -40.410381 42.421181
v 148.968353 -40.382378 41.774593
v 149.081940 -40.313564 41.078003
v 147.435120 -40.074486 43.622772
v 147.947922 -40.270306 43.298195
v 148.416611 -40.372490 42.832451
v 148.787735 -40.391380 42.249191
v 149.019058 -40.348686 41.584248
v 147.582428 -40.122993 43.546326
v 148.088287 -40.291714 43.181572
v 148.534409 -40.368584 42.680676
v 148.869858 -40.367374 42.070946
v 149.056488 -40.312443 41.390999
v 147.729218 -40.163769 43.458591
v 148.223663 -40.305561 43.054615
v 148.643234 -40.358303 42.520603
v 148.940033 -40.339008 41.887306
v 149.080338 -40.274406 41.195850
v 147.874237 -40.196766 43.359707
v 148.352829 -40.312096 42.917786
v 148.742142 -40.342152 42.352951
v 148.997665 -40.306976 41.699192
v 147.507263 -40.040043 43.588329
v 148.016205 -40.222023 43.249912
v 148.474701 -40.311646 42.771606
v 148.830261 -40.320690 42.178505
v 149.042252 -40.271992 41.507553
v 147.653702 -40.084576 43.507904
v 148.153900 -40.239662 43.129520
v 148.588196 -40.304607 42.616699
v 148.906845 -40.294537 41.998108
v 149.073441 -40.234818 41.313377
v 147.799118 -40.121391 43.416210
v 148.286087 -40.249886 42.998943
v 148.692322 -40.291443 42.453739
v 148.971237 -40.264347 41.812645
v 149.090958 -40.196224 41.117664
v 147.942245 -40.150482 43.313423
v 148.411652 -40.252972 42.858658
v 148.786179 -40.272678 42.283478
v 149.022858 -40.230835 41.623051
v 148.081818 -40.171925 43.199814
v 148.529465 -40.249275 42.709236
v 148.868942 -40.248901 42.106716
v 149.061279 -40.194729 41.430286
v 147.722855 -40.044250 43.467583
v 148.216629 -40.185875 43.075733
v 148.638489 -40.239220 42.551311
v 148.939880 -40.220749 41.924320
v 149.086182 -40.156792 41.235352
v 147.866684 -40.077148 43.371967
v 148.345474 -40.192558 42.941616
v 148.737762 -40.223301 42.385597
v 148.998367 -40.188896 41.737190
v 149.097336 -40.117809 41.039249
v 148.007706 -40.102390 43.265335
v 148.467224 -40.192295 42.797981
v 148.826431 -40.202065 42.212860
v 149.043915 -40.154064 41.546280
v 148.144684 -40.120087 43.147976
v 148.580795 -40.185463 42.645424
v 148.903702 -40.176121 42.033932
v 149.076111 -40.117004 41.352562
v 148.276398 -40.130424 43.020287
v 148.685196 -40.172520 42.484612
v 148.968872 -40.146122 41.849693
v 149.094681 -40.078480 41.157036
v 147.931793 -40.031109 43.325928
v 148.401703 -40.133667 42.882725
v 148.779480 -40.153976 42.316273
v 149.021393 -40.112766 41.661060
v 148.070496 -40.052563 43.215504
v 148.519455 -40.130157 42.735847
v 148.862823 -40.130409 42.141209
v 149.060791 -40.076782 41.468998
v 148.204681 -40.066586 43.094475
v 148.628632 -40.120312 42.580273
v 148.934479 -40.102448 41.960262
v 149.086716 -40.038933 41.274494
v 148.333130 -40.073399 42.963257
v 148.728241 -40.104603 42.416695
v 148.993820 -40.070763 41.774334
v 148.454697 -40.073296 42.822353
v 148.817413 -40.083572 42.245872
v 149.040283 -40.036068 41.584362
v 148.568298 -40.066654 42.672340
v 148.895309 -40.057823 42.068623
v 148.261734 -40.011497 43.039387
v 148.672913 -40.053909 42.513870
v 148.961258 -40.027996 41.885811
v 148.386719 -40.014877 42.904736
v 148.767593 -40.035568 42.347660
v 148.504379 -40.011536 42.760593
v 148.851486 -40.012196 42.174492
v 146.199997 61.278530 43.898937
v 146.199997 64.098938 41.078529
v 146.240753 61.310802 43.897594
v 146.199997 61.357002 43.895748
v 146.322205 61.308594 43.895390
v 146.284332 61.420849 43.890350
v 146.199997 61.435360 43.890434
v 146.403473 61.304184 43.890976
v 146.243530 61.532288 43.880569
v 146.199997 61.591499 43.873451
v 146.199997 61.513546 43.882999
v 146.368530 61.417423 43.886925
v 146.484451 61.297573 43.884365
v 146.330505 61.529930 43.878212
v 146.452484 61.411720 43.881218
v 146.565002 61.288773 43.875568
v 146.289612 61.641468 43.864799
v 146.199997 61.669167 43.861797
v 146.417297 61.525219 43.873501
v 146.536072 61.403748 43.873245
v 146.246033 61.751823 43.846642
v 146.199997 61.823414 43.832199
v 146.199997 61.746490 43.848042
v 146.645020 61.277802 43.864594
v 146.379089 61.637829 43.861160
v 146.503784 61.518158 43.866444
v 146.619156 61.393517 43.863014
v 146.338043 61.749329 43.844147
v 146.724380 61.264668 43.851463
v 146.468307 61.631767 43.855099
v 146.589813 61.508762 43.857048
v 146.294373 61.859497 43.822437
v 146.199997 61.899879 43.814278
v 146.701630 61.381042 43.850540
v 146.429855 61.744343 43.839165
v 146.802979 61.249397 43.836189
v 146.557144 61.623295 43.846626
v 146.248276 61.968121 43.796009
v 146.199997 62.051216 43.772263
v 146.199997 61.975834 43.794296
v 146.675262 61.497044 43.845329
v 146.388611 61.855663 43.818604
v 146.783371 61.366344 43.835842
v 146.521332 61.736877 43.831696
v 146.880692 61.232006 43.818798
v 146.645447 61.612423 43.835751
v 146.344772 61.965504 43.793392
v 146.760025 61.483017 43.831303
v 146.482574 61.849281 43.812222
v 146.864258 61.349442 43.818939
v 146.612335 61.726940 43.821758
v 146.957413 61.212524 43.799316
v 146.298584 62.073654 43.763515
v 146.199997 62.125973 43.748196
v 146.733093 61.599167 43.822495
v 146.441055 61.960278 43.788166
v 146.843964 61.466709 43.814991
v 146.576111 61.840355 43.803299
v 146.944168 61.330364 43.799862
v 146.250244 62.179909 43.728966
v 146.199997 62.273399 43.694031
v 146.199997 62.200054 43.722111
v 146.702728 61.714542 43.809361
v 146.397018 62.069649 43.759510
v 146.819946 61.583546 43.806877
v 146.536987 61.952446 43.780334
v 146.926956 61.448135 43.796421
v 146.669113 61.828907 43.791847
v 147.022980 61.309132 43.778629
v 146.350662 62.177189 43.726246
v 146.792374 61.699707 43.794525
v 146.495163 62.062981 43.752842
v 146.905899 61.565586 43.788914
v 146.632431 61.942024 43.769913
v 147.008881 61.427330 43.775616
v 146.302216 62.282684 43.688374
v 146.199997 62.345959 43.663979
v 146.761414 61.814945 43.777889
v 147.100586 61.285782 43.755283
v 146.450851 62.171749 43.720806
v 146.881165 61.682453 43.777275
v 146.592880 62.053661 43.743523
v 146.990829 61.545307 43.768639
v 146.251907 62.385948 43.645908
v 146.199997 62.417679 43.631969
v 146.727234 61.929024 43.756912
v 147.089615 61.404320 43.752605
v 146.404266 62.278534 43.684219
v 146.852890 61.798496 43.761436
v 147.176880 61.260349 43.729847
v 146.550674 62.163597 43.712654
v 146.968948 61.662811 43.757629
v 146.690018 62.041698 43.731560
v 147.074585 61.522747 43.746078
v 146.355652 62.383137 43.643097
v 146.821259 61.913464 43.741352
v 147.169052 61.379139 43.727425
v 146.506027 62.271622 43.677307
v 146.943405 61.779579 43.742523
v 147.251724 61.232868 43.702366
v 146.649994 62.152752 43.701809
v 147.055603 61.640800 43.735622
v 146.305237 62.485363 43.597454
v 146.199997 62.558384 43.562183
v 146.199997 62.488503 43.598030
v 146.786438 62.027119 43.716976
v 147.157059 61.497932 43.721264
v 146.459167 62.377518 43.637478
v 146.914368 61.895370 43.723259
v 147.247070 61.351830 43.700111
v 146.607346 62.261955 43.667645
v 147.032837 61.758228 43.721169
v 146.253265 62.585026 43.547325
v 146.199997 62.627270 43.524460
v 146.748642 62.139225 43.688282
v 147.141006 61.616463 43.711281
v 146.410324 62.481087 43.593178
v 146.882004 62.009933 43.699795
v 147.238129 61.470905 43.694237
v 146.562302 62.369099 43.629059
v 147.006439 61.874767 43.702656
v 147.323532 61.322422 43.670708
v 146.708054 62.249554 43.655243
v 147.121048 61.734467 43.697407
v 146.359741 62.582142 43.544437
v 146.846481 62.123032 43.672089
v 147.225037 61.589828 43.684650
v 146.515106 62.473969 43.586060
v 146.976562 61.990173 43.680035
v 147.317673 61.441700 43.665031
v 146.664917 62.357891 43.617851
v 147.097321 61.851688 43.679577
v 147.398361 61.290970 43.639252
v 146.307648 62.680496 43.491295
v 146.199997 62.695107 43.484886
v 146.808029 62.234436 43.640121
v 147.207901 61.708336 43.671276
v 146.465973 62.576374 43.538673
v 146.943375 62.104206 43.653263
v 147.307556 61.560940 43.655758
v 146.619415 62.464020 43.576111
v 147.069977 61.967869 43.657730
v 147.395584 61.410362 43.633694
v 146.254318 62.775978 43.433792
v 146.199997 62.827442 43.400299
v 146.199997 62.761848 43.443489
v 146.766830 62.343914 43.603874
v 147.186890 61.826160 43.654049
v 147.471436 61.257511 43.605793
v 146.415146 62.676125 43.486919
v 146.907104 62.216618 43.622307
v 147.293289 61.679871 43.642811
v 146.571808 62.567734 43.530033
v 147.039185 62.082767 43.631824
v 147.388443 61.529835 43.624653
v 146.723114 62.451248 43.563343
v 147.162109 61.943050 43.632912
v 147.471725 61.376938 43.600269
v 146.362885 62.773037 43.430851
v 146.867920 62.327187 43.587147
v 147.274994 61.798229 43.626118
v 147.542633 61.222095 43.570381
v 146.522324 62.668842 43.479641
v 147.005142 62.196133 43.601822
v 147.377060 61.649113 43.612057
v 146.677109 62.556232 43.518532
v 147.133759 62.058746 43.607803
v 147.467590 61.496563 43.591381
v 146.309433 62.866943 43.370514
v 146.199997 62.891846 43.355347
v 146.826050 62.435680 43.547775
v 147.252838 61.915752 43.605614
v 147.546021 61.341476 43.564804
v 146.471207 62.767155 43.424969
v 146.968033 62.307732 43.567696
v 147.361542 61.767929 43.595818
v 146.629028 62.658665 43.469460
v 147.102005 62.173004 43.578693
v 147.459106 61.616112 43.579052
v 146.255051 62.957680 43.305977
v 146.199997 63.016880 43.260300
v 146.199997 62.955006 43.308670
v 146.781693 62.541889 43.504189
v 147.226959 62.032185 43.581242
v 147.544876 61.461170 43.555992
v 146.418701 62.862495 43.366066
v 146.928055 62.417339 43.529430
v 147.342026 61.886021 43.575878
v 147.618332 61.304028 43.527355
v 146.579132 62.758347 43.416161
v 147.067017 62.285583 43.545544
v 147.446381 61.735310 43.563198
v 146.735107 62.645603 43.456398
v 147.197525 62.147274 43.552959
v 147.539307 61.580910 43.543850
v 146.365067 62.954700 43.302994
v 146.885437 62.524723 43.487022
v 147.318665 62.003120 43.552177
v 147.620193 61.423714 43.518532
v 146.527649 62.855095 43.358665
v 147.029007 62.396244 43.508339
v 147.429535 61.853893 43.543751
v 147.688553 61.264645 43.487976
v 146.686493 62.746616 43.404430
v 147.164719 62.260769 43.520729
v 147.529388 61.700417 43.528305
v 146.310562 63.043606 43.235821
v 146.199997 63.077419 43.210270
v 146.840393 62.629677 43.440475
v 147.291595 62.118973 43.524658
v 147.617538 61.543564 43.506504
v 146.474854 62.948738 43.297035
v 146.988174 62.504761 43.467060
v 147.408707 61.971588 43.520645
v 147.693420 61.384243 43.479061
v 146.636124 62.844749 43.348320
v 147.128723 62.372433 43.484524
v 147.515244 61.819416 43.509277
v 147.756592 61.223392 43.446724
v 146.255463 63.129070 43.164627
v 146.199997 63.194328 43.105389
v 146.199997 63.136585 43.158619
v 146.793152 62.731991 43.389805
v 147.261017 62.233326 43.493286
v 147.610443 61.663300 43.491188
v 146.420975 63.039112 43.231331
v 146.944748 62.610912 43.421711
v 147.384064 62.088142 43.493832
v 147.693680 61.504124 43.467068
v 146.584229 62.939812 43.288105
v 147.089752 62.482029 43.444328
v 147.496994 61.937645 43.486702
v 147.764465 61.342815 43.437637
v 146.743942 62.831470 43.335041
v 147.227097 62.345936 43.458031
v 147.599014 61.782646 43.472507
v 146.366287 63.126064 43.161625
v 146.898926 62.714489 43.372303
v 147.355759 62.203297 43.463257
v 147.689423 61.624016 43.451904
v 146.531052 63.031635 43.223850
v 147.048004 62.589336 43.400135
v 147.474792 62.054832 43.460522
v 147.767639 61.462654 43.425594
v 146.693039 62.927925 43.276222
v 147.190018 62.456566 43.418861
v 147.583374 61.901333 43.450390
v 147.833206 61.299500 43.394318
v 146.311050 63.209450 43.088009
v 146.199997 63.250610 43.050610
v 146.850983 62.815285 43.318855
v 147.323944 62.316795 43.428890
v 147.680725 61.743637 43.433495
v 146.476883 63.120060 43.155621
v 147.003693 62.694134 43.351948
v 147.448792 62.170719 43.430683
v 147.766220 61.582623 43.410511
v 146.640656 63.021179 43.213398
v 147.150009 62.564980 43.375778
v 147.563660 62.019089 43.424778
v 147.839294 61.419209 43.382149
v 146.255539 63.289135 43.010578
v 146.199997 63.358620 42.936584
v 146.199997 63.305386 42.994328
v 146.801117 62.913105 43.261398
v 147.288849 62.428402 43.390701
v 147.667725 61.862709 43.411766
v 147.899551 61.254349 43.349171
v 146.421951 63.204937 43.083496
v 146.957062 62.796207 43.299778
v 147.419159 62.285053 43.397148
v 147.760269 61.702438 43.392300
v 146.587067 63.111065 43.146626
v 147.107269 62.670956 43.328766
v 147.539993 62.135651 43.395611
v 147.840714 61.539177 43.367065
v 146.749603 63.007767 43.199982
v 147.250626 62.537876 43.348675
v 147.650513 61.980965 43.386654
v 147.908554 61.373856 43.336796
v 146.366531 63.286129 43.007568
v 146.908325 62.895367 43.243660
v 147.386063 62.397583 43.359882
v 147.749908 61.821831 43.370888
v 146.532516 63.197426 43.075985
v 147.062012 62.774277 43.277847
v 147.512573 62.250755 43.362850
v 147.837540 61.659119 43.348980
v 146.696686 63.099094 43.134655
v 147.209518 62.644989 43.302799
v 147.629242 62.098137 43.358097
v 147.912811 61.493748 43.321636
v 146.310898 63.363503 42.927940
v 146.199997 63.410271 42.877419
v 146.857742 62.991409 43.183624
v 147.349701 62.508068 43.318867
v 147.735229 61.940517 43.346207
v 147.975296 61.326660 43.289600
v 146.477295 63.280117 43.001556
v 147.014496 62.874737 43.223030
v 147.481537 62.364155 43.326454
v 147.829834 61.778755 43.327812
v 146.642609 63.186928 43.065483
v 147.165710 62.749516 43.253086
v 147.604065 62.213955 43.326046
v 147.912384 61.613735 43.303596
v 146.255295 63.436943 42.844730
v 146.199997 63.460300 42.816879
v 146.805557 63.084164 43.119724
v 147.310272 62.616272 43.274086
v 147.716385 62.058231 43.318192
v 147.982391 61.446396 43.274284
v 146.421631 63.358997 42.923439
v 146.964920 62.972137 43.164352
v 147.447098 62.475597 43.286396
v 147.817719 61.897804 43.303493
v 148.039444 61.277691 43.240631
v 146.587631 63.271107 42.992550
v 147.119461 62.851246 43.199539
v 147.575150 62.328167 43.290462
v 147.907349 61.733543 43.282604
v 146.752029 63.173450 43.052010
v 147.268005 62.721962 43.225536
v 147.693497 62.174702 43.286793
v 147.984726 61.566360 43.256222
v 146.365799 63.433949 42.841732
v 146.913559 63.066292 43.101852
v 147.409409 62.584846 43.242661
v 147.801300 62.015995 43.275955
v 148.049347 61.397198 43.225086
v 146.532028 63.351498 42.915936
v 147.070984 62.949974 43.142189
v 147.542648 62.440514 43.251312
v 147.897812 61.852890 43.258575
v 148.100876 61.227020 43.189960
v 146.697403 63.259117 42.980560
v 147.223083 62.824928 43.173225
v 147.666733 62.289665 43.251965
v 147.982376 61.686272 43.235329
v 146.310074 63.504860 42.756561
v 146.199997 63.555347 42.691845
v 146.199997 63.508671 42.755005
v 146.860657 63.157024 43.035583
v 147.368713 62.691662 43.195232
v 147.780731 62.133053 43.245148
v 148.054443 61.517063 43.206921
v 146.476074 63.427963 42.835747
v 147.020508 63.045509 43.081070
v 147.506775 62.550758 43.208572
v 147.883865 61.971493 43.231453
v 148.113602 61.346218 43.174110
v 146.641953 63.341011 42.905453
v 147.175751 62.924957 43.117172
v 147.636246 62.402870 43.213669
v 147.975418 61.805836 43.211525
v 146.254730 63.571625 42.668053
v 146.199997 63.600300 42.627441
v 146.806458 63.244164 42.965607
v 147.325195 62.795826 43.144123
v 147.756149 62.248714 43.211014
v 148.054779 61.636997 43.186054
v 146.419998 63.500385 42.752090
v 146.968307 63.137665 43.016224
v 147.467712 62.658657 43.162228
v 147.865646 62.089077 43.201168
v 148.121445 61.465908 43.155769
v 146.585922 63.418995 42.826778
v 147.126251 63.021847 43.057407
v 147.602219 62.514061 43.171875
v 147.963974 61.924782 43.184746
v 148.175049 61.293541 43.121429
v 146.751221 63.327557 42.891998
v 147.279099 62.897121 43.089336
v 147.727722 62.362717 43.173515
v 148.050430 61.756718 43.162407
v 146.364090 63.568661 42.665089
v 146.914612 63.226269 42.947708
v 147.425674 62.763981 43.112274
v 147.843292 62.205372 43.167671
v 148.124466 61.585800 43.134857
v 146.529602 63.492943 42.744644
v 147.074829 63.115406 42.993965
v 147.564850 62.622993 43.126564
v 147.948135 62.042828 43.154922
v 148.185623 61.412979 43.102840
v 146.695221 63.407059 42.814842
v 147.230652 62.995335 43.030895
v 147.695602 62.474804 43.132618
v 148.041473 61.875938 43.135902
v 148.233582 61.239235 43.067123
v 146.308624 63.632687 42.574875
v 146.199997 63.643490 42.561848
v 146.859680 63.311153 42.875591
v 147.380859 62.866505 43.058720
v 147.816956 62.320114 43.130913
v 148.122711 61.705605 43.111290
v 146.473221 63.562737 42.659164
v 147.021713 63.205456 42.926895
v 147.524338 62.729435 43.077732
v 147.928040 62.159702 43.121998
v 148.191315 61.532753 43.081810
v 146.638702 63.482533 42.734238
v 147.180069 63.090279 42.968838
v 147.659988 62.584724 43.088295
v 148.028030 61.994381 43.106476
v 148.246887 61.358353 43.048210
v 146.253830 63.692387 42.481590
v 146.199997 63.724461 42.427269
v 146.199997 63.684887 42.495106
v 146.803787 63.392170 42.799953
v 147.333511 62.966019 43.001579
v 147.786789 62.433044 43.090858
v 148.116287 61.825035 43.084995
v 146.417084 63.628277 42.570461
v 146.967178 63.291824 42.856262
v 147.480896 62.833157 43.025372
v 147.903824 62.275127 43.085926
v 148.192169 61.652569 43.058254
v 146.581955 63.553860 42.650288
v 147.127625 63.181755 42.903198
v 147.621063 62.692242 43.040539
v 148.010223 62.111767 43.074066
v 148.255249 61.477932 43.026989
v 146.747177 63.469177 42.720882
v 147.283875 63.062317 42.940876
v 147.752975 62.543907 43.047482
v 148.105255 61.943806 43.055901
v 148.305145 61.302105 42.991962
v 146.361435 63.689472 42.478672
v 146.911469 63.374352 42.782135
v 147.434723 62.933937 42.969494
v 147.875656 62.388847 43.046661
v 148.188278 61.772141 43.032101
v 146.525223 63.620930 42.563114
v 147.073547 63.269596 42.834038
v 147.579041 62.797119 42.989338
v 147.988190 62.227821 43.038620
v 148.258713 61.597691 43.003380
v 146.690125 63.542046 42.638474
v 147.232162 63.155209 42.876648
v 147.715698 62.652458 43.000755
v 148.089767 62.061646 43.023941
v 148.316177 61.421425 42.970482
v 146.306519 63.746243 42.383945
v 146.199997 63.762184 42.358383
v 146.854843 63.452892 42.704597
v 147.386078 63.031567 42.910126
v 147.843689 62.500603 43.004173
v 148.179688 61.891178 43.003269
v 148.360321 61.244320 42.934177
v 146.468781 63.683643 42.472847
v 147.018097 63.353630 42.761414
v 147.534134 62.899136 42.934696
v 147.962051 62.342278 43.000092
v 148.257339 61.717331 42.977295
v 146.632889 63.610661 42.552845
v 147.178635 63.244503 42.808945
v 147.675156 62.758453 42.950672
v 148.069931 62.178265 42.989063
v 148.322235 61.541050 42.946739
v 146.252625 63.798523 42.286430
v 146.199997 63.831970 42.217678
v 146.199997 63.798031 42.288506
v 146.797577 63.527309 42.623741
v 147.335190 63.125847 42.847286
v 147.808121 62.610138 42.958435
v 148.166534 62.009403 42.971699
v 148.373978 61.363304 42.912361
v 146.412888 63.741917 42.379616
v 146.961548 63.433704 42.685410
v 147.486557 62.998070 42.876629
v 147.931992 62.454872 42.958443
v 148.251221 61.836571 42.948662
v 146.575745 63.674911 42.464115
v 147.123535 63.330036 42.737820
v 147.631561 62.861668 42.897228
v 148.045868 62.293404 42.951214
v 148.323395 61.660694 42.920658
v 146.739929 63.597481 42.539665
v 147.282272 63.216587 42.781025
v 147.769119 62.717213 42.909431
v 148.148926 62.126534 42.937328
v 148.382645 61.482731 42.888420
v 146.357819 63.795673 42.283581
v 146.904144 63.509678 42.606106
v 147.436539 63.093716 42.815159
v 147.898178 62.565350 42.913647
v 148.240417 61.955120 42.917419
v 148.428604 61.303661 42.852718
v 146.518951 63.734711 42.372414
v 147.067139 63.411640 42.663345
v 147.585129 62.961876 42.840435
v 148.017746 62.406784 42.910355
v 148.319733 61.780067 42.892159
v 146.682159 63.663288 42.452492
v 147.227615 63.303604 42.711388
v 147.726898 62.821590 42.857151
v 148.126968 62.242290 42.900105
v 148.386337 61.602310 42.862274
v 146.303802 63.844852 42.184895
v 146.199997 63.863979 42.145958
v 146.846161 63.581413 42.523598
v 147.384338 63.185879 42.750320
v 147.860779 62.673458 42.865673
v 148.225052 62.072697 42.883495
v 148.439850 61.422821 42.828510
v 146.462769 63.789974 42.277882
v 147.009689 63.489170 42.585598
v 147.536087 63.058865 42.780308
v 147.985733 62.518154 42.866447
v 148.311310 61.898876 42.861176
v 148.479950 61.242584 42.791641
v 146.624527 63.724640 42.362339
v 147.171448 63.386734 42.638439
v 147.681686 62.923038 42.801598
v 148.100845 62.356407 42.859978
v 148.385132 61.721748 42.833843
v 146.251114 63.889412 42.083725
v 146.199997 63.922112 42.000053
v 146.199997 63.894032 42.073402
v 146.787857 63.648792 42.437996
v 147.330185 63.274372 42.682156
v 147.820007 62.778957 42.814518
v 148.205246 62.189022 42.846836
v 148.446075 61.542267 42.802227
v 146.407455 63.840637 42.180676
v 146.951447 63.562477 42.504665
v 147.484665 63.152431 42.716873
v 147.949997 62.627254 42.819469
v 148.298218 62.016838 42.827637
v 148.493759 61.361404 42.767090
v 146.567322 63.781441 42.269348
v 147.114029 63.465816 42.562244
v 147.633667 63.021343 42.742786
v 148.070679 62.468620 42.816914
v 148.379089 61.840755 42.803051
v 146.729492 63.711716 42.349415
v 147.274338 63.359020 42.610725
v 147.776062 62.881615 42.760174
v 148.181137 62.303818 42.807388
v 148.447327 61.661701 42.773796
v 146.353271 63.886642 42.080956
v 146.892700 63.631447 42.420650
v 147.431107 63.242386 42.650169
v 147.910721 62.733837 42.769398
v 148.280594 62.133671 42.791485
v 148.502502 61.480644 42.740608
v 146.510788 63.833618 42.173656
v 147.055634 63.540707 42.482895
v 147.583099 63.116291 42.680733
v 148.036652 62.578663 42.770882
v 148.368301 61.959038 42.769836
v 148.544312 61.298573 42.704258
v 146.671356 63.770077 42.257984
v 147.217041 63.439655 42.536087
v 147.729156 62.981205 42.702648
v 148.152878 62.416821 42.765118
v 148.443680 61.780838 42.743137
v 146.300476 63.927944 41.978889
v 146.199997 63.948193 41.925976
v 146.833679 63.695957 42.333660
v 147.375656 63.328541 42.580242
v 147.868118 62.837666 42.716225
v 148.258530 62.249092 42.752663
v 148.506226 61.600014 42.712109
v 146.455200 63.881107 42.075420
v 146.996521 63.611271 42.400475
v 147.530212 63.207687 42.615471
v 147.998932 62.686291 42.721851
v 148.352875 62.076321 42.734135
v 148.555557 61.417542 42.677505
v 146.613678 63.823803 42.163841
v 147.158569 63.516132 42.458317
v 147.679504 63.077511 42.641953
v 148.120605 62.527763 42.719982
v 148.435211 61.899384 42.710182
v 148.591415 61.234417 42.640106
v 146.249298 63.964516 41.874657
v 146.199997 63.972260 41.851215
v 146.774689 63.755909 42.243816
v 147.318558 63.410725 42.507156
v 147.822388 62.938511 42.659954
v 148.232208 62.362835 42.711132
v 148.504974 61.719219 42.681515
v 146.400787 63.923862 41.974808
v 146.936935 63.677387 42.315090
v 147.475235 63.295338 42.547043
v 147.957733 62.791256 42.669815
v 148.332901 62.192310 42.695885
v 148.561737 61.536777 42.648872
v 146.556747 63.872818 42.067131
v 147.099167 63.588299 42.377502
v 147.627365 63.170330 42.578114
v 148.084503 62.636391 42.671951
v 148.421997 62.017052 42.674866
v 148.605148 61.353050 42.613010
v 146.715973 63.811207 42.151249
v 147.260086 63.488785 42.430969
v 147.773743 63.036148 42.600590
v 148.201736 62.474628 42.666843
v 148.498825 61.837963 42.648762
v 146.347824 63.961845 41.871986
v 146.877182 63.738949 42.226856
v 147.418442 63.379066 42.475494
v 147.913239 62.893322 42.614765
v 148.308548 62.306740 42.655037
v 148.562897 61.655983 42.618282
v 146.500824 63.917068 41.968010
v 147.039124 63.656036 42.293739
v 147.572952 63.259460 42.511166
v 148.044769 62.742455 42.621014
v 148.404144 62.133556 42.637127
v 148.613785 61.472084 42.584175
v 146.657791 63.861782 42.056095
v 147.200500 63.562565 42.351768
v 147.722427 63.130367 42.538155
v 148.167313 62.584213 42.619770
v 148.487854 61.955959 42.613773
v 148.651230 61.287258 42.547222
v 146.296555 63.995026 41.767139
v 146.199997 64.014282 41.699879
v 146.199997 63.994293 41.775833
v 146.817490 63.795853 42.135891
v 147.360062 63.458706 42.400894
v 147.865677 62.992264 42.556705
v 148.279938 62.419334 42.611549
v 148.559067 61.774860 42.585659
v 146.446136 63.956509 41.866650
v 146.978668 63.719227 42.207134
v 147.516525 63.344727 42.441154
v 148.001572 62.845707 42.567150
v 148.381805 62.248619 42.596916
v 148.617340 61.591225 42.553524
v 146.600403 63.907570 41.958511
v 147.140060 63.631935 42.269638
v 147.668655 63.220966 42.472672
v 148.129089 62.691330 42.569889
v 148.472153 62.072918 42.576488
v 148.662292 61.406029 42.518120
v 146.247192 64.023399 41.660454
v 146.199997 64.032196 41.623413
v 146.758148 63.848022 42.042332
v 147.300369 63.534103 42.323307
v 147.815247 63.087864 42.495647
v 148.247223 62.529827 42.565388
v 148.550354 61.893124 42.550938
v 148.693695 61.220272 42.480232
v 146.392960 63.991104 41.763218
v 146.918106 63.777760 42.117798
v 147.458328 63.425945 42.368130
v 147.955154 62.945923 42.510365
v 148.355087 62.361961 42.554176
v 148.615860 61.710175 42.520973
v 146.544083 63.948513 41.858654
v 147.079025 63.696770 42.184677
v 147.612671 63.307751 42.404182
v 148.087280 62.795734 42.517178
v 148.451859 62.188557 42.536854
v 148.668228 61.525040 42.487339
v 146.699402 63.895378 41.946323
v 147.239624 63.605118 42.242817
v 147.762192 63.179909 42.431610
v 148.210587 62.637959 42.516518
v 148.536835 62.010479 42.514050
v 148.707184 61.338707 42.450798
v 146.341522 64.020844 41.657898
v 146.857681 63.831551 42.025864
v 147.398621 63.502960 42.292164
v 147.905701 63.042873 42.450657
v 148.324142 62.473316 42.508877
v 148.609406 61.828644 42.486458
v 146.489075 63.984573 41.756687
v 147.017670 63.756954 42.096992
v 147.554749 63.390545 42.332733
v 148.042053 62.897190 42.461632
v 148.427063 62.302597 42.494812
v 148.669098 61.643997 42.454796
v 146.641525 63.937870 41.848011
v 147.178085 63.671612 42.159519
v 147.706757 63.268204 42.364632
v 148.170197 62.743477 42.464920
v 148.518600 62.126640 42.474937
v 148.715515 61.457523 42.419823
v 146.292068 64.045708 41.550888
v 146.199997 64.061798 41.469170
v 146.199997 64.048042 41.546490
v 146.797668 63.880516 41.931461
v 147.337662 63.575623 42.213322
v 147.853439 63.136345 42.388050
v 148.289124 62.582420 42.460979
v 148.598068 61.946335 42.449905
v 148.748383 61.270218 42.382309
v 146.435638 64.015732 41.652790
v 146.956253 63.812397 42.006706
v 147.495117 63.469177 42.258381
v 147.993652 62.995468 42.403252
v 148.397934 62.414764 42.450325
v 148.664932 61.762611 42.420425
v 146.584778 63.975445 41.747559
v 147.116043 63.733467 42.073505
v 147.649170 63.352562 42.294746
v 148.126266 62.846142 42.410583
v 148.495773 62.241325 42.433540
v 148.718704 61.576427 42.387226
v 146.244812 64.065712 41.442379
v 146.199997 64.073456 41.391499
v 146.738327 63.924595 41.834736
v 147.275711 63.643787 42.131695
v 147.798630 63.226135 42.322563
v 148.250229 62.689014 42.410454
v 148.581940 62.062962 42.411259
v 148.759094 61.388779 42.351078
v 146.383987 64.041969 41.547146
v 146.895065 63.863003 41.913948
v 147.434036 63.543491 42.181194
v 147.942276 63.090343 42.342049
v 148.364609 62.524796 42.403351
v 148.655792 61.880581 42.384151
v 146.529404 64.008080 41.645134
v 147.053726 63.790585 41.984898
v 147.589706 63.432808 42.222008
v 148.078964 62.945713 42.353500
v 148.468506 62.354259 42.389820
v 148.716827 61.695122 42.352936
v 146.679916 63.963734 41.735844
v 147.213058 63.707336 42.047375
v 147.741486 63.312046 42.254234
v 148.207642 62.792850 42.357288
v 148.561127 62.178238 42.370453
v 148.764633 61.507565 42.318363
v 146.334381 64.063286 41.439953
v 146.834335 63.908710 41.818848
v 147.371765 63.613342 42.101250
v 147.888153 63.181606 42.278038
v 148.327255 62.632420 42.353863
v 148.641785 61.997616 42.345909
v 148.798920 61.318905 42.281200
v 146.475647 64.035744 41.540920
v 146.991425 63.842865 41.893810
v 147.528595 63.508774 42.146477
v 148.028534 63.041969 42.293674
v 148.436905 62.465168 42.343723
v 148.709915 61.813309 42.316879
v 146.622681 63.997887 41.634945
v 147.149933 63.766151 41.960464
v 147.682251 63.393902 42.183102
v 148.161530 62.893688 42.301472
v 148.535736 62.291885 42.327446
v 148.765030 61.626278 42.284092
v 146.287033 64.079689 41.331402
v 146.199997 64.083000 41.313545
v 146.774353 63.949451 41.721561
v 147.308594 63.678593 42.018631
v 147.831528 63.269062 42.211246
v 148.286057 62.737392 42.301830
v 148.623001 62.113430 42.305645
v 148.806778 61.437508 42.248306
v 146.423752 64.058434 41.435101
v 146.929413 63.890236 41.800373
v 147.466095 63.580315 42.068222
v 147.975189 63.134689 42.231117
v 148.401169 62.573784 42.295223
v 148.698059 61.930695 42.278992
v 148.834930 61.248001 42.210297
v 146.566895 64.027039 41.532215
v 147.086639 63.820133 41.871078
v 147.621201 63.471523 42.109226
v 148.112122 62.991295 42.243000
v 148.505920 62.403625 42.282185
v 148.760345 61.744621 42.248192
v 146.242172 64.091202 41.221706
v 146.199997 64.095749 41.157001
v 146.199997 64.090431 41.235359
v 146.715347 63.985180 41.622238
v 147.244751 63.739128 41.933441
v 147.772629 63.352516 42.141720
v 148.241211 62.839462 42.247246
v 148.599548 62.227737 42.263294
v 148.809479 61.556179 42.213993
v 146.373932 64.076149 41.327866
v 146.867935 63.932621 41.704731
v 147.402496 63.647285 41.987324
v 147.919174 63.223671 42.165855
v 148.361435 62.679852 42.244289
v 148.681320 62.046989 42.239204
v 148.845108 61.366360 42.177158
v 146.512787 64.051163 41.427834
v 147.023422 63.869198 41.779339
v 147.558563 63.544758 42.032665
v 148.059631 63.085449 42.181877
v 148.471832 62.513187 42.234631
v 148.750656 61.862301 42.210594
v 146.657608 64.015869 41.521046
v 147.180542 63.794838 41.845783
v 147.711716 63.431793 42.069492
v 148.192902 62.938393 42.190098
v 148.571564 62.340260 42.218815
v 148.807037 61.674618 42.178188
v 146.326447 64.088921 41.219421
v 146.807266 63.969971 41.607029
v 147.338043 63.709557 41.903870
v 147.860687 63.308716 42.097916
v 148.317902 62.783119 42.190903
v 148.659836 62.161907 42.197464
v 148.850082 61.484928 42.142742
v 146.460587 64.070267 41.321980
v 146.960541 63.913269 41.685379
v 147.494629 63.613457 41.953495
v 148.004288 63.175938 42.118122
v 148.433624 62.620312 42.184750
v 148.736008 61.979019 42.171234
v 148.879562 61.294228 42.105022
v 146.601364 64.041489 41.418156
v 147.116211 63.845631 41.755772
v 147.649048 63.506721 41.994629
v 148.141342 63.033958 42.130386
v 148.539169 62.450722 42.172165
v 148.799500 61.792530 42.140827
v 146.281494 64.096771 41.109974
v 146.747650 64.002251 41.507427
v 147.273010 63.767021 41.817963
v 147.800018 63.389637 42.027340
v 148.270752 62.883343 42.135048
v 148.633713 62.275162 42.153721
v 148.849884 61.603405 42.106976
v 146.410538 64.084358 41.214859
v 146.898285 63.952286 41.589344
v 147.429657 63.677483 41.871796
v 147.946320 63.262558 42.051762
v 148.391479 62.724739 42.132523
v 148.716522 62.094490 42.130051
v 148.886810 61.412628 42.070442
v 146.546860 64.062035 41.313751
v 147.052032 63.891422 41.663536
v 147.584869 63.577156 41.917194
v 148.086761 63.125935 42.068123
v 148.502548 62.558861 42.123299
v 148.786972 61.909618 42.101833
v 148.910080 61.221214 42.032009
v 146.689346 64.029419 41.406090
v 147.207657 63.819569 41.729710
v 147.737396 63.466267 41.954174
v 148.220215 62.980289 42.076717
v 148.603073 62.386478 42.107922
v 148.844543 61.721489 42.069786
v 146.362869 64.093460 41.106663
v 146.836884 63.986202 41.491383
v 147.363907 63.736717 41.787659
v 147.885971 63.345123 41.982822
v 148.345566 62.826225 42.077927
v 148.692291 62.208427 42.086987
v 148.888840 61.531078 42.034649
v 146.494324 64.077515 41.208019
v 146.988266 63.932148 41.569206
v 147.519470 63.642948 41.837261
v 148.029388 63.214119 42.003323
v 148.461838 62.664410 42.072193
v 148.769501 62.025589 42.061150
v 148.919586 61.339386 41.997200
v 146.632614 64.051476 41.303192
v 147.142273 63.867115 41.639229
v 147.673080 63.538441 41.878479
v 148.166473 63.073734 42.015923
v 148.568085 62.495586 42.060028
v 148.834137 61.838886 42.031101
v 146.776627 64.014984 41.391651
v 147.297638 63.791050 41.701187
v 147.823486 63.423447 41.911354
v 148.296112 62.924526 42.020954
v 148.663452 62.320553 42.041992
v 148.885696 61.649281 41.997574
v 146.444000 64.087944 41.101151
v 146.925186 63.967751 41.472931
v 147.453079 63.703972 41.754917
v 147.969452 63.298309 41.936012
v 148.417236 62.767120 42.018826
v 148.747223 62.140160 42.018715
v 148.923859 61.457752 41.961323
v 146.577682 64.068413 41.198914
v 147.077103 63.909588 41.546646
v 147.607346 63.606010 41.800323
v 148.109772 63.163464 41.952667
v 148.528885 62.602219 42.010002
v 148.818726 61.955303 41.990864
v 148.948380 61.265312 41.923126
v 146.717743 64.038605 41.290318
v 147.231125 63.840382 41.612495
v 147.759125 63.497364 41.837402
v 148.243301 63.019413 41.961601
v 148.630142 62.430584 41.995026
v 148.877426 61.766933 41.959148
v 146.863052 63.998188 41.374855
v 147.386002 63.760113 41.670254
v 147.907211 63.378323 41.866230
v 148.368927 62.866749 41.963177
v 148.720215 62.253036 41.974480
v 148.922913 61.576008 41.924305
v 146.524780 64.080238 41.093445
v 147.012436 63.946918 41.452099
v 147.540436 63.668839 41.719780
v 148.050339 63.249271 41.886974
v 148.485641 62.706120 41.957825
v 148.798401 62.070450 41.949009
v 148.954880 61.383533 41.887104
v 146.660477 64.057060 41.187561
v 147.164658 63.884636 41.521694
v 147.693146 63.566715 41.761028
v 148.187347 63.110668 41.899872
v 148.592499 62.538258 41.946045
v 148.864090 61.883739 41.919300
v 146.802109 64.023430 41.275146
v 147.318481 63.811260 41.583374
v 147.842896 63.453983 41.794022
v 148.317123 62.963055 41.905239
v 148.688629 62.363949 41.928391
v 148.916794 61.693855 41.886070
v 146.948502 63.979065 41.355732
v 147.472626 63.726807 41.636944
v 147.988403 63.330971 41.818878
v 148.438568 62.807037 41.903469
v 148.773285 62.184036 41.905476
v 148.956131 61.501785 41.850079
v 146.605087 64.070351 41.083557
v 147.098480 63.923740 41.428921
v 147.625809 63.631363 41.682308
v 148.128510 63.198082 41.835781
v 148.550705 62.643311 41.895016
v 148.845779 61.999409 41.877964
v 148.981857 61.308525 41.812096
v 146.742599 64.043472 41.173969
v 147.250793 63.857334 41.494392
v 147.776764 63.525127 41.719440
v 148.262009 63.055813 41.845016
v 148.652618 62.472622 41.880405
v 148.905548 61.810997 41.846554
v 146.885590 64.005989 41.257702
v 147.404175 63.779797 41.551907
v 147.924240 63.408371 41.748409
v 148.387833 62.904736 41.846920
v 148.743484 62.295780 41.860218
v 148.952179 61.619766 41.811985
v 147.032852 63.957642 41.334312
v 147.557373 63.691177 41.601315
v 148.066986 63.281448 41.769356
v 148.504913 62.745487 41.841915
v 148.822571 62.113647 41.835091
v 148.985306 61.426716 41.775009
v 146.684799 64.058296 41.071503
v 147.183197 63.898251 41.403431
v 147.709091 63.591606 41.642548
v 148.203842 63.144810 41.782513
v 148.612305 62.578785 41.830490
v 148.889267 61.927132 41.805691
v 149.004745 61.232845 41.736416
v 146.823929 64.027664 41.158169
v 147.335373 63.827717 41.464775
v 147.858063 63.481304 41.675617
v 148.333649 62.998974 41.788177
v 148.709122 62.405403 41.813190
v 148.943039 61.737183 41.772743
v 146.968063 63.986294 41.238010
v 147.488113 63.746033 41.518143
v 148.003052 63.360584 41.700623
v 148.455338 62.844543 41.786728
v 148.794586 62.226173 41.790615
v 148.983521 61.544777 41.736992
v 147.115982 63.933949 41.310619
v 147.640137 63.653278 41.563419
v 148.142838 63.229836 41.717743
v 148.567886 62.682186 41.778614
v 148.868011 62.041977 41.763416
v 149.010391 61.350910 41.699203
v 146.763794 64.044090 41.057297
v 147.266495 63.870483 41.375664
v 147.790161 63.549622 41.600563
v 148.276245 63.089535 41.727238
v 148.670380 62.512642 41.764343
v 148.928802 61.853733 41.732292
v 146.904343 64.009674 41.140175
v 147.418304 63.795830 41.432892
v 147.936935 63.435314 41.629627
v 148.402161 62.940235 41.729439
v 148.761963 62.336708 41.744492
v 148.976517 61.662411 41.697971
v 147.049408 63.964382 41.216099
v 147.570160 63.710022 41.482132
v 148.079224 63.310703 41.650742
v 148.519531 62.782566 41.724754
v 148.841888 62.155235 41.719677
v 149.010773 61.468990 41.661205
v 147.197769 63.908024 41.284695
v 147.720779 63.613167 41.523308
v 148.215820 63.176208 41.664116
v 148.627380 62.617222 41.713654
v 148.909531 61.969128 41.690567
v 149.031357 61.274479 41.622776
v 146.841949 64.027756 41.040962
v 147.348206 63.840481 41.345661
v 147.868896 63.505470 41.556412
v 148.345596 63.032345 41.670044
v 148.724808 62.444969 41.696674
v 148.964340 61.779320 41.657875
v 146.983719 63.989513 41.120014
v 147.499435 63.761723 41.398781
v 148.013260 63.387218 41.581532
v 148.467422 62.879688 41.668888
v 148.811035 62.266628 41.674412
v 149.005905 61.586784 41.622345
v 147.129501 63.940285 41.191998
v 147.650192 63.671814 41.443924
v 148.152634 63.258793 41.598831
v 148.580322 62.718899 41.661083
v 148.885315 62.083069 41.647507
v 149.033905 61.392521 41.584736
v 147.278091 63.879902 41.256573
v 147.799194 63.570900 41.481041
v 148.285858 63.120644 41.608551
v 148.683319 62.550697 41.647129
v 148.947083 61.895206 41.616646
v 146.919174 64.009315 41.022526
v 147.428238 63.808285 41.313465
v 147.945190 63.459217 41.510162
v 148.411789 62.973312 41.611015
v 148.775543 62.375877 41.627579
v 148.995819 61.703995 41.582554
v 147.061951 63.967220 41.097721
v 147.578674 63.725445 41.362503
v 148.086914 63.337093 41.531406
v 148.529373 62.817413 41.606617
v 148.856262 62.195271 41.603058
v 149.031174 61.510418 41.545979
v 147.208237 63.914032 41.165749
v 147.728104 63.631466 41.403580
v 148.223175 63.204929 41.544968
v 148.637619 62.653629 41.595814
v 148.924805 62.009777 41.574215
v 149.052872 61.315483 41.507698
v 147.356842 63.849625 41.226295
v 147.875259 63.526543 41.436680
v 148.352829 63.063221 41.551128
v 148.735596 62.482708 41.579136
v 148.980591 61.820320 41.541763
v 147.506470 63.773949 41.279129
v 148.018906 63.410934 41.461880
v 148.474747 62.912533 41.550236
v 148.822510 62.305458 41.557163
v 149.023193 61.627872 41.506432
v 147.138901 63.942822 41.073326
v 147.655869 63.687042 41.324100
v 148.157806 63.285007 41.479321
v 148.587906 62.753510 41.542709
v 148.897614 62.122742 41.530529
v 149.052292 61.433426 41.468987
v 147.285492 63.885670 41.137386
v 147.803757 63.589039 41.361153
v 148.290756 63.149200 41.489239
v 148.691330 62.586857 41.529041
v 148.960281 61.935471 41.499908
v 149.067657 61.237984 41.430202
v 147.433884 63.817238 41.193909
v 147.948883 63.480152 41.390293
v 148.416641 63.004028 41.491936
v 148.784164 62.413349 41.509777
v 149.010025 61.744587 41.466026
v 147.582794 63.737518 41.242699
v 148.089966 63.360691 41.411633
v 148.534363 62.850094 41.487797
v 148.865616 62.233818 41.485523
v 149.046432 61.551067 41.429626
v 147.214493 63.916359 41.046864
v 147.730942 63.646580 41.283638
v 148.225815 63.231041 41.425354
v 148.642929 62.688065 41.477268
v 148.934982 62.049149 41.456932
v 149.069229 61.355915 41.391476
v 147.361160 63.855232 41.106949
v 147.877075 63.544594 41.316704
v 148.355270 63.091679 41.431717
v 148.741394 62.518677 41.460865
v 148.991714 61.860256 41.424698
v 147.509109 63.782787 41.159458
v 148.019913 63.431808 41.341949
v 148.477188 62.943150 41.431057
v 148.828934 62.342728 41.439156
v 149.035339 61.668106 41.389549
v 147.657074 63.699047 41.204224
v 148.158249 63.308559 41.359501
v 148.590546 62.786087 41.423786
v 148.904800 62.161068 41.412769
v 149.065491 61.473686 41.352245
v 147.288589 63.887871 41.018372
v 147.803772 63.604115 41.241173
v 148.290863 63.175274 41.369587
v 148.694366 62.621181 41.410381
v 148.968353 61.974594 41.382378
v 149.081940 61.278004 41.313564
v 147.435120 63.822769 41.074486
v 147.947922 63.498196 41.270306
v 148.416611 63.032452 41.372490
v 148.787735 62.449192 41.391380
v 149.019058 61.784248 41.348686
v 147.582428 63.746326 41.122993
v 148.088287 63.381573 41.291714
v 148.534409 62.880676 41.368584
v 148.869858 62.270943 41.367374
v 149.056488 61.591000 41.312443
v 147.729218 63.658588 41.163769
v 148.223663 63.254616 41.305561
v 148.643234 62.720604 41.358303
v 148.940033 62.087303 41.339008
v 149.080338 61.395847 41.274406
v 147.874237 63.559708 41.196766
v 148.352829 63.117783 41.312096
v 148.742142 62.552952 41.342152
v 148.997665 61.899189 41.306976
v 147.507263 63.788330 41.040043
v 148.016205 63.449913 41.222023
v 148.474701 62.971607 41.311646
v 148.830261 62.378506 41.320690
v 149.042252 61.707554 41.271992
v 147.653702 63.707905 41.084576
v 148.153900 63.329521 41.239662
v 148.588196 62.816700 41.304607
v 148.906845 62.198105 41.294537
v 149.073441 61.513378 41.234818
v 147.799118 63.616211 41.121391
v 148.286087 63.198940 41.249886
v 148.692322 62.653740 41.291443
v 148.971237 62.012642 41.264347
v 149.090958 61.317665 41.196224
v 147.942245 63.513424 41.150482
v 148.411652 63.058659 41.252972
v 148.786179 62.483479 41.272678
v 149.022858 61.823048 41.230835
v 148.081818 63.399815 41.171925
v 148.529465 62.909237 41.249275
v 148.868942 62.306717 41.248901
v 149.061279 61.630287 41.194729
v 147.722855 63.667580 41.044250
v 148.216629 63.275734 41.185875
v 148.638489 62.751312 41.239220
v 148.939880 62.124321 41.220749
v 149.086182 61.435352 41.156792
v 147.866684 63.571968 41.077148
v 148.345474 63.141617 41.192558
v 148.737762 62.585598 41.223301
v 148.998367 61.937191 41.188896
v 149.097336 61.239250 41.117809
v 148.007706 63.465332 41.102390
v 148.467224 62.997982 41.192295
v 148.826431 62.412861 41.202065
v 149.043915 61.746281 41.154064
v 148.144684 63.347977 41.120087
v 148.580795 62.845425 41.185463
v 148.903702 62.233932 41.176121
v 149.076111 61.552563 41.117004
v 148.276398 63.220284 41.130424
v 148.685196 62.684612 41.172520
v 148.968872 62.049690 41.146122
v 149.094681 61.357037 41.078480
v 147.931793 63.525928 41.031109
v 148.401703 63.082726 41.133667
v 148.779480 62.516273 41.153976
v 149.021393 61.861061 41.112766
v 148.070496 63.415504 41.052563
v 148.519455 62.935848 41.130157
v 148.862823 62.341209 41.130409
v 149.060791 61.668999 41.076782
v 148.204681 63.294476 41.066586
v 148.628632 62.780273 41.120312
v 148.934479 62.160263 41.102448
v 149.086716 61.474495 41.038933
v 148.333130 63.163258 41.073399
v 148.728241 62.616695 41.104603
v 148.993820 61.974335 41.070763
v 148.454697 63.022354 41.073296
v 148.817413 62.445873 41.083572
v 149.040283 61.784363 41.036068
v 148.568298 62.872341 41.066654
v 148.895309 62.268620 41.057823
v 148.261734 63.239388 41.011497
v 148.672913 62.713871 41.053909
v 148.961258 62.085812 41.027996
v 148.386719 63.104736 41.014877
v 148.767593 62.547661 41.035568
v 148.504379 62.960594 41.011536
v 148.851486 62.374493 41.012196
v -4.000000 -42.898937 41.078529
v -4.000000 -42.895748 41.157001
v -4.000000 -42.890434 41.235359
v -4.000000 -42.882999 41.313545
v -4.000000 -42.873451 41.391499
v -4.000000 -42.861797 41.469170
v -4.000000 -42.848042 41.546490
v -4.000000 -42.832199 41.623413
v -4.000000 -42.814278 41.699879
v -4.000000 -42.794296 41.775833
v -4.000000 -42.772263 41.851215
v -4.000000 -42.748196 41.925976
v -4.000000 -42.722111 42.000053
v -4.000000 -42.694031 42.073402
v -4.000000 -42.663979 42.145958
v -4.000000 -42.631969 42.217678
v -4.000000 -42.598030 42.288506
v -4.000000 -42.562183 42.358383
v -4.000000 -42.524460 42.427269
v -4.000000 -42.484886 42.495106
v -4.000000 -42.443489 42.561848
v -4.000000 -42.400299 42.627441
v -4.000000 -42.355347 42.691845
v -4.000000 -42.308670 42.755005
v -4.000000 -42.260300 42.816879
v -4.000000 -42.210270 42.877419
v -4.000000 -42.158619 42.936584
v -4.000000 -42.105389 42.994328
v -4.000000 -42.050610 43.050610
v -4.000000 -41.994328 43.105389
v -4.000000 -41.936584 43.158619
v -4.000000 -41.877419 43.210270
v -4.000000 -41.816879 43.260300
v -4.000000 -41.755005 43.308670
v -4.000000 -41.691845 43.355347
v -4.000000 -41.627441 43.400299
v -4.000000 -41.561848 43.443489
v -4.000000 -41.495106 43.484886
v -4.000000 -41.427269 43.524460
v -4.000000 -41.358383 43.562183
v -4.000000 -41.288506 43.598030
v -4.000000 -41.217678 43.631969
v -4.000000 -41.145958 43.663979
v -4.000000 -41.073402 43.694031
v -4.000000 -41.000053 43.722111
v -4.000000 -40.925976 43.748196
v -4.000000 -40.851215 43.772263
v -4.000000 -40.775833 43.794296
v -4.000000 -40.699879 43.814278
v -4.000000 -40.623413 43.832199
v -4.000000 -40.546490 43.848042
v -4.000000 -40.469170 43.861797
v -4.000000 -40.391499 43.873451
v -4.000000 -40.313545 43.882999
v -4.000000 -40.235359 43.890434
v -4.000000 -40.157001 43.895748
v -4.000000 -40.078529 43.898937
v -4.040755 -40.110802 43.897594
v -4.122205 -40.108593 43.895390
v -4.084326 -40.220852 43.890350
v -4.203475 -40.104183 43.890976
v -4.043525 -40.332287 43.880569
v -4.168528 -40.217426 43.886925
v -4.284447 -40.097572 43.884365
v -4.130510 -40.329929 43.878212
v -4.252483 -40.211723 43.881218
v -4.365002 -40.088776 43.875568
v -4.089613 -40.441467 43.864799
v -4.217304 -40.325218 43.873501
v -4.336067 -40.203747 43.873245
v -4.046039 -40.551823 43.846642
v -4.445021 -40.077801 43.864594
v -4.179095 -40.437828 43.861160
v -4.303779 -40.318157 43.866444
v -4.419158 -40.193516 43.863014
v -4.138050 -40.549328 43.844147
v -4.524386 -40.064667 43.851463
v -4.268313 -40.431767 43.855099
v -4.389809 -40.308762 43.857048
v -4.094374 -40.659496 43.822437
v -4.501635 -40.181042 43.850540
v -4.229858 -40.544346 43.839165
v -4.602982 -40.049397 43.836189
v -4.357139 -40.423294 43.846626
v -4.048284 -40.768120 43.796009
v -4.475266 -40.297043 43.845329
v -4.188610 -40.655663 43.818604
v -4.583374 -40.166344 43.835842
v -4.321329 -40.536877 43.831696
v -4.680693 -40.032005 43.818798
v -4.445439 -40.412422 43.835751
v -4.144779 -40.765503 43.793392
v -4.560025 -40.283020 43.831303
v -4.282569 -40.649281 43.812222
v -4.664258 -40.149445 43.818939
v -4.412328 -40.526939 43.821758
v -4.757405 -40.012524 43.799316
v -4.098582 -40.873653 43.763515
v -4.533086 -40.399166 43.822495
v -4.241063 -40.760277 43.788166
v -4.643963 -40.266708 43.814991
v -4.376114 -40.640358 43.803299
v -4.744166 -40.130363 43.799862
v -4.050244 -40.979908 43.728966
v -4.502722 -40.514542 43.809361
v -4.197019 -40.869648 43.759510
v -4.619951 -40.383545 43.806877
v -4.336992 -40.752445 43.780334
v -4.726955 -40.248135 43.796421
v -4.469106 -40.628906 43.791847
v -4.822983 -40.109135 43.778629
v -4.150659 -40.977188 43.726246
v -4.592378 -40.499706 43.794525
v -4.295167 -40.862984 43.752842
v -4.705906 -40.365585 43.788914
v -4.432427 -40.742023 43.769913
v -4.808881 -40.227329 43.775616
v -4.102211 -41.082684 43.688374
v -4.561410 -40.614944 43.777889
v -4.900591 -40.085785 43.755283
v -4.250853 -40.971748 43.720806
v -4.681164 -40.482456 43.777275
v -4.392882 -40.853661 43.743523
v -4.790825 -40.345306 43.768639
v -4.051910 -41.185947 43.645908
v -4.527227 -40.729023 43.756912
v -4.889619 -40.204319 43.752605
v -4.204272 -41.078533 43.684219
v -4.652890 -40.598495 43.761436
v -4.976878 -40.060349 43.729847
v -4.350678 -40.963600 43.712654
v -4.768951 -40.462811 43.757629
v -4.490020 -40.841702 43.731560
v -4.874583 -40.322746 43.746078
v -4.155654 -41.183136 43.643097
v -4.621254 -40.713463 43.741352
v -4.969052 -40.179142 43.727425
v -4.306033 -41.071621 43.677307
v -4.743412 -40.579578 43.742523
v -5.051732 -40.032867 43.702366
v -4.449989 -40.952751 43.701809
v -4.855610 -40.440804 43.735622
v -4.105240 -41.285362 43.597454
v -4.586439 -40.827118 43.716976
v -4.957057 -40.297932 43.721264
v -4.259171 -41.177517 43.637478
v -4.714369 -40.695370 43.723259
v -5.047063 -40.151829 43.700111
v -4.407344 -41.061954 43.667645
v -4.832842 -40.558228 43.721169
v -4.053272 -41.385025 43.547325
v -4.548639 -40.939224 43.688282
v -4.941013 -40.416462 43.711281
v -4.210325 -41.281086 43.593178
v -4.681997 -40.809933 43.699795
v -5.038127 -40.270905 43.694237
v -4.362306 -41.169098 43.629059
v -4.806435 -40.674767 43.702656
v -5.123537 -40.122421 43.670708
v -4.508059 -41.049553 43.655243
v -4.921051 -40.534466 43.697407
v -4.159737 -41.382141 43.544437
v -4.646484 -40.923035 43.672089
v -5.025034 -40.389828 43.684650
v -4.315102 -41.273968 43.586060
v -4.776555 -40.790176 43.680035
v -5.117674 -40.241699 43.665031
v -4.464910 -41.157890 43.617851
v -4.897318 -40.651688 43.679577
v -5.198362 -40.090969 43.639252
v -4.107651 -41.480495 43.491295
v -4.608027 -41.034435 43.640121
v -5.007907 -40.508335 43.671276
v -4.265968 -41.376373 43.538673
v -4.743381 -40.904205 43.653263
v -5.107552 -40.360939 43.655758
v -4.419416 -41.264019 43.576111
v -4.869973 -40.767868 43.657730
v -5.195580 -40.210361 43.633694
v -4.054320 -41.575977 43.433792
v -4.566832 -41.143913 43.603874
v -4.986884 -40.626160 43.654049
v -5.271429 -40.057510 43.605793
v -4.215145 -41.476124 43.486919
v -4.707103 -41.016621 43.622307
v -5.093285 -40.479870 43.642811
v -4.371808 -41.367733 43.530033
v -4.839186 -40.882767 43.631824
v -5.188444 -40.329834 43.624653
v -4.523115 -41.251251 43.563343
v -4.962113 -40.743050 43.632912
v -5.271731 -40.176937 43.600269
v -4.162882 -41.573036 43.430851
v -4.667921 -41.127186 43.587147
v -5.075001 -40.598228 43.626118
v -5.342628 -40.022099 43.570381
v -4.322322 -41.468842 43.479641
v -4.805141 -40.996132 43.601822
v -5.177058 -40.449112 43.612057
v -4.477103 -41.356236 43.518532
v -4.933760 -40.858749 43.607803
v -5.267591 -40.296562 43.591381
v -4.109431 -41.666943 43.370514
v -4.626046 -41.235683 43.547775
v -5.052843 -40.715752 43.605614
v -5.346016 -40.141476 43.564804
v -4.271204 -41.567154 43.424969
v -4.768031 -41.107735 43.567696
v -5.161541 -40.567932 43.595818
v -4.429027 -41.458664 43.469460
v -4.901998 -40.973007 43.578693
v -5.259103 -40.416111 43.579052
v -4.055050 -41.757679 43.305977
v -4.581697 -41.341888 43.504189
v -5.026963 -40.832184 43.581242
v -5.344879 -40.261169 43.555992
v -4.218702 -41.662495 43.366066
v -4.728058 -41.217339 43.529430
v -5.142026 -40.686020 43.575878
v -5.418326 -40.104027 43.527355
v -4.379128 -41.558346 43.416161
v -4.867013 -41.085583 43.545544
v -5.246376 -40.535309 43.563198
v -4.535102 -41.445602 43.456398
v -4.997530 -40.947273 43.552959
v -5.339300 -40.380909 43.543850
v -4.165071 -41.754700 43.302994
v -4.685438 -41.324726 43.487022
v -5.118659 -40.803120 43.552177
v -5.420192 -40.223713 43.518532
v -4.327652 -41.655094 43.358665
v -4.829002 -41.196243 43.508339
v -5.229534 -40.653893 43.543751
v -5.488554 -40.064648 43.487976
v -4.486496 -41.546619 43.404430
v -4.964722 -41.060768 43.520729
v -5.329382 -40.500416 43.528305
v -4.110569 -41.843605 43.235821
v -4.640392 -41.429676 43.440475
v -5.091599 -40.918972 43.524658
v -5.417532 -40.343563 43.506504
v -4.274848 -41.748741 43.297035
v -4.788173 -41.304760 43.467060
v -5.208714 -40.771591 43.520645
v -5.493421 -40.184242 43.479061
v -4.436120 -41.644749 43.348320
v -4.928729 -41.172432 43.484524
v -5.315237 -40.619419 43.509277
v -5.556597 -40.023396 43.446724
v -4.055458 -41.929070 43.164627
v -4.593150 -41.531994 43.389805
v -5.061016 -41.033325 43.493286
v -5.410437 -40.463299 43.491188
v -4.220975 -41.839115 43.231331
v -4.744741 -41.410912 43.421711
v -5.184066 -40.888142 43.493832
v -5.493683 -40.304127 43.467068
v -4.384223 -41.739811 43.288105
v -4.889751 -41.282032 43.444328
v -5.296994 -40.737644 43.486702
v -5.564458 -40.142818 43.437637
v -4.543949 -41.631470 43.335041
v -5.027093 -41.145935 43.458031
v -5.399010 -40.582649 43.472507
v -4.166291 -41.926064 43.161625
v -4.698933 -41.514488 43.372303
v -5.155753 -41.003296 43.463257
v -5.489421 -40.424015 43.451904
v -4.331058 -41.831635 43.223850
v -4.847998 -41.389336 43.400135
v -5.274795 -40.854832 43.460522
v -5.567643 -40.262653 43.425594
v -4.493034 -41.727928 43.276222
v -4.990023 -41.256565 43.418861
v -5.383371 -40.701332 43.450390
v -5.633200 -40.099499 43.394318
v -4.111058 -42.009449 43.088009
v -4.650979 -41.615284 43.318855
v -5.123950 -41.116798 43.428890
v -5.480729 -40.543636 43.433495
v -4.276880 -41.920063 43.155621
v -4.803690 -41.494133 43.351948
v -5.248793 -40.970722 43.430683
v -5.566220 -40.382622 43.410511
v -4.440654 -41.821182 43.213398
v -4.950010 -41.364979 43.375778
v -5.363653 -40.819088 43.424778
v -5.639301 -40.219208 43.382149
v -4.055539 -42.089138 43.010578
v -4.601121 -41.713104 43.261398
v -5.088842 -41.228401 43.390701
v -5.467717 -40.662708 43.411766
v -5.699544 -40.054348 43.349171
v -4.221952 -42.004940 43.083496
v -4.757054 -41.596210 43.299778
v -5.219157 -41.085056 43.397148
v -5.560276 -40.502438 43.392300
v -4.387064 -41.911068 43.146626
v -4.907268 -41.470955 43.328766
v -5.340001 -40.935650 43.395611
v -5.640720 -40.339176 43.367065
v -4.549603 -41.807766 43.199982
v -5.050629 -41.337875 43.348675
v -5.450509 -40.780968 43.386654
v -5.708554 -40.173855 43.336796
v -4.166535 -42.086128 43.007568
v -4.708326 -41.695366 43.243660
v -5.186064 -41.197586 43.359882
v -5.549910 -40.621830 43.370888
v -4.332521 -41.997429 43.075985
v -4.862018 -41.574276 43.277847
v -5.312574 -41.050758 43.362850
v -5.637532 -40.459118 43.348980
v -4.496678 -41.899094 43.134655
v -5.009514 -41.444988 43.302799
v -5.429242 -40.898136 43.358097
v -5.712812 -40.293747 43.321636
v -4.110895 -42.163502 42.927940
v -4.657747 -41.791409 43.183624
v -5.149704 -41.308067 43.318867
v -5.535237 -40.740517 43.346207
v -5.775299 -40.126659 43.289600
v -4.277287 -42.080116 43.001556
v -4.814491 -41.674736 43.223030
v -5.281544 -41.164154 43.326454
v -5.629827 -40.578754 43.327812
v -4.442602 -41.986927 43.065483
v -4.965717 -41.549515 43.253086
v -5.404066 -41.013954 43.326046
v -5.712385 -40.413738 43.303596
v -4.055295 -42.236942 42.844730
v -4.605565 -41.884163 43.119724
v -5.110279 -41.416271 43.274086
v -5.516385 -40.858231 43.318192
v -5.782391 -40.246395 43.274284
v -4.221626 -42.158997 42.923439
v -4.764924 -41.772137 43.164352
v -5.247093 -41.275597 43.286396
v -5.617712 -40.697803 43.303493
v -5.839438 -40.077690 43.240631
v -4.387632 -42.071106 42.992550
v -4.919461 -41.651245 43.199539
v -5.375144 -41.128166 43.290462
v -5.707354 -40.533546 43.282604
v -4.552033 -41.973454 43.052010
v -5.067998 -41.521965 43.225536
v -5.493496 -40.974701 43.286793
v -5.784725 -40.366360 43.256222
v -4.165802 -42.233948 42.841732
v -4.713562 -41.866291 43.101852
v -5.209414 -41.384846 43.242661
v -5.601303 -40.815994 43.275955
v -5.849353 -40.197197 43.225086
v -4.332033 -42.151497 42.915936
v -4.870979 -41.749977 43.142189
v -5.342651 -41.240517 43.251312
v -5.697812 -40.652889 43.258575
v -5.900878 -40.027020 43.189960
v -4.497408 -42.059116 42.980560
v -5.023081 -41.624931 43.173225
v -5.466725 -41.089668 43.251965
v -5.782373 -40.486271 43.235329
v -4.110081 -42.304859 42.756561
v -4.660654 -41.957024 43.035583
v -5.168712 -41.491665 43.195232
v -5.580735 -40.933056 43.245148
v -5.854446 -40.317062 43.206921
v -4.276067 -42.227962 42.835747
v -4.820512 -41.845509 43.081070
v -5.306775 -41.350758 43.208572
v -5.683871 -40.771492 43.231453
v -5.913601 -40.146221 43.174110
v -4.441952 -42.141010 42.905453
v -4.975756 -41.724957 43.117172
v -5.436239 -41.202869 43.213669
v -5.775421 -40.605839 43.211525
v -4.054726 -42.371624 42.668053
v -4.606455 -42.044163 42.965607
v -5.125200 -41.595825 43.144123
v -5.556154 -41.048714 43.211014
v -5.854777 -40.436996 43.186054
v -4.220000 -42.300388 42.752090
v -4.768305 -41.937664 43.016224
v -5.267711 -41.458656 43.162228
v -5.665654 -40.889076 43.201168
v -5.921445 -40.265911 43.155769
v -4.385927 -42.218994 42.826778
v -4.926258 -41.821846 43.057407
v -5.402217 -41.314060 43.171875
v -5.763967 -40.724785 43.184746
v -5.975041 -40.093540 43.121429
v -4.551223 -42.127556 42.891998
v -5.079101 -41.697121 43.089336
v -5.527719 -41.162716 43.173515
v -5.850423 -40.556717 43.162407
v -4.164097 -42.368660 42.665089
v -4.714611 -42.026268 42.947708
v -5.225668 -41.563980 43.112274
v -5.643299 -41.005371 43.167671
v -5.924459 -40.385799 43.134857
v -4.329597 -42.292942 42.744644
v -4.874829 -41.915405 42.993965
v -5.364849 -41.422993 43.126564
v -5.748128 -40.842831 43.154922
v -5.985624 -40.212978 43.102840
v -4.495220 -42.207058 42.814842
v -5.030644 -41.795338 43.030895
v -5.495602 -41.274803 43.132618
v -5.841475 -40.675941 43.135902
v -6.033583 -40.039234 43.067123
v -4.108621 -42.432690 42.574875
v -4.659684 -42.111153 42.875591
v -5.180862 -41.666504 43.058720
v -5.616957 -41.120117 43.130913
v -5.922711 -40.505604 43.111290
v -4.273227 -42.362736 42.659164
v -4.821718 -42.005455 42.926895
v -5.324337 -41.529434 43.077732
v -5.728032 -40.959702 43.121998
v -5.991317 -40.332752 43.081810
v -4.438709 -42.282532 42.734238
v -4.980069 -41.890278 42.968838
v -5.459984 -41.384724 43.088295
v -5.828037 -40.794384 43.106476
v -6.046889 -40.158352 43.048210
v -4.053835 -42.492386 42.481590
v -4.603786 -42.192169 42.799953
v -5.133518 -41.766018 43.001579
v -5.586791 -41.233044 43.090858
v -5.916280 -40.625034 43.084995
v -4.217083 -42.428276 42.570461
v -4.767178 -42.091824 42.856262
v -5.280890 -41.633156 43.025372
v -5.703822 -41.075130 43.085926
v -5.992176 -40.452568 43.058254
v -4.381956 -42.353859 42.650288
v -4.927619 -41.981758 42.903198
v -5.421062 -41.492241 43.040539
v -5.810229 -40.911766 43.074066
v -6.055252 -40.277935 43.026989
v -4.547178 -42.269176 42.720882
v -5.083870 -41.862316 42.940876
v -5.552977 -41.343910 43.047482
v -5.905262 -40.743809 43.055901
v -6.105150 -40.102104 42.991962
v -4.161428 -42.489471 42.478672
v -4.711466 -42.174351 42.782135
v -5.234728 -41.733936 42.969494
v -5.675652 -41.188850 43.046661
v -5.988272 -40.572140 43.032101
v -4.325226 -42.420929 42.563114
v -4.873545 -42.069595 42.834038
v -5.379038 -41.597122 42.989338
v -5.788186 -41.027824 43.038620
v -6.058718 -40.397690 43.003380
v -4.490125 -42.342045 42.638474
v -5.032159 -41.955208 42.876648
v -5.515701 -41.452457 43.000755
v -5.889770 -40.861645 43.023941
v -6.116171 -40.221424 42.970482
v -4.106524 -42.546242 42.383945
v -4.654843 -42.252892 42.704597
v -5.186081 -41.831566 42.910126
v -5.643690 -41.300602 43.004173
v -5.979692 -40.691177 43.003269
v -6.160321 -40.044319 42.934177
v -4.268783 -42.483643 42.472847
v -4.818102 -42.153629 42.761414
v -5.334126 -41.699135 42.934696
v -5.762053 -41.142277 43.000092
v -6.057347 -40.517334 42.977295
v -4.432891 -42.410660 42.552845
v -4.978631 -42.044506 42.808945
v -5.475162 -41.558456 42.950672
v -5.869925 -40.978268 42.989063
v -6.122238 -40.341049 42.946739
v -4.052629 -42.598522 42.286430
v -4.597574 -42.327312 42.623741
v -5.135184 -41.925846 42.847286
v -5.608116 -41.410141 42.958435
v -5.966537 -40.809402 42.971699
v -6.173984 -40.163303 42.912361
v -4.212891 -42.541916 42.379616
v -4.761548 -42.233704 42.685410
v -5.286551 -41.798069 42.876629
v -5.731991 -41.254871 42.958443
v -6.051216 -40.636570 42.948662
v -4.375744 -42.474911 42.464115
v -4.923537 -42.130035 42.737820
v -5.431567 -41.661667 42.897228
v -5.845869 -41.093403 42.951214
v -6.123402 -40.460697 42.920658
v -4.539922 -42.397480 42.539665
v -5.082280 -42.016586 42.781025
v -5.569121 -41.517216 42.909431
v -5.948921 -40.926533 42.937328
v -6.182643 -40.282734 42.888420
v -4.157812 -42.595673 42.283581
v -4.704146 -42.309677 42.606106
v -5.236543 -41.893715 42.815159
v -5.698171 -41.365349 42.913647
v -6.040417 -40.755119 42.917419
v -6.228606 -40.103661 42.852718
v -4.318946 -42.534710 42.372414
v -4.867135 -42.211643 42.663345
v -5.385133 -41.761875 42.840435
v -5.817750 -41.206783 42.910355
v -6.119730 -40.580067 42.892159
v -4.482153 -42.463291 42.452492
v -5.027617 -42.103603 42.711388
v -5.526906 -41.621590 42.857151
v -5.926975 -41.042290 42.900105
v -6.186340 -40.402313 42.862274
v -4.103802 -42.644855 42.184895
v -4.646160 -42.381413 42.523598
v -5.184340 -41.985878 42.750320
v -5.660777 -41.473457 42.865673
v -6.025056 -40.872696 42.883495
v -6.239845 -40.222820 42.828510
v -4.262762 -42.589973 42.277882
v -4.809685 -42.289169 42.585598
v -5.336088 -41.858864 42.780308
v -5.785733 -41.318153 42.866447
v -6.111303 -40.698875 42.861176
v -6.279957 -40.042583 42.791641
v -4.424533 -42.524639 42.362339
v -4.971449 -42.186733 42.638439
v -5.481682 -41.723038 42.801598
v -5.900841 -41.156410 42.859978
v -6.185133 -40.521748 42.833843
v -4.051115 -42.689411 42.083725
v -4.587855 -42.448795 42.437996
v -5.130188 -42.074371 42.682156
v -5.620004 -41.578960 42.814518
v -6.005253 -40.989021 42.846836
v -6.246070 -40.342266 42.802227
v -4.207451 -42.640636 42.180676
v -4.751449 -42.362480 42.504665
v -5.284663 -41.952431 42.716873
v -5.749996 -41.427254 42.819469
v -6.098219 -40.816837 42.827637
v -6.293760 -40.161404 42.767090
v -4.367327 -42.581440 42.269348
v -4.914035 -42.265816 42.562244
v -5.433671 -41.821342 42.742786
v -5.870675 -41.268620 42.816914
v -6.179090 -40.640755 42.803051
v -4.529497 -42.511715 42.349415
v -5.074338 -42.159019 42.610725
v -5.576056 -41.681618 42.760174
v -5.981142 -41.103821 42.807388
v -6.247328 -40.461700 42.773796
v -4.153269 -42.686642 42.080956
v -4.692694 -42.431446 42.420650
v -5.231102 -42.042385 42.650169
v -5.710724 -41.533836 42.769398
v -6.080588 -40.933670 42.791485
v -6.302504 -40.280647 42.740608
v -4.310795 -42.633617 42.173656
v -4.855636 -42.340706 42.482895
v -5.383101 -41.916290 42.680733
v -5.836646 -41.378666 42.770882
v -6.168303 -40.759041 42.769836
v -6.344308 -40.098572 42.704258
v -4.471352 -42.570076 42.257984
v -5.017044 -42.239658 42.536087
v -5.529150 -41.781204 42.702648
v -5.952871 -41.216820 42.765118
v -6.243680 -40.580837 42.743137
v -4.100470 -42.727943 41.978889
v -4.633684 -42.495956 42.333660
v -5.175650 -42.128540 42.580242
v -5.668118 -41.637669 42.716225
v -6.058536 -41.049095 42.752663
v -6.306225 -40.400017 42.712109
v -4.255199 -42.681110 42.075420
v -4.796516 -42.411274 42.400475
v -5.330208 -42.007687 42.615471
v -5.798934 -41.486290 42.721851
v -6.152870 -40.876320 42.734135
v -6.355558 -40.217545 42.677505
v -4.413684 -42.623802 42.163841
v -4.958567 -42.316132 42.458317
v -5.479508 -41.877510 42.641953
v -5.920601 -41.327766 42.719982
v -6.235204 -40.699387 42.710182
v -6.391417 -40.034416 42.640106
v -4.049300 -42.764515 41.874657
v -4.574686 -42.555908 42.243816
v -5.118560 -42.210724 42.507156
v -5.622385 -41.738510 42.659954
v -6.032201 -41.162834 42.711132
v -6.304976 -40.519218 42.681515
v -4.200793 -42.723866 41.974808
v -4.736941 -42.477390 42.315090
v -5.275236 -42.095337 42.547043
v -5.757731 -41.591255 42.669815
v -6.132908 -40.992313 42.695885
v -6.361738 -40.336777 42.648872
v -4.356754 -42.672817 42.067131
v -4.899169 -42.388302 42.377502
v -5.427361 -41.970329 42.578114
v -5.884504 -41.436394 42.671951
v -6.221992 -40.817051 42.674866
v -6.405155 -40.153049 42.613010
v -4.515965 -42.611210 42.151249
v -5.060091 -42.288784 42.430969
v -5.573744 -41.836151 42.600590
v -6.001737 -41.274628 42.666843
v -6.298824 -40.637962 42.648762
v -4.147828 -42.761845 41.871986
v -4.677176 -42.538948 42.226856
v -5.218435 -42.179066 42.475494
v -5.713239 -41.693325 42.614765
v -6.108549 -41.106739 42.655037
v -6.362890 -40.455982 42.618282
v -4.300820 -42.717068 41.968010
v -4.839116 -42.456039 42.293739
v -5.372951 -42.059464 42.511166
v -5.844765 -41.542454 42.621014
v -6.204151 -40.933559 42.637127
v -6.413785 -40.272083 42.584175
v -4.457785 -42.661785 42.056095
v -5.000503 -42.362564 42.351768
v -5.522420 -41.930367 42.538155
v -5.967308 -41.384212 42.619770
v -6.287852 -40.755959 42.613773
v -6.451222 -40.087261 42.547222
v -4.096549 -42.795029 41.767139
v -4.617490 -42.595852 42.135891
v -5.160059 -42.258709 42.400894
v -5.665670 -41.792263 42.556705
v -6.079936 -41.219334 42.611549
v -6.359071 -40.574863 42.585659
v -4.246138 -42.756508 41.866650
v -4.778673 -42.519226 42.207134
v -5.316522 -42.144726 42.441154
v -5.801579 -41.645710 42.567150
v -6.181802 -41.048618 42.596916
v -6.417336 -40.391224 42.553524
v -4.400407 -42.707569 41.958511
v -4.940060 -42.431934 42.269638
v -5.468651 -42.020966 42.472672
v -5.929090 -41.491329 42.569889
v -6.272158 -40.872917 42.576488
v -6.462288 -40.206028 42.518120
v -4.047196 -42.823399 41.660454
v -4.558145 -42.648022 42.042332
v -5.100368 -42.334106 42.323307
v -5.615245 -41.887863 42.495647
v -6.047225 -41.329826 42.565388
v -6.350356 -40.693123 42.550938
v -6.493692 -40.020271 42.480232
v -4.192956 -42.791103 41.763218
v -4.718108 -42.577759 42.117798
v -5.258326 -42.225945 42.368130
v -5.755151 -41.745922 42.510365
v -6.155081 -41.161961 42.554176
v -6.415856 -40.510174 42.520973
v -4.344088 -42.748512 41.858654
v -4.879027 -42.496769 42.184677
v -5.412676 -42.107754 42.404182
v -5.887274 -41.595734 42.517178
v -6.251853 -40.988556 42.536854
v -6.468234 -40.325039 42.487339
v -4.499406 -42.695377 41.946323
v -5.039624 -42.405117 42.242817
v -5.562195 -41.979908 42.431610
v -6.010585 -41.437958 42.516518
v -6.336831 -40.810478 42.514050
v -6.507178 -40.138706 42.450798
v -4.141518 -42.820839 41.657898
v -4.657685 -42.631550 42.025864
v -5.198618 -42.302959 42.292164
v -5.705699 -41.842873 42.450657
v -6.124136 -41.273315 42.508877
v -6.409410 -40.628643 42.486458
v -4.289080 -42.784576 41.756687
v -4.817671 -42.556953 42.096992
v -5.354744 -42.190548 42.332733
v -5.842057 -41.697193 42.461632
v -6.227064 -41.102596 42.494812
v -6.469095 -40.444000 42.454796
v -4.441532 -42.737869 41.848011
v -4.978090 -42.471611 42.159519
v -5.506757 -42.068203 42.364632
v -5.970200 -41.543480 42.464920
v -6.318599 -40.926640 42.474937
v -6.515509 -40.257526 42.419823
v -4.092062 -42.845707 41.550888
v -4.597672 -42.680515 41.931461
v -5.137662 -42.375622 42.213322
v -5.653447 -41.936344 42.388050
v -6.089129 -41.382420 42.460979
v -6.398074 -40.746334 42.449905
v -6.548389 -40.070217 42.382309
v -4.235633 -42.815731 41.652790
v -4.756260 -42.612396 42.006706
v -5.295110 -42.269176 42.258381
v -5.793650 -41.795467 42.403252
v -6.197931 -41.214767 42.450325
v -6.464927 -40.562611 42.420425
v -4.384780 -42.775448 41.747559
v -4.916036 -42.533470 42.073505
v -5.449175 -42.152561 42.294746
v -5.926260 -41.646141 42.410583
v -6.295778 -41.041325 42.433540
v -6.518711 -40.376431 42.387226
v -4.044815 -42.865711 41.442379
v -4.538328 -42.724594 41.834736
v -5.075719 -42.443787 42.131695
v -5.598627 -42.026134 42.322563
v -6.050233 -41.489014 42.410454
v -6.381942 -40.862961 42.411259
v -6.559093 -40.188778 42.351078
v -4.183988 -42.841969 41.547146
v -4.695060 -42.663006 41.913948
v -5.234030 -42.343491 42.181194
v -5.742272 -41.890343 42.342049
v -6.164607 -41.324795 42.403351
v -6.455797 -40.680580 42.384151
v -4.329402 -42.808075 41.645134
v -4.853726 -42.590584 41.984898
v -5.389700 -42.232807 42.222008
v -5.878968 -41.745716 42.353500
v -6.268500 -41.154259 42.389820
v -6.516827 -40.495121 42.352936
v -4.479915 -42.763733 41.735844
v -5.013055 -42.507336 42.047375
v -5.541479 -42.112045 42.254234
v -6.007635 -41.592850 42.357288
v -6.361123 -40.978237 42.370453
v -6.564630 -40.307564 42.318363
v -4.134378 -42.863281 41.439953
v -4.634335 -42.708710 41.818848
v -5.171768 -42.413342 42.101250
v -5.688150 -41.981609 42.278038
v -6.127258 -41.432419 42.353863
v -6.441790 -40.797615 42.345909
v -6.598920 -40.118904 42.281200
v -4.275644 -42.835739 41.540920
v -4.791429 -42.642868 41.893810
v -5.328588 -42.308777 42.146477
v -5.828540 -41.841969 42.293674
v -6.236908 -41.265167 42.343723
v -6.509916 -40.613308 42.316879
v -4.422688 -42.797890 41.634945
v -4.949938 -42.566151 41.960464
v -5.482251 -42.193901 42.183102
v -5.961529 -41.693687 42.301472
v -6.335739 -41.091885 42.327446
v -6.565033 -40.426277 42.284092
v -4.087033 -42.879688 41.331402
v -4.574346 -42.749451 41.721561
v -5.108588 -42.478592 42.018631
v -5.631521 -42.069061 42.211246
v -6.086063 -41.537392 42.301830
v -6.423003 -40.913429 42.305645
v -6.606784 -40.237507 42.248306
v -4.223745 -42.858429 41.435101
v -4.729410 -42.690235 41.800373
v -5.266098 -42.380314 42.068222
v -5.775196 -41.934689 42.231117
v -6.201161 -41.373783 42.295223
v -6.498053 -40.730694 42.278992
v -6.634933 -40.048000 42.210297
v -4.366895 -42.827038 41.532215
v -4.886636 -42.620132 41.871078
v -5.421196 -42.271523 42.109226
v -5.912124 -41.791294 42.243000
v -6.305926 -41.203625 42.282185
v -6.560352 -40.544621 42.248192
v -4.042171 -42.891205 41.221706
v -4.515353 -42.785179 41.622238
v -5.044756 -42.539127 41.933441
v -5.572627 -42.152515 42.141720
v -6.041211 -41.639462 42.247246
v -6.399550 -41.027737 42.263294
v -6.609475 -40.356178 42.213993
v -4.173939 -42.876152 41.327866
v -4.667934 -42.732620 41.704731
v -5.202494 -42.447285 41.987324
v -5.719168 -42.023670 42.165855
v -6.161430 -41.479851 42.244289
v -6.481327 -40.846989 42.239204
v -6.645113 -40.166359 42.177158
v -4.312783 -42.851162 41.427834
v -4.823415 -42.669197 41.779339
v -5.358569 -42.344757 42.032665
v -5.859636 -41.885448 42.181877
v -6.271834 -41.313187 42.234631
v -6.550651 -40.662300 42.210594
v -4.457609 -42.815868 41.521046
v -4.980541 -42.594841 41.845783
v -5.511717 -42.231792 42.069492
v -5.992902 -41.738392 42.190098
v -6.371560 -41.140259 42.218815
v -6.607030 -40.474617 42.178188
v -4.126450 -42.888920 41.219421
v -4.607262 -42.769974 41.607029
v -5.138041 -42.509560 41.903870
v -5.660694 -42.108715 42.097916
v -6.117897 -41.583118 42.190903
v -6.459840 -40.961906 42.197464
v -6.650086 -40.284927 42.142742
v -4.260590 -42.870266 41.321980
v -4.760541 -42.713268 41.685379
v -5.294634 -42.413456 41.953495
v -5.804292 -41.975937 42.118122
v -6.233625 -41.420311 42.184750
v -6.536008 -40.779018 42.171234
v -6.679560 -40.094227 42.105022
v -4.401362 -42.841488 41.418156
v -4.916211 -42.645630 41.755772
v -5.449047 -42.306725 41.994629
v -5.941348 -41.833958 42.130386
v -6.339172 -41.250721 42.172165
v -6.599504 -40.592529 42.140827
v -4.081495 -42.896767 41.109974
v -4.547650 -42.802250 41.507427
v -5.073008 -42.567020 41.817963
v -5.600020 -42.189636 42.027340
v -6.070755 -41.683342 42.135048
v -6.433713 -41.075161 42.153721
v -6.649882 -40.403404 42.106976
v -4.210544 -42.884357 41.214859
v -4.698279 -42.752285 41.589344
v -5.229656 -42.477482 41.871796
v -5.746324 -42.062557 42.051762
v -6.191475 -41.524738 42.132523
v -6.516520 -40.894489 42.130051
v -6.686809 -40.212627 42.070442
v -4.346858 -42.862038 41.313751
v -4.852033 -42.691425 41.663536
v -5.384875 -42.377155 41.917194
v -5.886768 -41.925934 42.068123
v -6.302542 -41.358860 42.123299
v -6.586968 -40.709618 42.101833
v -6.710074 -40.021214 42.032009
v -4.489353 -42.829422 41.406090
v -5.007663 -42.619568 41.729710
v -5.537398 -42.266266 41.954174
v -6.020210 -41.780289 42.076717
v -6.403078 -41.186478 42.107922
v -6.644544 -40.521488 42.069786
v -4.162870 -42.893459 41.106663
v -4.636888 -42.786201 41.491383
v -5.163900 -42.536716 41.787659
v -5.685975 -42.145123 41.982822
v -6.145569 -41.626225 42.077927
v -6.492294 -41.008427 42.086987
v -6.688845 -40.331078 42.034649
v -4.294329 -42.877518 41.208019
v -4.788272 -42.732147 41.569206
v -5.319466 -42.442951 41.837261
v -5.829391 -42.014118 42.003323
v -6.261836 -41.464409 42.072193
v -6.569506 -40.825588 42.061150
v -6.719588 -40.139389 41.997200
v -4.432616 -42.851475 41.303192
v -4.942274 -42.667118 41.639229
v -5.473084 -42.338440 41.878479
v -5.966475 -41.873734 42.015923
v -6.368079 -41.295586 42.060028
v -6.634131 -40.638889 42.031101
v -4.576624 -42.814980 41.391651
v -5.097636 -42.591049 41.701187
v -5.623492 -42.223446 41.911354
v -6.096107 -41.724525 42.020954
v -6.463456 -41.120552 42.041992
v -6.685701 -40.449280 41.997574
v -4.244006 -42.887947 41.101151
v -4.725191 -42.767750 41.472931
v -5.253084 -42.503975 41.754917
v -5.769455 -42.098312 41.936012
v -6.217235 -41.567120 42.018826
v -6.547218 -40.940159 42.018715
v -6.723861 -40.257751 41.961323
v -4.377682 -42.868412 41.198914
v -4.877108 -42.709587 41.546646
v -5.407339 -42.406010 41.800323
v -5.909774 -41.963463 41.952667
v -6.328878 -41.402218 42.010002
v -6.618721 -40.755306 41.990864
v -6.748376 -40.065311 41.923126
v -4.517740 -42.838600 41.290318
v -5.031132 -42.640381 41.612495
v -5.559130 -42.297363 41.837402
v -6.043295 -41.819416 41.961601
v -6.430141 -41.230583 41.995026
v -6.677429 -40.566933 41.959148
v -4.663050 -42.798187 41.374855
v -5.185997 -42.560112 41.670254
v -5.707204 -42.178326 41.866230
v -6.168928 -41.666748 41.963177
v -6.520219 -41.053036 41.974480
v -6.722917 -40.376011 41.924305
v -4.324784 -42.880241 41.093445
v -4.812430 -42.746918 41.452099
v -5.340428 -42.468838 41.719780
v -5.850339 -42.049274 41.886974
v -6.285645 -41.506119 41.957825
v -6.598403 -40.870449 41.949009
v -6.754880 -40.183533 41.887104
v -4.460481 -42.857059 41.187561
v -4.964656 -42.684635 41.521694
v -5.493147 -42.366718 41.761028
v -5.987353 -41.910671 41.899872
v -6.392502 -41.338257 41.946045
v -6.664093 -40.683739 41.919300
v -4.602105 -42.823433 41.275146
v -5.118476 -42.611263 41.583374
v -5.642889 -42.253983 41.794022
v -6.117117 -41.763054 41.905239
v -6.488636 -41.163948 41.928391
v -6.716796 -40.493855 41.886070
v -4.748503 -42.779064 41.355732
v -5.272619 -42.526806 41.636944
v -5.788411 -42.130970 41.818878
v -6.238565 -41.607040 41.903469
v -6.573283 -40.984035 41.905476
v -6.756137 -40.301785 41.850079
v -4.405086 -42.870354 41.083557
v -4.898476 -42.723740 41.428921
v -5.425806 -42.431366 41.682308
v -5.928507 -41.998081 41.835781
v -6.350702 -41.443310 41.895016
v -6.645775 -40.799408 41.877964
v -6.781856 -40.108528 41.812096
v -4.542604 -42.843468 41.173969
v -5.050789 -42.657333 41.494392
v -5.576764 -42.325127 41.719440
v -6.062016 -41.855812 41.845016
v -6.452615 -41.272621 41.880405
v -6.705555 -40.610996 41.846554
v -4.685585 -42.805988 41.257702
v -5.204179 -42.579796 41.551907
v -5.724236 -42.208370 41.748409
v -6.187832 -41.704735 41.846920
v -6.543480 -41.095779 41.860218
v -6.752177 -40.419769 41.811985
v -4.832857 -42.757641 41.334312
v -5.357372 -42.491177 41.601315
v -5.866992 -42.081448 41.769356
v -6.304917 -41.545486 41.841915
v -6.622571 -40.913647 41.835091
v -6.785312 -40.226715 41.775009
v -4.484792 -42.858299 41.071503
v -4.983204 -42.698250 41.403431
v -5.509090 -42.391605 41.642548
v -6.003844 -41.944809 41.782513
v -6.412309 -41.378788 41.830490
v -6.689264 -40.727135 41.805691
v -6.804749 -40.032845 41.736416
v -4.623930 -42.827667 41.158169
v -5.135379 -42.627716 41.464775
v -5.658066 -42.281307 41.675617
v -6.133652 -41.798973 41.788177
v -6.509128 -41.205406 41.813190
v -6.743046 -40.537182 41.772743
v -4.768059 -42.786293 41.238010
v -5.288115 -42.546032 41.518143
v -5.803052 -42.160587 41.700623
v -6.255336 -41.644543 41.786728
v -6.594590 -41.026173 41.790615
v -6.783518 -40.344776 41.736992
v -4.915988 -42.733952 41.310619
v -5.440134 -42.453278 41.563419
v -5.942834 -42.029839 41.717743
v -6.367887 -41.482185 41.778614
v -6.668009 -40.841976 41.763416
v -6.810399 -40.150909 41.699203
v -4.563787 -42.844093 41.057297
v -5.066489 -42.670483 41.375664
v -5.590160 -42.349621 41.600563
v -6.076241 -41.889538 41.727238
v -6.470375 -41.312641 41.764343
v -6.728806 -40.653736 41.732292
v -4.704341 -42.809673 41.140175
v -5.218304 -42.595833 41.432892
v -5.736935 -42.235313 41.629627
v -6.202157 -41.740238 41.729439
v -6.561958 -41.136707 41.744492
v -6.776512 -40.462410 41.697971
v -4.849406 -42.764381 41.216099
v -5.370161 -42.510021 41.482132
v -5.879222 -42.110703 41.650742
v -6.319530 -41.582565 41.724754
v -6.641892 -40.955235 41.719677
v -6.810774 -40.268990 41.661205
v -4.997776 -42.708023 41.284695
v -5.520782 -42.413166 41.523308
v -6.015824 -41.976208 41.664116
v -6.427381 -41.417225 41.713654
v -6.709532 -40.769127 41.690567
v -6.831361 -40.074478 41.622776
v -4.641955 -42.827759 41.040962
v -5.148209 -42.640480 41.345661
v -5.668897 -42.305470 41.556412
v -6.145591 -41.832344 41.670044
v -6.524815 -41.244972 41.696674
v -6.764342 -40.579319 41.657875
v -4.783718 -42.789513 41.120014
v -5.299440 -42.561722 41.398781
v -5.813255 -42.187218 41.581532
v -6.267430 -41.679688 41.668888
v -6.611029 -41.066628 41.674412
v -6.805902 -40.386784 41.622345
v -4.929507 -42.740284 41.191998
v -5.450195 -42.471813 41.443924
v -5.952634 -42.058792 41.598831
v -6.380319 -41.518898 41.661083
v -6.685317 -40.883068 41.647507
v -6.833905 -40.192520 41.584736
v -5.078099 -42.679901 41.256573
v -5.599197 -42.370899 41.481041
v -6.085855 -41.920643 41.608551
v -6.483313 -41.350697 41.647129
v -6.747078 -40.695206 41.616646
v -4.719181 -42.809319 41.022526
v -5.228243 -42.608288 41.313465
v -5.745183 -42.259220 41.510162
v -6.211791 -41.773312 41.611015
v -6.575550 -41.175877 41.627579
v -6.795822 -40.503994 41.582554
v -4.861945 -42.767220 41.097721
v -5.378669 -42.525444 41.362503
v -5.886913 -42.137093 41.531406
v -6.329375 -41.617413 41.606617
v -6.656268 -40.995274 41.603058
v -6.831174 -40.310417 41.545979
v -5.008243 -42.714031 41.165749
v -5.528101 -42.431465 41.403580
v -6.023181 -42.004932 41.544968
v -6.437615 -41.453629 41.595814
v -6.724801 -40.809776 41.574215
v -6.852877 -40.115482 41.507698
v -5.156839 -42.649624 41.226295
v -5.675266 -42.326542 41.436680
v -6.152826 -41.863220 41.551128
v -6.535599 -41.282707 41.579136
v -6.780592 -40.620323 41.541763
v -5.306475 -42.573948 41.279129
v -5.818909 -42.210938 41.461880
v -6.274745 -41.712536 41.550236
v -6.622505 -41.105457 41.557163
v -6.823199 -40.427876 41.506432
v -4.938907 -42.742825 41.073326
v -5.455875 -42.487045 41.324100
v -5.957803 -42.085007 41.479321
v -6.387902 -41.553509 41.542709
v -6.697608 -40.922741 41.530529
v -6.852292 -40.233425 41.468987
v -5.085499 -42.685669 41.137386
v -5.603765 -42.389038 41.361153
v -6.090758 -41.949200 41.489239
v -6.491334 -41.386856 41.529041
v -6.760285 -40.735470 41.499908
v -6.867662 -40.037987 41.430202
v -5.233882 -42.617237 41.193909
v -5.748876 -42.280155 41.390293
v -6.216637 -41.804028 41.491936
v -6.584165 -41.213348 41.509777
v -6.810026 -40.544586 41.466026
v -5.382789 -42.537518 41.242699
v -5.889965 -42.160690 41.411633
v -6.334362 -41.650093 41.487797
v -6.665611 -41.033821 41.485523
v -6.846432 -40.351067 41.429626
v -5.014491 -42.716358 41.046864
v -5.530944 -42.446583 41.283638
v -6.025818 -42.031044 41.425354
v -6.442924 -41.488064 41.477268
v -6.734989 -40.849148 41.456932
v -6.869223 -40.155914 41.391476
v -5.161163 -42.655231 41.106949
v -5.677074 -42.344593 41.316704
v -6.155267 -41.891678 41.431717
v -6.541396 -41.318676 41.460865
v -6.791719 -40.660255 41.424698
v -5.309114 -42.582787 41.159458
v -5.819920 -42.231808 41.341949
v -6.277194 -41.743153 41.431057
v -6.628938 -41.142727 41.439156
v -6.835335 -40.468109 41.389549
v -5.457074 -42.499046 41.204224
v -5.958248 -42.108559 41.359501
v -6.390551 -41.586086 41.423786
v -6.704805 -40.961067 41.412769
v -6.865488 -40.273689 41.352245
v -5.088586 -42.687870 41.018372
v -5.603766 -42.404114 41.241173
v -6.090861 -41.975273 41.369587
v -6.494360 -41.421181 41.410381
v -6.768356 -40.774593 41.382378
v -6.881943 -40.078003 41.313564
v -5.235122 -42.622772 41.074486
v -5.747922 -42.298195 41.270306
v -6.216612 -41.832451 41.372490
v -6.587729 -41.249191 41.391380
v -6.819055 -40.584248 41.348686
v -5.382425 -42.546326 41.122993
v -5.888292 -42.181572 41.291714
v -6.334410 -41.680676 41.368584
v -6.669853 -41.070946 41.367374
v -6.856483 -40.390999 41.312443
v -5.529221 -42.458591 41.163769
v -6.023656 -42.054615 41.305561
v -6.443233 -41.520603 41.358303
v -6.740030 -40.887306 41.339008
v -6.880338 -40.195850 41.274406
v -5.674235 -42.359707 41.196766
v -6.152835 -41.917786 41.312096
v -6.542136 -41.352951 41.342152
v -6.797660 -40.699192 41.306976
v -5.307268 -42.588329 41.040043
v -5.816205 -42.249912 41.222023
v -6.274704 -41.771606 41.311646
v -6.630263 -41.178505 41.320690
v -6.842254 -40.507553 41.271992
v -5.453707 -42.507904 41.084576
v -5.953893 -42.129520 41.239662
v -6.388199 -41.616699 41.304607
v -6.706850 -40.998108 41.294537
v -6.873440 -40.313377 41.234818
v -5.599123 -42.416210 41.121391
v -6.086094 -41.998943 41.249886
v -6.492328 -41.453739 41.291443
v -6.771233 -40.812645 41.264347
v -6.890960 -40.117664 41.196224
v -5.742246 -42.313423 41.150482
v -6.211650 -41.858658 41.252972
v -6.586181 -41.283478 41.272678
v -6.822858 -40.623051 41.230835
v -5.881823 -42.199814 41.171925
v -6.329458 -41.709236 41.249275
v -6.668937 -41.106716 41.248901
v -6.861282 -40.430286 41.194729
v -5.522855 -42.467583 41.044250
v -6.016626 -42.075733 41.185875
v -6.438484 -41.551311 41.239220
v -6.739873 -40.924320 41.220749
v -6.886178 -40.235352 41.156792
v -5.666678 -42.371967 41.077148
v -6.145471 -41.941616 41.192558
v -6.537766 -41.385597 41.223301
v -6.798368 -40.737190 41.188896
v -6.897340 -40.039249 41.117809
v -5.807700 -42.265335 41.102390
v -6.267219 -41.797981 41.192295
v -6.626431 -41.212860 41.202065
v -6.843913 -40.546280 41.154064
v -5.944678 -42.147976 41.120087
v -6.380794 -41.645424 41.185463
v -6.703695 -41.033932 41.176121
v -6.876110 -40.352562 41.117004
v -6.076400 -42.020287 41.130424
v -6.485189 -41.484612 41.172520
v -6.768876 -40.849693 41.146122
v -6.894681 -40.157036 41.078480
v -5.731787 -42.325928 41.031109
v -6.201699 -41.882725 41.133667
v -6.579480 -41.316273 41.153976
v -6.821397 -40.661060 41.112766
v -5.870502 -42.215504 41.052563
v -6.319460 -41.735847 41.130157
v -6.662825 -41.141209 41.130409
v -6.860795 -40.468998 41.076782
v -6.004680 -42.094475 41.066586
v -6.428635 -41.580273 41.120312
v -6.734484 -40.960262 41.102448
v -6.886717 -40.274494 41.038933
v -6.133127 -41.963257 41.073399
v -6.528247 -41.416695 41.104603
v -6.793815 -40.774334 41.070763
v -6.254695 -41.822353 41.073296
v -6.617407 -41.245872 41.083572
v -6.840285 -40.584362 41.036068
v -6.368297 -41.672340 41.066654
v -6.695312 -41.068623 41.057823
v -6.061739 -42.039387 41.011497
v -6.472911 -41.513870 41.053909
v -6.761260 -40.885811 41.027996
v -6.186722 -41.904736 41.014877
v -6.567595 -41.347660 41.035568
v -6.304383 -41.760593 41.011536
v -6.651493 -41.174492 41.012196
vn -1.000000 0.000000 0.000000
vn -1.000000 0.000000 0.000000
vn 0.000000 1.000000 0.000000
vn 0.000000 1.000000 0.000000
vn 1.000000 0.000000 0.000000
vn 1.000000 -0.000000 0.000000
vn 0.000000 -1.000000 0.000000
vn 0.000000 -1.000000 0.000000
vn 0.000000 0.000000 -1.000000
vn 0.000000 0.000000 -1.000000
vn 0.000000 0.000000 -1.000000
vn 0.000000 0.000000 -1.000000
vn 0.000000 0.000000 -1.000000
vn 0.000000 0.000000 -1.000000
vn 0.000000 0.000000 -1.000000
vn 0.000000 0.000000 -1.000000
vn 0.000000 0.000000 -1.000000
vn 0.000000 0.000000 -1.000000
vn 0.000000 0.000000 -1.000000
vn 0.000000 0.000000 -1.000000
vn 0.000000 0.000000 -1.000000
vn 0.000000 0.000000 -1.000000
vn 0.000000 0.000000 -1.000000
vn 0.000000 0.000000 -1.000000
vn 0.000000 0.000000 -1.000000
vn 0.000000 0.000000 -1.000000
vn 0.000000 0.000000 -1.000000
vn 0.000000 0.000000 -1.000000
vn 0.000000 0.000000 -1.000000
vn 0.000000 0.000000 -1.000000
vn 0.000000 0.000000 -1.000000
vn 0.000000 0.000000 -1.000000
vn 0.000000 0.000000 -1.000000
vn 0.000000 0.000000 -1.000000
vn 0.000000 0.000000 -1.000000
vn 0.000000 0.000000 -1.000000
vn 0.000000 0.000000 -1.000000
vn 0.000000 0.000000 -1.000000
vn 0.000000 0.000000 -1.000000
vn 0.000000 0.000000 -1.000000
vn 0.000000 0.000000 -1.000000
vn 0.000000 0.000000 -1.000000
vn 0.000000 0.000000 -1.000000
vn 0.000000 0.000000 -1.000000
vn 0.000000 0.000000 -1.000000
vn 0.000000 0.000000 -1.000000
vn 0.000000 0.000000 -1.000000
vn 0.000000 0.000000 -1.000000
vn 0.000000 0.000000 -1.000000
vn 0.000000 0.000000 -1.000000
vn 0.000000 0.000000 -1.000000
vn 0.000000 0.000000 -1.000000
vn 0.000000 0.000000 -1.000000
vn 0.000000 0.000000 -1.000000
vn 0.000000 0.000000 -1.000000
vn 0.000000 0.000000 -1.000000
vn 0.000000 0.000000 -1.000000
vn 0.000000 0.000000 -1.000000
vn 0.000000 0.000000 -1.000000
vn 0.000000 0.000000 -1.000000
vn 0.000000 0.000000 -1.000000
vn 0.000000 0.000000 -1.000000
vn 0.000000 0.000000 -1.000000
vn 0.000000 0.000000 -1.000000
vn 0.000000 0.000000 -1.000000
vn 0.000000 0.000000 -1.000000
vn 0.000000 0.000000 -1.000000
vn 0.000000 0.000000 -1.000000
vn 0.000000 -0.000000 -1.000000
vn 0.000000 -0.000000 -1.000000
vn 0.000000 -0.000000 -1.000000
vn 0.000000 -0.000000 -1.000000
vn 0.000000 -0.000000 -1.000000
vn 0.000000 -0.000000 -1.000000
vn 0.000000 -0.000000 -1.000000
vn 0.000000 -0.000000 -1.000000
vn 0.000000 -0.000000 -1.000000
vn 0.000000 -0.000000 -1.000000
vn 0.000000 -0.000000 -1.000000
vn 0.000000 -0.000000 -1.000000
vn 0.000000 -0.000000 -1.000000
vn 0.000000 -0.000000 -1.000000
vn 0.000000 -0.000000 -1.000000
vn 0.000000 -0.000000 -1.000000
vn 0.000000 -0.000000 -1.000000
vn 0.000000 -0.000000 -1.000000
vn 0.000000 -0.000000 -1.000000
vn 0.000000 -0.000000 -1.000000
vn 0.000000 -0.000000 -1.000000
vn 0.000000 -0.000000 -1.000000
vn 0.000000 -0.000000 -1.000000
vn 0.000000 -0.000000 -1.000000
vn 0.000000 -0.000000 -1.000000
vn 0.000000 -0.000000 -1.000000
vn 0.000000 -0.000000 -1.000000
vn 0.000000 -0.000000 -1.000000
vn 0.000000 -0.000000 -1.000000
vn 0.000000 0.000000 -1.000000
vn 0.000000 0.000000 -1.000000
vn 0.000000 0.000000 -1.000000
vn 0.000000 0.000000 -1.000000
vn 0.000000 0.000000 -1.000000
vn 0.000000 0.000000 -1.000000
vn 0.000000 0.000000 -1.000000
vn 0.000000 0.000000 -1.000000
vn 0.000000 0.000000 -1.000000
vn 0.000000 0.000000 -1.000000
vn 0.000000 0.000000 -1.000000
vn 0.000000 0.000000 -1.000000
vn 0.000000 0.000000 -1.000000
vn 0.000000 0.000000 -1.000000
vn 0.000000 0.000000 -1.000000
vn 0.000000 0.000000 -1.000000
vn 0.000000 0.000000 -1.000000
vn 0.000000 0.000000 -1.000000
vn 0.000000 0.000000 -1.000000
vn 0.000000 0.000000 -1.000000
vn 0.000000 0.000000 -1.000000
vn 0.000000 0.000000 -1.000000
vn 0.000000 0.000000 -1.000000
vn 0.000000 0.000000 -1.000000
vn 0.000000 0.000000 -1.000000
vn 0.000000 0.000000 -1.000000
vn 0.000000 0.000000 -1.000000
vn 0.000000 0.000000 -1.000000
vn 0.000000 0.000000 -1.000000
vn 0.000000 0.000000 -1.000000
vn 0.000000 0.000000 -1.000000
vn 0.000000 0.000000 -1.000000
vn 0.000000 0.000000 -1.000000
vn 0.000000 0.000000 -1.000000
vn 0.000000 0.000000 -1.000000
vn 0.000000 0.000000 -1.000000
vn 0.000000 0.000000 -1.000000
vn 0.000000 0.000000 -1.000000
vn 0.000000 0.000000 -1.000000
vn 0.000000 0.000000 -1.000000
vn 0.000000 0.000000 -1.000000
vn 0.000000 0.000000 -1.000000
vn 0.000000 0.000000 -1.000000
vn 0.000000 0.000000 -1.000000
vn 0.000000 0.000000 -1.000000
vn 0.000000 0.000000 -1.000000
vn 0.000000 0.000000 -1.000000
vn 0.000000 0.000000 -1.000000
vn 0.000000 0.000000 -1.000000
vn 0.000000 0.000000 -1.000000
vn 0.000000 0.000000 -1.000000
vn 0.000000 0.000000 -1.000000
vn 0.000000 0.000000 -1.000000
vn 0.000000 0.000000 -1.000000
vn 0.000000 0.000000 -1.000000
vn 0.000000 0.000000 -1.000000
vn 0.000000 0.000000 -1.000000
vn 0.000000 0.000000 -1.000000
vn 0.000000 0.000000 -1.000000
vn 0.000000 0.000000 -1.000000
vn 0.000000 0.000000 -1.000000
vn 0.000000 0.000000 -1.000000
vn 0.000000 0.000000 -1.000000
vn 0.000000 0.000000 -1.000000
vn 0.000000 0.000000 -1.000000
vn 0.000000 0.000000 -1.000000
vn 0.000000 0.000000 -1.000000
vn 0.000000 0.000000 -1.000000
vn 0.000000 0.000000 -1.000000
vn 0.000000 0.000000 -1.000000
vn 0.000000 0.000000 -1.000000
vn 0.000000 0.000000 -1.000000
vn 0.000000 0.000000 -1.000000
vn 0.000000 0.000000 -1.000000
vn 0.000000 0.000000 -1.000000
vn 0.000000 0.000000 -1.000000
vn 0.000000 0.000000 -1.000000
vn 0.000000 0.000000 -1.000000
vn 0.000000 0.000000 -1.000000
vn 0.000000 0.000000 -1.000000
vn 0.000000 0.000000 -1.000000
vn 0.000000 0.000000 -1.000000
vn 0.000000 0.000000 -1.000000
vn 0.000000 0.000000 -1.000000
vn 0.000000 0.000000 -1.000000
vn 0.000000 0.000000 -1.000000
vn 0.000000 0.000000 -1.000000
vn 0.000000 0.000000 -1.000000
vn 0.000000 0.000000 -1.000000
vn 0.000000 0.000000 -1.000000
vn 0.000000 0.000000 -1.000000
vn 0.000000 0.000000 -1.000000
vn 0.000000 0.000000 -1.000000
vn 0.000000 0.000000 -1.000000
vn 0.000000 0.000000 -1.000000
vn 0.000000 0.000000 -1.000000
vn 0.000000 0.000000 -1.000000
vn 0.000000 0.000000 -1.000000
vn 0.000000 -0.000000 -1.000000
vn 0.000000 0.000000 -1.000000
vn 0.000000 -0.000000 -1.000000
vn 0.000000 0.000000 -1.000000
vn 0.000000 -0.000000 -1.000000
vn 0.000000 -0.000000 -1.000000
vn 0.000000 0.000000 -1.000000
vn 0.000000 0.000000 -1.000000
vn 0.000000 -0.000000 -1.000000
vn 0.000000 -0.000000 -1.000000
vn 0.000000 0.000000 -1.000000
vn 0.000000 0.000000 -1.000000
vn 0.000000 -0.000000 -1.000000
vn 0.000000 0.000000 -1.000000
vn 0.000000 -0.000000 -1.000000
vn 0.000000 0.000000 -1.000000
vn 0.000000 -0.000000 -1.000000
vn 0.000000 0.000000 -1.000000
vn 0.000000 -0.000000 -1.000000
vn 0.000000 0.000000 -1.000000
vn 0.000000 -0.000000 -1.000000
vn 0.000000 0.000000 -1.000000
vn 0.000000 -0.000000 -1.000000
vn 0.000000 0.000000 -1.000000
vn 0.000000 -0.000000 -1.000000
vn 0.000000 0.000000 -1.000000
vn 0.000000 -0.000000 -1.000000
vn 0.000000 0.000000 -1.000000
vn 0.000000 -0.000000 -1.000000
vn 0.000000 0.000000 -1.000000
vn 0.000000 -0.000000 -1.000000
vn 0.000000 0.000000 -1.000000
vn 0.000000 -0.000000 -1.000000
vn 0.000000 -0.000000 -1.000000
vn 0.000000 0.000000 -1.000000
vn 0.000000 0.000000 -1.000000
vn 0.000000 -0.000000 -1.000000
vn 0.000000 0.000000 -1.000000
vn 0.000000 -0.000000 -1.000000
vn 0.000000 0.000000 -1.000000
vn 0.000000 -0.000000 -1.000000
vn 0.000000 0.000000 -1.000000
vn 0.000000 -0.000000 -1.000000
vn 0.000000 0.000000 -1.000000
vn 0.000000 -0.000000 -1.000000
vn 0.000000 0.000000 -1.000000
vn 0.000000 -0.000000 -1.000000
vn 0.000000 0.000000 -1.000000
vn 0.000000 -0.000000 -1.000000
vn 0.000000 0.000000 -1.000000
vn 0.000000 -0.000000 -1.000000
vn 0.000000 0.000000 -1.000000
vn 0.000000 -0.000000 -1.000000
vn 0.000000 0.000000 -1.000000
vn 0.000000 -0.000000 -1.000000
vn -1.000000 0.000000 0.000000
vn -1.000000 0.000000 0.000000
vn -0.999908 -0.013540 0.000000
vn -0.999908 -0.013540 -0.000000
vn -0.999175 -0.040618 0.000000
vn -0.999175 -0.040618 -0.000000
vn -0.997709 -0.067654 0.000000
vn -0.997709 -0.067654 -0.000000
vn -0.995511 -0.094647 0.000000
vn -0.995511 -0.094647 -0.000000
vn -0.992583 -0.121571 -0.000000
vn -0.992583 -0.121571 -0.000000
vn -0.988928 -0.148399 -0.000000
vn -0.988928 -0.148399 -0.000000
vn -0.984544 -0.175139 0.000000
vn -0.984544 -0.175139 -0.000000
vn -0.979443 -0.201723 -0.000000
vn -0.979443 -0.201723 -0.000000
vn -0.973621 -0.228172 0.000000
vn -0.973621 -0.228172 -0.000000
vn -0.967085 -0.254454 -0.000000
vn -0.967085 -0.254454 -0.000000
vn -0.959838 -0.280554 0.000000
vn -0.959838 -0.280554 -0.000000
vn -0.951892 -0.306434 -0.000000
vn -0.951892 -0.306434 -0.000000
vn -0.943240 -0.332112 0.000000
vn -0.943240 -0.332112 -0.000000
vn -0.933908 -0.357513 -0.000000
vn -0.933908 -0.357513 0.000000
vn -0.923873 -0.382700 -0.000000
vn -0.913180 -0.407558 -0.000000
vn -0.923873 -0.382700 0.000000
vn -0.913180 -0.407558 -0.000000
vn -0.901812 -0.432128 -0.000000
vn -0.889765 -0.456419 -0.000000
vn -0.901812 -0.432128 0.000000
vn -0.889765 -0.456419 -0.000000
vn -0.877094 -0.480318 -0.000000
vn -0.877094 -0.480318 0.000000
vn -0.863756 -0.503910 -0.000000
vn -0.863756 -0.503910 0.000000
vn -0.849802 -0.527101 0.000000
vn -0.849802 -0.527101 -0.000000
vn -0.835205 -0.549939 0.000000
vn -0.835205 -0.549939 -0.000000
vn -0.820021 -0.572334 0.000000
vn -0.820021 -0.572334 -0.000000
vn -0.804212 -0.594343 0.000000
vn -0.804212 -0.594343 -0.000000
vn -0.787827 -0.615897 0.000000
vn -0.787827 -0.615897 -0.000000
vn -0.770848 -0.637019 0.000000
vn -0.770848 -0.637019 -0.000000
vn -0.753334 -0.657638 0.000000
vn -0.753334 -0.657638 -0.000000
vn -0.735236 -0.677811 0.000000
vn -0.735236 -0.677811 -0.000000
vn -0.716623 -0.697461 0.000000
vn -0.716623 -0.697461 -0.000000
vn -0.697480 -0.716605 -0.000000
vn -0.697480 -0.716605 -0.000000
vn -0.677786 -0.735260 0.000000
vn -0.677786 -0.735260 -0.000000
vn -0.657657 -0.753318 0.000000
vn -0.657657 -0.753318 -0.000000
vn -0.637011 -0.770855 -0.000000
vn -0.637011 -0.770855 -0.000000
vn -0.615895 -0.787828 0.000000
vn -0.615895 -0.787828 -0.000000
vn -0.594329 -0.804222 0.000000
vn -0.594329 -0.804222 -0.000000
vn -0.572359 -0.820003 0.000000
vn -0.572359 -0.820003 -0.000000
vn -0.549930 -0.835211 0.000000
vn -0.549930 -0.835211 -0.000000
vn -0.527102 -0.849802 -0.000000
vn -0.527102 -0.849802 -0.000000
vn -0.503887 -0.863770 0.000000
vn -0.503887 -0.863770 -0.000000
vn -0.456423 -0.889763 -0.000000
vn -0.480328 -0.877089 0.000000
vn -0.480328 -0.877089 -0.000000
vn -0.456423 -0.889763 -0.000000
vn -0.432142 -0.901806 -0.000000
vn -0.407564 -0.913177 -0.000000
vn -0.432142 -0.901806 0.000000
vn -0.407564 -0.913177 -0.000000
vn -0.382652 -0.923892 -0.000000
vn -0.382652 -0.923892 0.000000
vn -0.357536 -0.933899 0.000000
vn -0.357536 -0.933899 -0.000000
vn -0.332130 -0.943234 -0.000000
vn -0.332130 -0.943234 -0.000000
vn -0.306439 -0.951890 -0.000000
vn -0.306439 -0.951890 0.000000
vn -0.280551 -0.959839 -0.000000
vn -0.254422 -0.967093 -0.000000
vn -0.280551 -0.959839 0.000000
vn -0.254422 -0.967093 -0.000000
vn -0.228188 -0.973617 -0.000000
vn -0.201720 -0.979443 -0.000000
vn -0.228188 -0.973617 0.000000
vn -0.201720 -0.979443 -0.000000
vn -0.175148 -0.984542 -0.000000
vn -0.175148 -0.984542 0.000000
vn -0.148387 -0.988929 -0.000000
vn -0.148387 -0.988929 0.000000
vn -0.121575 -0.992582 -0.000000
vn -0.121575 -0.992582 0.000000
vn -0.094666 -0.995509 -0.000000
vn -0.067661 -0.997708 -0.000000
vn -0.094666 -0.995509 0.000000
vn -0.067661 -0.997708 -0.000000
vn -0.040606 -0.999175 -0.000000
vn -0.013551 -0.999908 -0.000000
vn -0.040606 -0.999175 0.000000
vn -0.013551 -0.999908 -0.000000
vn -0.999908 0.013540 0.000000
vn -0.999908 0.013540 0.000000
vn -0.999175 0.040618 0.000000
vn -0.999175 0.040618 0.000000
vn -0.997709 0.067654 0.000000
vn -0.997709 0.067654 0.000000
vn -0.995511 0.094647 0.000000
vn -0.995511 0.094647 0.000000
vn -0.992583 0.121571 0.000000
vn -0.992583 0.121571 0.000000
vn -0.988927 0.148406 0.000000
vn -0.988927 0.148406 0.000000
vn -0.984545 0.175131 0.000000
vn -0.984545 0.175131 0.000000
vn -0.979443 0.201723 0.000000
vn -0.979443 0.201723 0.000000
vn -0.973621 0.228172 0.000000
vn -0.973621 0.228172 0.000000
vn -0.967085 0.254454 0.000000
vn -0.967085 0.254454 0.000000
vn -0.959838 0.280554 0.000000
vn -0.959838 0.280554 0.000000
vn -0.951887 0.306448 0.000000
vn -0.951887 0.306448 0.000000
vn -0.943245 0.332097 0.000000
vn -0.943245 0.332097 0.000000
vn -0.933902 0.357529 0.000000
vn -0.933902 0.357529 0.000000
vn -0.923880 0.382683 0.000000
vn -0.913180 0.407558 0.000000
vn -0.923880 0.382683 0.000000
vn -0.913180 0.407558 0.000000
vn -0.901803 0.432147 0.000000
vn -0.889775 0.456399 0.000000
vn -0.901803 0.432147 0.000000
vn -0.889775 0.456399 0.000000
vn -0.877094 0.480318 0.000000
vn -0.877094 0.480318 0.000000
vn -0.863756 0.503910 0.000000
vn -0.863756 0.503910 0.000000
vn -0.849802 0.527101 0.000000
vn -0.849802 0.527101 0.000000
vn -0.835205 0.549939 0.000000
vn -0.835205 0.549939 0.000000
vn -0.820021 0.572334 0.000000
vn -0.820021 0.572334 0.000000
vn -0.804212 0.594343 0.000000
vn -0.804212 0.594343 0.000000
vn -0.787827 0.615897 0.000000
vn -0.787827 0.615897 0.000000
vn -0.770848 0.637019 0.000000
vn -0.770848 0.637019 0.000000
vn -0.753334 0.657638 0.000000
vn -0.753334 0.657638 0.000000
vn -0.735236 0.677811 0.000000
vn -0.735236 0.677811 0.000000
vn -0.716623 0.697461 0.000000
vn -0.716623 0.697461 0.000000
vn -0.697455 0.716629 0.000000
vn -0.697455 0.716629 0.000000
vn -0.677812 0.735235 0.000000
vn -0.677812 0.735235 0.000000
vn -0.657657 0.753318 0.000000
vn -0.657657 0.753318 0.000000
vn -0.637011 0.770855 0.000000
vn -0.637011 0.770855 0.000000
vn -0.615895 0.787828 0.000000
vn -0.615895 0.787828 0.000000
vn -0.594329 0.804222 0.000000
vn -0.594329 0.804222 0.000000
vn -0.572359 0.820003 0.000000
vn -0.572359 0.820003 0.000000
vn -0.549930 0.835211 0.000000
vn -0.549930 0.835211 0.000000
vn -0.527102 0.849802 0.000000
vn -0.527102 0.849802 0.000000
vn -0.503887 0.863770 0.000000
vn -0.503887 0.863770 0.000000
vn -0.456423 0.889763 0.000000
vn -0.480328 0.877089 0.000000
vn -0.480328 0.877089 0.000000
vn -0.456423 0.889763 0.000000
vn -0.432142 0.901806 0.000000
vn -0.407564 0.913177 0.000000
vn -0.432142 0.901806 0.000000
vn -0.407564 0.913177 0.000000
vn -0.382652 0.923892 0.000000
vn -0.382652 0.923892 0.000000
vn -0.357536 0.933899 0.000000
vn -0.357536 0.933899 0.000000
vn -0.332086 0.943249 0.000000
vn -0.332086 0.943249 0.000000
vn -0.306439 0.951890 0.000000
vn -0.306439 0.951890 0.000000
vn -0.280551 0.959839 0.000000
vn -0.254513 0.967069 0.000000
vn -0.280551 0.959839 0.000000
vn -0.254513 0.967069 0.000000
vn -0.228096 0.973639 0.000000
vn -0.201766 0.979434 0.000000
vn -0.228096 0.973639 0.000000
vn -0.201766 0.979434 0.000000
vn -0.175148 0.984542 0.000000
vn -0.175148 0.984542 0.000000
vn -0.148435 0.988922 0.000000
vn -0.148435 0.988922 0.000000
vn -0.121527 0.992588 0.000000
vn -0.121527 0.992588 0.000000
vn -0.094618 0.995514 0.000000
vn -0.067709 0.997705 0.000000
vn -0.094618 0.995514 0.000000
vn -0.067709 0.997705 0.000000
vn -0.040606 0.999175 0.000000
vn -0.013503 0.999909 0.000000
vn -0.040606 0.999175 0.000000
vn -0.013503 0.999909 0.000000
vn 0.000000 1.000000 0.000000
vn 0.000000 1.000000 0.000000
vn 0.999908 0.013600 0.000000
vn 0.999908 0.013600 0.000000
vn 0.999175 0.040606 0.000000
vn 0.999175 0.040606 0.000000
vn 0.997712 0.067612 0.000000
vn 0.995495 0.094809 0.000000
vn 0.997712 0.067612 0.000000
vn 0.995495 0.094809 0.000000
vn 0.992600 0.121434 0.000000
vn 0.992600 0.121434 0.000000
vn 0.988922 0.148435 0.000000
vn 0.988922 0.148435 0.000000
vn 0.984559 0.175054 0.000000
vn 0.979415 0.201857 0.000000
vn 0.984559 0.175054 0.000000
vn 0.979415 0.201857 0.000000
vn 0.973638 0.228097 0.000000
vn 0.973638 0.228097 0.000000
vn 0.967071 0.254505 0.000000
vn 0.967071 0.254505 0.000000
vn 0.959838 0.280554 0.000000
vn 0.959838 0.280554 0.000000
vn 0.951902 0.306404 0.000000
vn 0.943266 0.332037 0.000000
vn 0.951902 0.306404 0.000000
vn 0.943266 0.332037 0.000000
vn 0.933849 0.357667 0.000000
vn 0.933849 0.357667 0.000000
vn 0.923927 0.382569 0.000000
vn 0.923927 0.382569 0.000000
vn 0.913161 0.407598 0.000000
vn 0.913161 0.407598 0.000000
vn 0.901820 0.432112 0.000000
vn 0.901820 0.432112 0.000000
vn 0.889785 0.456380 0.000000
vn 0.889785 0.456380 0.000000
vn 0.877033 0.480430 0.000000
vn 0.877033 0.480430 0.000000
vn 0.863809 0.503820 0.000000
vn 0.863809 0.503820 0.000000
vn 0.849805 0.527097 0.000000
vn 0.849805 0.527097 0.000000
vn 0.835161 0.550006 0.000000
vn 0.835161 0.550006 0.000000
vn 0.820009 0.572350 0.000000
vn 0.820009 0.572350 0.000000
vn 0.804218 0.594335 0.000000
vn 0.804218 0.594335 0.000000
vn 0.787833 0.615889 0.000000
vn 0.787833 0.615889 0.000000
vn 0.770819 0.637055 0.000000
vn 0.770819 0.637055 0.000000
vn 0.753425 0.657534 0.000000
vn 0.753425 0.657534 0.000000
vn 0.735206 0.677844 0.000000
vn 0.735206 0.677844 0.000000
vn 0.716610 0.697474 0.000000
vn 0.716610 0.697474 0.000000
vn 0.697497 0.716587 0.000000
vn 0.697497 0.716587 0.000000
vn 0.677745 0.735297 0.000000
vn 0.677745 0.735297 0.000000
vn 0.657693 0.753286 0.000000
vn 0.636978 0.770882 0.000000
vn 0.657693 0.753286 0.000000
vn 0.636978 0.770882 0.000000
vn 0.615889 0.787833 0.000000
vn 0.615889 0.787833 0.000000
vn 0.594358 0.804200 0.000000
vn 0.572327 0.820025 0.000000
vn 0.594358 0.804200 0.000000
vn 0.572327 0.820025 0.000000
vn 0.549916 0.835220 0.000000
vn 0.549916 0.835220 0.000000
vn 0.527097 0.849805 0.000000
vn 0.527097 0.849805 0.000000
vn 0.503956 0.863730 0.000000
vn 0.503956 0.863730 0.000000
vn 0.480277 0.877117 0.000000
vn 0.480277 0.877117 0.000000
vn 0.456477 0.889735 0.000000
vn 0.456477 0.889735 0.000000
vn 0.432114 0.901819 0.000000
vn 0.432114 0.901819 0.000000
vn 0.407576 0.913171 0.000000
vn 0.407576 0.913171 0.000000
vn 0.382669 0.923885 0.000000
vn 0.382669 0.923885 0.000000
vn 0.357524 0.933904 0.000000
vn 0.357524 0.933904 0.000000
vn 0.332081 0.943251 0.000000
vn 0.332081 0.943251 0.000000
vn 0.306405 0.951901 0.000000
vn 0.306405 0.951901 0.000000
vn 0.280567 0.959834 0.000000
vn 0.280567 0.959834 0.000000
vn 0.254541 0.967062 0.000000
vn 0.254541 0.967062 0.000000
vn 0.228065 0.973646 0.000000
vn 0.228065 0.973646 0.000000
vn 0.201774 0.979432 0.000000
vn 0.201774 0.979432 0.000000
vn 0.175165 0.984539 0.000000
vn 0.175165 0.984539 0.000000
vn 0.148435 0.988922 0.000000
vn 0.148435 0.988922 0.000000
vn 0.121524 0.992589 0.000000
vn 0.121524 0.992589 0.000000
vn 0.094617 0.995514 0.000000
vn 0.094617 0.995514 0.000000
vn 0.067712 0.997705 0.000000
vn 0.067712 0.997705 0.000000
vn 0.040604 0.999175 0.000000
vn 0.040604 0.999175 0.000000
vn 0.013502 0.999909 0.000000
vn 0.013502 0.999909 0.000000
vn 1.000000 0.000000 0.000000
vn 1.000000 -0.000000 0.000000
vn 0.999908 -0.013600 0.000000
vn 0.999908 -0.013600 0.000000
vn 0.999175 -0.040606 0.000000
vn 0.999175 -0.040606 0.000000
vn 0.997712 -0.067612 0.000000
vn 0.997712 -0.067612 0.000000
vn 0.995495 -0.094809 0.000000
vn 0.995495 -0.094809 0.000000
vn 0.992600 -0.121434 0.000000
vn 0.992600 -0.121434 0.000000
vn 0.988923 -0.148428 0.000000
vn 0.988923 -0.148428 0.000000
vn 0.984557 -0.175063 0.000000
vn 0.984557 -0.175063 0.000000
vn 0.979415 -0.201857 0.000000
vn 0.979415 -0.201857 0.000000
vn 0.973638 -0.228097 0.000000
vn 0.973638 -0.228097 0.000000
vn 0.967071 -0.254505 0.000000
vn 0.967071 -0.254505 0.000000
vn 0.959838 -0.280554 0.000000
vn 0.959838 -0.280554 0.000000
vn 0.951906 -0.306390 0.000000
vn 0.951906 -0.306390 0.000000
vn 0.943261 -0.332053 0.000000
vn 0.943261 -0.332053 0.000000
vn 0.933855 -0.357651 0.000000
vn 0.933855 -0.357651 0.000000
vn 0.923920 -0.382586 0.000000
vn 0.913161 -0.407598 0.000000
vn 0.923920 -0.382586 0.000000
vn 0.913161 -0.407598 0.000000
vn 0.901829 -0.432093 0.000000
vn 0.889775 -0.456399 0.000000
vn 0.901829 -0.432093 0.000000
vn 0.889775 -0.456399 0.000000
vn 0.877033 -0.480430 0.000000
vn 0.877033 -0.480430 0.000000
vn 0.863809 -0.503820 0.000000
vn 0.863809 -0.503820 0.000000
vn 0.849805 -0.527097 0.000000
vn 0.849805 -0.527097 0.000000
vn 0.835161 -0.550006 0.000000
vn 0.835161 -0.550006 0.000000
vn 0.820009 -0.572350 0.000000
vn 0.820009 -0.572350 0.000000
vn 0.804218 -0.594335 0.000000
vn 0.804218 -0.594335 0.000000
vn 0.787833 -0.615889 0.000000
vn 0.787833 -0.615889 0.000000
vn 0.770819 -0.637055 0.000000
vn 0.770819 -0.637055 0.000000
vn 0.753425 -0.657534 0.000000
vn 0.753425 -0.657534 0.000000
vn 0.735206 -0.677844 0.000000
vn 0.735206 -0.677844 0.000000
vn 0.716610 -0.697474 0.000000
vn 0.716610 -0.697474 0.000000
vn 0.697522 -0.716563 0.000000
vn 0.697522 -0.716563 0.000000
vn 0.677719 -0.735321 0.000000
vn 0.677719 -0.735321 0.000000
vn 0.657693 -0.753286 0.000000
vn 0.657693 -0.753286 0.000000
vn 0.636978 -0.770882 0.000000
vn 0.636978 -0.770882 0.000000
vn 0.615889 -0.787833 0.000000
vn 0.615889 -0.787833 0.000000
vn 0.594358 -0.804200 0.000000
vn 0.594358 -0.804200 0.000000
vn 0.572327 -0.820025 0.000000
vn 0.572327 -0.820025 0.000000
vn 0.549916 -0.835220 0.000000
vn 0.549916 -0.835220 0.000000
vn 0.527097 -0.849805 0.000000
vn 0.527097 -0.849805 0.000000
vn 0.503956 -0.863730 0.000000
vn 0.503956 -0.863730 0.000000
vn 0.456477 -0.889735 0.000000
vn 0.480277 -0.877117 0.000000
vn 0.480277 -0.877117 0.000000
vn 0.456477 -0.889735 0.000000
vn 0.432114 -0.901819 0.000000
vn 0.407576 -0.913171 0.000000
vn 0.432114 -0.901819 0.000000
vn 0.407576 -0.913171 0.000000
vn 0.382669 -0.923885 0.000000
vn 0.382669 -0.923885 0.000000
vn 0.357524 -0.933904 0.000000
vn 0.357524 -0.933904 0.000000
vn 0.332124 -0.943236 0.000000
vn 0.332124 -0.943236 0.000000
vn 0.306405 -0.951901 0.000000
vn 0.306405 -0.951901 0.000000
vn 0.280567 -0.959834 0.000000
vn 0.254450 -0.967086 0.000000
vn 0.280567 -0.959834 0.000000
vn 0.254450 -0.967086 0.000000
vn 0.228157 -0.973624 0.000000
vn 0.201727 -0.979442 0.000000
vn 0.228157 -0.973624 0.000000
vn 0.201727 -0.979442 0.000000
vn 0.175165 -0.984539 0.000000
vn 0.175165 -0.984539 0.000000
vn 0.148388 -0.988929 0.000000
vn 0.148388 -0.988929 0.000000
vn 0.121571 -0.992583 0.000000
vn 0.121571 -0.992583 0.000000
vn 0.094665 -0.995509 0.000000
vn 0.067663 -0.997708 0.000000
vn 0.094665 -0.995509 0.000000
vn 0.067663 -0.997708 0.000000
vn 0.040604 -0.999175 0.000000
vn 0.013550 -0.999908 0.000000
vn 0.040604 -0.999175 0.000000
vn 0.013550 -0.999908 0.000000
vn 0.000000 -1.000000 0.000000
vn 0.000000 -1.000000 0.000000
vn -0.013502 0.999818 0.013502
vn -0.013550 0.013550 0.999816
vn -0.999817 0.013538 0.013538
vn -0.000766 0.999175 0.040606
vn -0.018381 0.999662 0.018381
vn -0.040601 0.999042 0.016309
vn -0.027638 0.999386 0.021534
vn -0.020224 0.998127 0.057730
vn -0.012640 0.997625 0.067703
vn -0.028496 0.998110 0.054454
vn -0.055401 0.998242 0.021049
vn -0.067701 0.997585 0.015533
vn -0.017087 0.995467 0.093562
vn -0.014749 0.995406 0.094606
vn -0.002998 0.992583 0.121529
vn -0.042986 0.997314 0.059307
vn -0.057079 0.996947 0.053280
vn -0.094608 0.995412 0.014282
vn -0.082949 0.996349 0.020206
vn -0.029618 0.994737 0.098086
vn -0.044210 0.994785 0.091913
vn -0.085380 0.995027 0.051307
vn -0.071516 0.995770 0.057693
vn -0.121518 0.992509 0.012644
vn -0.110595 0.993683 0.019074
vn -0.030392 0.990998 0.130379
vn -0.020798 0.990711 0.134388
vn -0.012795 0.988842 0.148416
vn -0.059232 0.993531 0.096892
vn -0.073560 0.993188 0.090366
vn -0.100044 0.993441 0.055370
vn -0.113674 0.992327 0.048626
vn -0.019511 0.985293 0.169756
vn -0.009567 0.984496 0.175149
vn -0.006331 0.979415 0.201760
vn -0.148426 0.988868 0.010479
vn -0.138193 0.990248 0.017675
vn -0.045775 0.989670 0.135860
vn -0.060776 0.989765 0.129120
vn -0.102903 0.990793 0.087975
vn -0.088670 0.991526 0.094937
vn -0.128379 0.990346 0.052287
vn -0.141776 0.988867 0.045183
vn -0.046860 0.984767 0.167447
vn -0.031411 0.984196 0.174275
vn -0.165869 0.986018 0.015995
vn -0.175143 0.984512 0.007834
vn -0.090980 0.987717 0.127034
vn -0.076200 0.988025 0.134163
vn -0.132048 0.987607 0.084822
vn -0.118088 0.988719 0.092138
vn -0.032094 0.978130 0.205504
vn -0.013459 0.973550 0.228076
vn -0.020572 0.977376 0.210507
vn -0.156528 0.986485 0.048447
vn -0.169767 0.984634 0.040936
vn -0.078014 0.983065 0.165820
vn -0.062809 0.982911 0.173035
vn -0.201764 0.979424 0.004340
vn -0.193418 0.981013 0.014266
vn -0.121163 0.984835 0.124175
vn -0.106608 0.985541 0.131695
vn -0.020949 0.969363 0.244736
vn -0.006275 0.967052 0.254500
vn -0.010693 0.959783 0.280538
vn -0.160998 0.983638 0.080848
vn -0.147236 0.985129 0.088561
vn -0.048280 0.976177 0.211536
vn -0.064167 0.976836 0.204141
vn -0.197373 0.979668 0.035969
vn -0.184474 0.981861 0.043789
vn -0.093965 0.980789 0.170947
vn -0.109139 0.980532 0.163236
vn -0.221023 0.975187 0.012648
vn -0.228096 0.973639 -0.000658
vn -0.151067 0.981155 0.120474
vn -0.136745 0.982251 0.128385
vn -0.033012 0.967817 0.249479
vn -0.049231 0.969004 0.242092
vn -0.189740 0.978884 0.076055
vn -0.176183 0.980752 0.084170
vn -0.080472 0.974440 0.209740
vn -0.096001 0.974669 0.201998
vn -0.212049 0.976503 0.038420
vn -0.224686 0.973962 0.030243
vn -0.125159 0.977821 0.167931
vn -0.139995 0.977160 0.159873
vn -0.249155 0.968380 0.012709
vn -0.254490 0.966982 -0.013464
vn -0.020034 0.958168 0.285504
vn -0.014712 0.951789 0.306401
vn -0.033602 0.959567 0.279469
vn -0.180767 0.976666 0.115962
vn -0.166690 0.978148 0.124263
vn -0.082058 0.967223 0.240305
vn -0.065929 0.966470 0.248173
vn -0.218108 0.973371 0.070552
vn -0.204932 0.975586 0.078967
vn -0.112497 0.971811 0.207191
vn -0.127875 0.971621 0.198997
vn -0.239428 0.970376 0.032310
vn -0.251750 0.967500 0.023804
vn -0.021440 0.947872 0.317929
vn -0.004463 0.943236 0.332093
vn -0.015931 0.933786 0.357478
vn -0.156100 0.974007 0.164144
vn -0.170660 0.972950 0.155704
vn -0.050536 0.956906 0.285967
vn -0.067104 0.958211 0.278081
vn -0.210277 0.971354 0.110704
vn -0.196521 0.973208 0.119354
vn -0.098796 0.964242 0.245918
vn -0.114708 0.964561 0.237623
vn -0.246264 0.967071 0.064243
vn -0.233315 0.969653 0.073059
vn -0.159482 0.967736 0.195072
vn -0.144294 0.968340 0.203706
vn -0.266426 0.963519 0.025472
vn -0.275067 0.961235 0.019118
vn -0.280512 0.959708 0.016546
vn -0.051351 0.947607 0.315283
vn -0.034405 0.945729 0.323131
vn -0.201194 0.967898 0.150647
vn -0.186799 0.969357 0.159542
vn -0.100558 0.955939 0.275805
vn -0.084180 0.955081 0.284137
vn -0.225897 0.967499 0.113646
vn -0.239394 0.965271 0.104603
vn -0.131509 0.961125 0.242783
vn -0.147135 0.961016 0.234092
vn -0.261434 0.962939 0.066339
vn -0.274030 0.960019 0.057202
vn -0.019057 0.933170 0.358929
vn -0.034902 0.935422 0.351806
vn -0.016385 0.923761 0.382618
vn -0.190841 0.962991 0.190334
vn -0.175967 0.964001 0.199345
vn -0.293609 0.955713 0.020167
vn -0.306417 0.951822 0.012025
vn -0.085536 0.945746 0.313446
vn -0.068739 0.944322 0.321763
vn -0.231263 0.962060 0.144766
vn -0.217197 0.963900 0.154021
vn -0.133855 0.952759 0.272640
vn -0.117713 0.952343 0.281402
vn -0.255025 0.960981 0.107131
vn -0.268241 0.958385 0.097701
vn -0.020969 0.921015 0.388963
vn -0.003917 0.913172 0.407554
vn -0.179431 0.956587 0.229664
vn -0.164003 0.957118 0.238806
vn -0.289095 0.955488 0.058884
vn -0.301358 0.952230 0.049408
vn -0.052520 0.931988 0.358665
vn -0.069733 0.934003 0.350394
vn -0.207315 0.958813 0.194158
vn -0.221906 0.957406 0.184749
vn -0.321270 0.946838 0.016832
vn -0.332079 0.943228 0.006617
vn -0.102964 0.941995 0.319442
vn -0.119609 0.942970 0.310648
vn -0.247358 0.957596 0.147729
vn -0.261088 0.955384 0.138114
vn -0.150995 0.948711 0.277754
vn -0.166926 0.948694 0.268542
vn -0.296626 0.950738 0.090061
vn -0.283798 0.953676 0.099804
vn -0.053199 0.920681 0.386673
vn -0.035580 0.918051 0.394861
vn -0.196254 0.952246 0.233907
vn -0.211395 0.951302 0.224360
vn -0.316319 0.947298 0.050681
vn -0.328241 0.943709 0.040867
vn -0.104453 0.931647 0.348028
vn -0.087412 0.930095 0.356767
vn -0.238425 0.952763 0.188141
vn -0.252722 0.950962 0.178333
vn -0.349119 0.936974 0.013963
vn -0.357536 0.933899 -0.001118
vn -0.137054 0.938754 0.316161
vn -0.153427 0.939279 0.306946
vn -0.277093 0.950495 0.140635
vn -0.290542 0.947905 0.130616
vn -0.019995 0.902916 0.429351
vn -0.035988 0.905799 0.422177
vn -0.017840 0.901667 0.432064
vn -0.018500 0.889603 0.456360
vn -0.184131 0.944169 0.273206
vn -0.199757 0.943725 0.263593
vn -0.312072 0.945619 0.091740
vn -0.324560 0.942335 0.081644
vn -0.071110 0.916614 0.393398
vn -0.088543 0.918766 0.384746
vn -0.243112 0.945140 0.218189
vn -0.228246 0.946493 0.228157
vn -0.343150 0.938353 0.041740
vn -0.354679 0.934453 0.031627
vn -0.122242 0.927245 0.353940
vn -0.139041 0.928336 0.344760
vn -0.269100 0.945902 0.181260
vn -0.283096 0.943715 0.171053
vn -0.004421 0.877086 0.480313
vn -0.019298 0.889116 0.457275
vn -0.187100 0.934655 0.302347
vn -0.170966 0.934571 0.312007
vn -0.319498 0.939650 0.122389
vn -0.306479 0.942581 0.132706
vn -0.054155 0.901563 0.429245
vn -0.071927 0.904328 0.420735
vn -0.232318 0.937871 0.257735
vn -0.216944 0.938736 0.267788
vn -0.352096 0.933153 0.072490
vn -0.339986 0.936768 0.082913
vn -0.106545 0.914204 0.390997
vn -0.123822 0.915890 0.381857
vn -0.274395 0.938136 0.211204
vn -0.259907 0.939880 0.221527
vn -0.369425 0.928706 0.032097
vn -0.382581 0.923720 0.019300
vn -0.383642 0.923291 0.018783
vn -0.173438 0.924111 0.340496
vn -0.156796 0.923469 0.350171
vn -0.299480 0.938186 0.173549
vn -0.313123 0.935625 0.162973
vn -0.036578 0.884974 0.464202
vn -0.054701 0.888370 0.455857
vn -0.204577 0.929489 0.306918
vn -0.220441 0.929140 0.296824
vn -0.335359 0.933888 0.124051
vn -0.348069 0.930593 0.113336
vn -0.090146 0.899602 0.427306
vn -0.107769 0.901890 0.418306
vn -0.264546 0.931136 0.251001
vn -0.249480 0.932414 0.261466
vn -0.367342 0.927190 0.073340
vn -0.379057 0.923253 0.062599
vn -0.158825 0.912061 0.378046
vn -0.141833 0.910846 0.387612
vn -0.291183 0.932403 0.214097
vn -0.305376 0.930265 0.203355
vn -0.395265 0.918305 0.021921
vn -0.407528 0.913094 0.013441
vn -0.036898 0.870873 0.490121
vn -0.016994 0.863642 0.503819
vn -0.021638 0.867557 0.496867
vn -0.207538 0.918951 0.335346
vn -0.191212 0.918758 0.345431
vn -0.342616 0.926755 0.154076
vn -0.329339 0.929680 0.165017
vn -0.073092 0.883491 0.462711
vn -0.091055 0.886396 0.453884
vn -0.237934 0.923487 0.300932
vn -0.253500 0.922712 0.290414
vn -0.363744 0.924427 0.114564
vn -0.376069 0.920792 0.103507
vn -0.143462 0.898497 0.414876
vn -0.125992 0.896679 0.424373
vn -0.281626 0.925222 0.254264
vn -0.296371 0.923540 0.243390
vn -0.405501 0.912616 0.051962
vn -0.394169 0.916873 0.063038
vn -0.020481 0.851385 0.524141
vn -0.014594 0.849715 0.527041
vn -0.006048 0.835190 0.549928
vn -0.176883 0.906518 0.383325
vn -0.193686 0.907278 0.373273
vn -0.322000 0.924104 0.205783
vn -0.335825 0.921589 0.194668
vn -0.432133 0.901786 0.006580
vn -0.422800 0.906059 0.017247
vn -0.055435 0.865850 0.497224
vn -0.073732 0.869386 0.488601
vn -0.241373 0.912872 0.329246
vn -0.225283 0.913118 0.339798
vn -0.371623 0.917082 0.144416
vn -0.358759 0.920355 0.155687
vn -0.127262 0.883449 0.450913
vn -0.109462 0.881026 0.460230
vn -0.270908 0.916596 0.294042
vn -0.286168 0.915403 0.283099
vn -0.403532 0.910232 0.092955
vn -0.391640 0.914186 0.104315
vn -0.161691 0.892793 0.420447
vn -0.178912 0.894138 0.410496
vn -0.313391 0.917155 0.246196
vn -0.327745 0.915084 0.234957
vn -0.420413 0.905842 0.051994
vn -0.431318 0.901285 0.040621
vn -0.055850 0.850860 0.522415
vn -0.037348 0.846708 0.530746
vn -0.211690 0.901256 0.378054
vn -0.228199 0.901564 0.367569
vn -0.365823 0.912082 0.185149
vn -0.352358 0.914971 0.196650
vn -0.450572 0.892641 0.013289
vn -0.456418 0.889753 -0.004644
vn -0.092342 0.863851 0.495211
vn -0.110422 0.866883 0.486128
vn -0.259097 0.906549 0.333224
vn -0.274827 0.905874 0.322278
vn -0.387655 0.910234 0.145593
vn -0.400129 0.906615 0.133966
vn -0.145733 0.877563 0.456777
vn -0.163323 0.879505 0.446987
vn -0.318440 0.907213 0.274885
vn -0.303494 0.908817 0.286256
vn -0.418926 0.903210 0.093343
vn -0.430402 0.898936 0.081658
vn -0.022334 0.826985 0.561779
vn -0.037581 0.830848 0.555230
vn -0.016617 0.819896 0.572271
vn -0.214118 0.888814 0.405171
vn -0.197150 0.887933 0.415581
vn -0.358641 0.905791 0.225652
vn -0.344627 0.908252 0.237299
vn -0.456501 0.889263 0.028589
vn -0.446036 0.894109 0.040252
vn -0.074606 0.845183 0.529245
vn -0.093034 0.848846 0.520390
vn -0.262448 0.894919 0.360890
vn -0.246160 0.895055 0.371864
vn -0.382228 0.905014 0.186686
vn -0.395282 0.901767 0.174836
vn -0.147009 0.863392 0.482641
vn -0.129058 0.860840 0.492237
vn -0.292437 0.899085 0.325770
vn -0.307883 0.897986 0.314371
vn -0.428001 0.895406 0.122734
vn -0.415934 0.899363 0.134708
vn -0.021794 0.808506 0.588085
vn -0.010473 0.804173 0.594302
vn -0.008625 0.787804 0.615866
vn -0.199140 0.874586 0.442088
vn -0.181780 0.873118 0.452350
vn -0.335650 0.900163 0.277572
vn -0.350181 0.898165 0.265843
vn -0.445593 0.891506 0.081632
vn -0.456634 0.886925 0.069637
vn -0.056442 0.825047 0.562238
vn -0.075074 0.829321 0.553707
vn -0.232318 0.882112 0.409764
vn -0.248985 0.882537 0.398918
vn -0.375431 0.898485 0.227543
vn -0.389047 0.895651 0.215526
vn -0.471028 0.881679 0.027823
vn -0.480260 0.876964 0.016877
vn -0.480126 0.877035 0.016978
vn -0.130023 0.845824 0.517374
vn -0.111790 0.842665 0.526706
vn -0.296221 0.887353 0.353352
vn -0.280334 0.887923 0.364699
vn -0.424121 0.890678 0.163748
vn -0.411503 0.894267 0.175929
vn -0.183373 0.858914 0.478164
vn -0.165627 0.856847 0.488244
vn -0.325429 0.890706 0.317394
vn -0.340510 0.889194 0.305593
vn -0.455255 0.883441 0.110795
vn -0.443664 0.887705 0.123052
vn -0.037874 0.803469 0.594140
vn -0.056728 0.808360 0.585949
vn -0.234663 0.868716 0.436195
vn -0.217522 0.867713 0.446943
vn -0.367302 0.890633 0.268071
vn -0.381479 0.888242 0.255929
vn -0.482226 0.874195 0.056927
vn -0.471655 0.879064 0.069201
vn -0.112489 0.826785 0.551156
vn -0.093956 0.823008 0.560205
vn -0.267152 0.875328 0.403027
vn -0.283556 0.875305 0.391711
vn -0.405640 0.887910 0.216961
vn -0.418846 0.884712 0.204578
vn -0.496906 0.867606 0.018568
vn -0.503863 0.863728 0.009785
vn -0.148788 0.839129 0.523187
vn -0.166866 0.841800 0.513350
vn -0.329641 0.878864 0.344871
vn -0.314036 0.879863 0.356683
vn -0.440182 0.882729 0.164405
vn -0.452396 0.878794 0.151855
vn -0.022262 0.781413 0.623617
vn -0.016678 0.770735 0.636937
vn -0.038022 0.785941 0.617131
vn -0.219426 0.853464 0.472706
vn -0.201924 0.851875 0.483255
vn -0.357898 0.881454 0.308137
vn -0.372614 0.879537 0.295928
vn -0.470698 0.875323 0.110691
vn -0.481875 0.870734 0.098080
vn -0.094432 0.806319 0.583894
vn -0.075693 0.801941 0.592589
vn -0.269843 0.861883 0.429351
vn -0.252987 0.861341 0.440555
vn -0.412175 0.877497 0.245174
vn -0.398406 0.880266 0.257692
vn -0.507084 0.860796 0.043530
vn -0.496981 0.865947 0.056089
vn -0.131345 0.819967 0.557138
vn -0.149718 0.823243 0.547591
vn -0.301548 0.867638 0.395313
vn -0.317638 0.867175 0.383554
vn -0.448032 0.872973 0.192835
vn -0.435260 0.876522 0.205566
vn -0.549913 0.835184 0.007921
vn -0.527102 0.849802 0.000781
vn -0.523870 0.851708 0.012387
vn -0.007502 0.753307 0.657626
vn -0.012196 0.735175 0.677768
vn -0.022431 0.760985 0.648381
vn -0.185573 0.834605 0.518650
vn -0.203436 0.836788 0.508331
vn -0.362529 0.869491 0.335495
vn -0.347297 0.870907 0.347715
vn -0.468229 0.870421 0.152080
vn -0.479957 0.866172 0.139238
vn -0.075989 0.784386 0.615601
vn -0.057096 0.779419 0.623896
vn -0.237945 0.845910 0.477304
vn -0.255205 0.847029 0.466276
vn -0.389844 0.871330 0.298003
vn -0.404169 0.869020 0.285398
vn -0.507751 0.857331 0.084685
vn -0.497075 0.862205 0.097561
vn -0.132011 0.803231 0.580856
vn -0.113442 0.799366 0.590037
vn -0.304587 0.854113 0.421566
vn -0.288049 0.854023 0.433211
vn -0.428928 0.869062 0.246481
vn -0.442273 0.865926 0.233596
vn -0.531203 0.846732 0.029459
vn -0.521578 0.852154 0.042296
vn -0.168586 0.815896 0.553076
vn -0.186735 0.818670 0.543056
vn -0.351283 0.858107 0.374504
vn -0.335556 0.859000 0.386679
vn -0.476584 0.860441 0.180304
vn -0.464256 0.864332 0.193382
vn -0.038203 0.755526 0.654004
vn -0.057253 0.761079 0.646127
vn -0.222088 0.829083 0.513127
vn -0.239724 0.830786 0.502322
vn -0.394890 0.859236 0.325230
vn -0.380031 0.861061 0.337863
vn -0.495570 0.857367 0.139037
vn -0.506853 0.852796 0.125853
vn -0.113886 0.781814 0.613024
vn -0.095055 0.777347 0.621849
vn -0.290573 0.839644 0.458874
vn -0.273595 0.838989 0.470365
vn -0.435140 0.857639 0.274060
vn -0.421267 0.860324 0.287014
vn -0.522677 0.848406 0.083759
vn -0.532877 0.843243 0.070583
vn -0.150950 0.795777 0.586475
vn -0.169440 0.799155 0.576751
vn -0.338939 0.845382 0.412855
vn -0.322725 0.845737 0.424945
vn -0.458849 0.857023 0.234454
vn -0.471738 0.853535 0.221225
vn -0.552199 0.833515 0.018155
vn -0.545439 0.837689 0.027834
vn -0.021526 0.731066 0.681967
vn -0.038267 0.736396 0.675467
vn -0.017158 0.716529 0.697346
vn -0.205494 0.810831 0.548019
vn -0.223478 0.813123 0.537484
vn -0.384389 0.848160 0.364513
vn -0.368993 0.849477 0.377137
vn -0.504413 0.847153 0.167030
vn -0.492573 0.851365 0.180415
vn -0.095319 0.759024 0.644047
vn -0.076338 0.753984 0.652442
vn -0.258302 0.822568 0.506619
vn -0.275643 0.823794 0.495363
vn -0.412229 0.850326 0.327127
vn -0.426713 0.848100 0.314073
vn -0.532967 0.838718 0.111798
vn -0.522213 0.843570 0.125232
vn -0.132880 0.774273 0.618744
vn -0.151540 0.778223 0.609430
vn -0.308887 0.831086 0.462476
vn -0.325553 0.831285 0.450533
vn -0.465487 0.845439 0.261828
vn -0.451987 0.848509 0.275212
vn -0.547564 0.833893 0.069253
vn -0.557257 0.828462 0.055813
vn -0.022338 0.709194 0.704659
vn -0.005599 0.697463 0.716599
vn -0.016811 0.677696 0.735150
vn -0.188310 0.791192 0.581855
vn -0.206535 0.794058 0.571677
vn -0.356873 0.836544 0.415736
vn -0.372715 0.835756 0.403230
vn -0.500510 0.840361 0.208046
vn -0.488066 0.844197 0.221636
vn -0.594314 0.804201 0.007248
vn -0.572316 0.819943 0.012154
vn -0.570145 0.821381 0.016387
vn -0.057400 0.729252 0.681834
vn -0.076464 0.734840 0.673916
vn -0.242182 0.804761 0.541949
vn -0.259917 0.806566 0.530937
vn -0.401980 0.839024 0.366676
vn -0.416959 0.837297 0.353665
vn -0.531528 0.833113 0.152972
vn -0.520140 0.837653 0.166711
vn -0.133248 0.755924 0.640956
vn -0.114395 0.751402 0.649853
vn -0.311198 0.815841 0.487400
vn -0.294092 0.815079 0.499156
vn -0.443840 0.838728 0.315502
vn -0.457833 0.836128 0.302124
vn -0.548039 0.829086 0.110765
vn -0.558336 0.823927 0.096986
vn -0.189047 0.773611 0.604804
vn -0.170500 0.770156 0.614646
vn -0.360000 0.822018 0.441232
vn -0.343655 0.822266 0.453629
vn -0.482104 0.835856 0.262527
vn -0.495123 0.832434 0.248812
vn -0.571611 0.818740 0.054093
vn -0.580799 0.813045 0.040377
vn -0.057431 0.709311 0.702552
vn -0.038319 0.703195 0.709964
vn -0.243408 0.787959 0.565573
vn -0.225335 0.785576 0.576277
vn -0.390537 0.826402 0.405636
vn -0.406038 0.825188 0.392681
vn -0.516554 0.830603 0.208018
vn -0.528516 0.826436 0.194099
vn -0.114584 0.732251 0.671326
vn -0.095576 0.727172 0.679769
vn -0.295931 0.799038 0.523415
vn -0.278477 0.797711 0.534891
vn -0.434349 0.827687 0.355353
vn -0.448936 0.825557 0.341924
vn -0.546981 0.823187 0.152230
vn -0.557818 0.818368 0.138251
vn -0.170974 0.751798 0.636842
vn -0.152258 0.747786 0.646245
vn -0.346229 0.806944 0.478504
vn -0.329473 0.806642 0.490690
vn -0.488344 0.823302 0.289299
vn -0.474750 0.826285 0.303094
vn -0.582864 0.808467 0.081548
vn -0.573124 0.813879 0.095548
vn -0.020289 0.676251 0.736392
vn -0.038298 0.682477 0.729903
vn -0.018090 0.657537 0.753205
vn -0.226215 0.767981 0.599193
vn -0.207909 0.765035 0.609505
vn -0.377981 0.812483 0.443848
vn -0.393955 0.811798 0.431026
vn -0.524030 0.818631 0.235022
vn -0.511502 0.822394 0.249063
vn -0.604221 0.796482 0.023110
vn -0.615773 0.787672 0.019932
vn -0.594826 0.802943 0.038274
vn -0.095629 0.707239 0.700477
vn -0.076542 0.701632 0.708416
vn -0.262066 0.778979 0.569660
vn -0.279887 0.780875 0.558478
vn -0.438732 0.813739 0.381238
vn -0.423633 0.815367 0.394603
vn -0.555790 0.811737 0.179391
vn -0.544317 0.816225 0.193639
vn -0.152511 0.728626 0.667716
vn -0.133631 0.724067 0.676661
vn -0.331534 0.790546 0.514901
vn -0.314338 0.789686 0.526867
vn -0.480198 0.812975 0.329364
vn -0.466083 0.815487 0.343144
vn -0.572978 0.808023 0.137094
vn -0.583347 0.802892 0.122760
vn -0.021383 0.653485 0.756638
vn -0.004800 0.637018 0.770834
vn -0.208485 0.746651 0.631701
vn -0.189908 0.743140 0.641621
vn -0.364372 0.797230 0.481308
vn -0.380812 0.797083 0.468658
vn -0.518127 0.809660 0.275671
vn -0.505012 0.813001 0.289814
vn -0.606541 0.792355 0.065429
vn -0.597315 0.798036 0.079715
vn -0.076500 0.680922 0.728350
vn -0.057389 0.674817 0.735750
vn -0.263091 0.761356 0.592554
vn -0.244956 0.758897 0.603384
vn -0.427343 0.800660 0.419906
vn -0.411743 0.801774 0.433159
vn -0.540150 0.808141 0.234833
vn -0.552198 0.804041 0.220444
vn -0.616442 0.787139 0.020275
vn -0.636978 0.770815 0.010179
vn -0.114691 0.699037 0.705828
vn -0.133705 0.704128 0.697371
vn -0.298409 0.771387 0.562063
vn -0.315931 0.772801 0.550424
vn -0.456087 0.803453 0.382686
vn -0.470786 0.801419 0.368903
vn -0.582204 0.796330 0.164006
vn -0.571284 0.801105 0.178508
vn -0.190221 0.723993 0.663061
vn -0.171445 0.719937 0.672530
vn -0.349794 0.780682 0.517861
vn -0.366650 0.781079 0.505454
vn -0.510806 0.799541 0.315928
vn -0.497106 0.802437 0.330122
vn -0.607966 0.786771 0.106629
vn -0.598157 0.792161 0.121200
vn -0.038167 0.646767 0.761732
vn -0.057295 0.653352 0.754883
vn -0.227260 0.737501 0.635960
vn -0.245635 0.740509 0.625548
vn -0.414825 0.786302 0.457875
vn -0.398736 0.786890 0.470971
vn -0.547142 0.795227 0.261247
vn -0.534509 0.798917 0.275738
vn -0.620645 0.781539 0.063210
vn -0.629327 0.775615 0.048676
vn -0.114629 0.678339 0.725752
vn -0.095536 0.672743 0.733683
vn -0.281684 0.751767 0.596239
vn -0.299575 0.753737 0.584924
vn -0.460079 0.788648 0.407875
vn -0.444867 0.790180 0.421556
vn -0.579559 0.788696 0.205109
vn -0.568017 0.793117 0.219822
vn -0.657649 0.753309 -0.004731
vn -0.643940 0.764911 0.015891
vn -0.171539 0.699998 0.693237
vn -0.152647 0.695424 0.702199
vn -0.351565 0.763763 0.541357
vn -0.334273 0.762817 0.553509
vn -0.502115 0.788256 0.355716
vn -0.487864 0.790681 0.369882
vn -0.597390 0.785272 0.162706
vn -0.607800 0.780198 0.147886
vn -0.020626 0.618143 0.785795
vn -0.038062 0.624555 0.780053
vn -0.018563 0.615783 0.787697
vn -0.019434 0.594223 0.804066
vn -0.209062 0.714780 0.667370
vn -0.227637 0.718322 0.657415
vn -0.401228 0.770681 0.495042
vn -0.384688 0.770736 0.507918
vn -0.527399 0.788573 0.316232
vn -0.540636 0.785310 0.301663
vn -0.622465 0.775618 0.104668
vn -0.631720 0.769972 0.089850
vn -0.076286 0.645228 0.760172
vn -0.095378 0.651291 0.752810
vn -0.264301 0.730833 0.629308
vn -0.282465 0.733346 0.618399
vn -0.432494 0.775644 0.459701
vn -0.448195 0.774626 0.446179
vn -0.563198 0.784061 0.260874
vn -0.575360 0.780026 0.246010
vn -0.643094 0.764400 0.046075
vn -0.651199 0.758259 0.031343
vn -0.133561 0.669652 0.730567
vn -0.152563 0.674728 0.722126
vn -0.317994 0.743646 0.588108
vn -0.335579 0.745132 0.576338
vn -0.477382 0.777676 0.409056
vn -0.492141 0.775741 0.394996
vn -0.595007 0.777383 0.204066
vn -0.606031 0.772652 0.189036
vn -0.019288 0.594383 0.803951
vn -0.004933 0.572343 0.819999
vn -0.190383 0.690773 0.697558
vn -0.209177 0.694844 0.688067
vn -0.369711 0.753282 0.543948
vn -0.386637 0.753763 0.531369
vn -0.518956 0.777033 0.356237
vn -0.532720 0.774234 0.341718
vn -0.622617 0.768752 0.146181
vn -0.632491 0.763397 0.131070
vn -0.076075 0.623009 0.778506
vn -0.057016 0.616508 0.785282
vn -0.264739 0.711654 0.650739
vn -0.246318 0.708608 0.661213
vn -0.435200 0.759354 0.483717
vn -0.419041 0.759851 0.497021
vn -0.556952 0.773880 0.301522
vn -0.569658 0.770275 0.286645
vn -0.654563 0.752533 0.072398
vn -0.645844 0.758438 0.087502
vn -0.133341 0.648184 0.749718
vn -0.114308 0.642640 0.757593
vn -0.300931 0.723181 0.621651
vn -0.318877 0.725208 0.610239
vn -0.480955 0.762025 0.433590
vn -0.465657 0.763464 0.447534
vn -0.602709 0.764071 0.230082
vn -0.591116 0.768411 0.245206
vn -0.664546 0.746708 0.028382
vn -0.668389 0.743521 0.020815
vn -0.677749 0.735167 0.013645
vn -0.171391 0.665522 0.726433
vn -0.190278 0.670083 0.717484
vn -0.353809 0.734539 0.579027
vn -0.371157 0.735555 0.566746
vn -0.523503 0.761985 0.381214
vn -0.509144 0.764320 0.395711
vn -0.621181 0.760887 0.187575
vn -0.631631 0.755881 0.172298
vn -0.037821 0.586597 0.808996
vn -0.056794 0.593499 0.802828
vn -0.246455 0.688679 0.681896
vn -0.227853 0.685121 0.691876
vn -0.421166 0.742815 0.520427
vn -0.404563 0.742789 0.533473
vn -0.562574 0.759386 0.326871
vn -0.549260 0.762558 0.341788
vn -0.646941 0.751554 0.128969
vn -0.656244 0.745946 0.113615
vn -0.113992 0.620422 0.775939
vn -0.094961 0.614439 0.783228
vn -0.301429 0.703992 0.643068
vn -0.283234 0.701443 0.654031
vn -0.452781 0.748032 0.485219
vn -0.468568 0.747101 0.471470
vn -0.585660 0.758399 0.286065
vn -0.597896 0.754445 0.270802
vn -0.668277 0.740642 0.069678
vn -0.676398 0.734526 0.054387
vn -0.171107 0.644064 0.745590
vn -0.152135 0.639030 0.753986
vn -0.337147 0.714543 0.612994
vn -0.354790 0.716083 0.601123
vn -0.512955 0.748572 0.420139
vn -0.498104 0.750417 0.434473
vn -0.618102 0.752047 0.228856
vn -0.629213 0.747377 0.213349
vn -0.688757 0.724776 0.017697
vn -0.716514 0.697355 0.017434
vn -0.697454 0.716628 0.001050
vn -0.037631 0.562888 0.825676
vn -0.021867 0.556826 0.830341
vn -0.017080 0.549858 0.835083
vn -0.208977 0.660360 0.721286
vn -0.227727 0.664410 0.711829
vn -0.389149 0.724477 0.568943
vn -0.406143 0.725026 0.556223
vn -0.554069 0.747394 0.366620
vn -0.540202 0.750107 0.381472
vn -0.656308 0.738434 0.154839
vn -0.646388 0.743730 0.170434
vn -0.075594 0.585055 0.807463
vn -0.094591 0.591449 0.800775
vn -0.283390 0.681494 0.674727
vn -0.264981 0.678439 0.685205
vn -0.438843 0.731356 0.522049
vn -0.455075 0.730938 0.508563
vn -0.591570 0.743753 0.311251
vn -0.578776 0.747274 0.326497
vn -0.670318 0.733707 0.111126
vn -0.679047 0.727853 0.095524
vn -0.132740 0.611352 0.780147
vn -0.151714 0.616818 0.772346
vn -0.337705 0.695318 0.634419
vn -0.319759 0.693260 0.645867
vn -0.485855 0.735316 0.472498
vn -0.501220 0.733965 0.458339
vn -0.613524 0.742158 0.269795
vn -0.625192 0.737894 0.254260
vn -0.689751 0.722228 0.051290
vn -0.697291 0.715895 0.035777
vn -0.020674 0.530258 0.847584
vn -0.013943 0.527046 0.849723
vn -0.006173 0.503883 0.863750
vn -0.208631 0.638916 0.740445
vn -0.189767 0.634397 0.749353
vn -0.372850 0.704916 0.603388
vn -0.390228 0.705984 0.591023
vn -0.544248 0.734240 0.405816
vn -0.529830 0.736483 0.420563
vn -0.654744 0.730002 0.195979
vn -0.644232 0.734945 0.211713
vn -0.056352 0.554594 0.830211
vn -0.075213 0.561342 0.824159
vn -0.264835 0.657744 0.705149
vn -0.246226 0.654197 0.715122
vn -0.440556 0.713565 0.544735
vn -0.423873 0.713471 0.557935
vn -0.570456 0.735057 0.366430
vn -0.583844 0.731973 0.351200
vn -0.670689 0.725876 0.152579
vn -0.680025 0.720325 0.136742
vn -0.132224 0.588374 0.797705
vn -0.113269 0.582500 0.804900
vn -0.301701 0.670764 0.677534
vn -0.319935 0.673329 0.666536
vn -0.472450 0.719020 0.509707
vn -0.488316 0.718166 0.495767
vn -0.607429 0.731202 0.310442
vn -0.619720 0.727337 0.294836
vn -0.692720 0.715230 0.092658
vn -0.700861 0.709148 0.076829
vn -0.189242 0.612202 0.767721
vn -0.170318 0.607242 0.776047
vn -0.373468 0.685689 0.624782
vn -0.355778 0.684112 0.636721
vn -0.518195 0.721722 0.458903
vn -0.533142 0.719958 0.444320
vn -0.640487 0.725158 0.252831
vn -0.651631 0.720576 0.236955
vn -0.710185 0.703272 0.032332
vn -0.716611 0.697246 0.017814
vn -0.056001 0.530117 0.846073
vn -0.037251 0.523029 0.851501
vn -0.227108 0.628750 0.743703
vn -0.245819 0.632757 0.734297
vn -0.408023 0.694337 0.592801
vn -0.425049 0.694938 0.579996
vn -0.560774 0.721713 0.405787
vn -0.574727 0.719084 0.390650
vn -0.679359 0.711916 0.177895
vn -0.669395 0.717146 0.193938
vn -0.093805 0.552549 0.828185
vn -0.112698 0.558796 0.821612
vn -0.301534 0.650059 0.697496
vn -0.283155 0.647020 0.707947
vn -0.458024 0.701519 0.545971
vn -0.474296 0.701167 0.532361
vn -0.612745 0.715770 0.334988
vn -0.599864 0.719210 0.350572
vn -0.693989 0.707387 0.134098
vn -0.702748 0.701585 0.118000
vn -0.169654 0.584285 0.793617
vn -0.150750 0.578925 0.801324
vn -0.355974 0.664169 0.657390
vn -0.338026 0.662100 0.668852
vn -0.505401 0.705770 0.496446
vn -0.520820 0.704495 0.482114
vn -0.646948 0.710180 0.277675
vn -0.635196 0.714369 0.293603
vn -0.721624 0.689887 0.057565
vn -0.714084 0.696180 0.073603
vn -0.022119 0.491967 0.870333
vn -0.036974 0.497853 0.866473
vn -0.015997 0.480257 0.876982
vn -0.207679 0.602120 0.770922
vn -0.226480 0.606565 0.762093
vn -0.408699 0.675099 0.614172
vn -0.391285 0.673997 0.626598
vn -0.564280 0.705089 0.429462
vn -0.549802 0.707249 0.444428
vn -0.677082 0.702575 0.218971
vn -0.666515 0.707444 0.235119
vn -0.753317 0.657622 0.006806
vn -0.735209 0.677786 0.008596
vn -0.731839 0.681254 0.017479
vn -0.093222 0.528097 0.844052
vn -0.074466 0.521526 0.849980
vn -0.282687 0.625593 0.727133
vn -0.264108 0.622086 0.737059
vn -0.442566 0.682811 0.581296
vn -0.459294 0.682956 0.567997
vn -0.590908 0.706108 0.390178
vn -0.604357 0.703111 0.374684
vn -0.702957 0.693195 0.159163
vn -0.693577 0.698686 0.175466
vn -0.131114 0.549517 0.825130
vn -0.149991 0.555254 0.818044
vn -0.337839 0.641408 0.688810
vn -0.319605 0.638855 0.699798
vn -0.491461 0.688651 0.533128
vn -0.507375 0.687862 0.519054
vn -0.628404 0.702566 0.333930
vn -0.640755 0.698786 0.318010
vn -0.716253 0.688302 0.114990
vn -0.724416 0.682268 0.098653
vn -0.021451 0.463160 0.886015
vn -0.009644 0.456397 0.889724
vn -0.008576 0.432136 0.901768
vn -0.206871 0.579195 0.788504
vn -0.188009 0.574337 0.796737
vn -0.391501 0.654034 0.647277
vn -0.373820 0.652447 0.659220
vn -0.552587 0.689958 0.467552
vn -0.537563 0.691650 0.482334
vn -0.673238 0.692289 0.259781
vn -0.662034 0.696792 0.276028
vn -0.734400 0.676566 0.053987
vn -0.741339 0.670070 0.037733
vn -0.073913 0.496351 0.864970
vn -0.055317 0.489487 0.870254
vn -0.244701 0.595995 0.764795
vn -0.263378 0.599934 0.755454
vn -0.426233 0.662929 0.615508
vn -0.443299 0.663563 0.602636
vn -0.580590 0.691931 0.429124
vn -0.594605 0.689382 0.413760
vn -0.691549 0.689046 0.216737
vn -0.701546 0.683895 0.200300
vn -0.111553 0.519004 0.847461
vn -0.130298 0.525063 0.841030
vn -0.319076 0.617447 0.718992
vn -0.300720 0.614447 0.729399
vn -0.476496 0.670364 0.568826
vn -0.492824 0.670061 0.555106
vn -0.633110 0.686345 0.357913
vn -0.620161 0.689703 0.373779
vn -0.725516 0.673850 0.139829
vn -0.716747 0.679579 0.156353
vn -0.168275 0.545459 0.821071
vn -0.187060 0.550673 0.813491
vn -0.355658 0.629716 0.690627
vn -0.373615 0.631774 0.679171
vn -0.539664 0.673689 0.504882
vn -0.524187 0.674903 0.519360
vn -0.667830 0.681052 0.300285
vn -0.656021 0.685160 0.316533
vn -0.737489 0.668604 0.095279
vn -0.745028 0.662367 0.078756
vn -0.054836 0.463579 0.884357
vn -0.036451 0.456467 0.888993
vn -0.243749 0.573105 0.782392
vn -0.225011 0.568761 0.791126
vn -0.426468 0.642951 0.636192
vn -0.409058 0.641837 0.648626
vn -0.583531 0.674558 0.452175
vn -0.568998 0.676646 0.467323
vn -0.698521 0.673714 0.241201
vn -0.687895 0.678509 0.257732
vn -0.753654 0.656401 0.033813
vn -0.770757 0.636943 0.015436
vn -0.758609 0.651209 0.020984
vn -0.092117 0.487491 0.868255
vn -0.110724 0.493844 0.862472
vn -0.281357 0.588884 0.757663
vn -0.299890 0.592322 0.747811
vn -0.477286 0.651082 0.590161
vn -0.460550 0.650906 0.603503
vn -0.610522 0.675800 0.412986
vn -0.624038 0.672879 0.397253
vn -0.715570 0.669987 0.197681
vn -0.724982 0.664569 0.180969
vn -0.148446 0.515485 0.843943
vn -0.167229 0.521054 0.836981
vn -0.336895 0.605791 0.720777
vn -0.355069 0.608302 0.709855
vn -0.509706 0.657000 0.555474
vn -0.525641 0.656260 0.541317
vn -0.660931 0.668817 0.340374
vn -0.648510 0.672518 0.356586
vn -0.738881 0.659836 0.136644
vn -0.747039 0.653880 0.119896
vn -0.015368 0.407509 0.913072
vn -0.021526 0.423994 0.905409
vn -0.036087 0.429856 0.902176
vn -0.223877 0.545100 0.807927
vn -0.205145 0.540387 0.816025
vn -0.391157 0.619600 0.680509
vn -0.408834 0.621175 0.668578
vn -0.556159 0.660248 0.504737
vn -0.571223 0.658619 0.489822
vn -0.682671 0.667022 0.298400
vn -0.693920 0.662602 0.281839
vn -0.764569 0.641899 0.058310
vn -0.757652 0.648332 0.075028
vn -0.091316 0.461587 0.882382
vn -0.072902 0.454983 0.887511
vn -0.280261 0.566002 0.775303
vn -0.261684 0.562170 0.784529
vn -0.460804 0.630920 0.624179
vn -0.443729 0.630275 0.637070
vn -0.599539 0.660828 0.451508
vn -0.613615 0.658349 0.435951
vn -0.712726 0.659555 0.238764
vn -0.722778 0.654474 0.221935
vn -0.787826 0.615896 0.001326
vn -0.773997 0.632939 0.017811
vn -0.147343 0.490353 0.858978
vn -0.128740 0.484506 0.865263
vn -0.317652 0.580765 0.749540
vn -0.335964 0.583697 0.739206
vn -0.494188 0.637975 0.590565
vn -0.510550 0.637703 0.576779
vn -0.639562 0.658865 0.396053
vn -0.652566 0.655584 0.379955
vn -0.738550 0.650284 0.177976
vn -0.747360 0.644616 0.161007
vn -0.006222 0.382645 0.923875
vn -0.012197 0.357513 0.933828
vn -0.021752 0.393445 0.919091
vn -0.203870 0.516028 0.831957
vn -0.185191 0.510982 0.839406
vn -0.372582 0.596184 0.711159
vn -0.390510 0.598204 0.699752
vn -0.557700 0.641593 0.526620
vn -0.542148 0.642761 0.541233
vn -0.675913 0.654575 0.338635
vn -0.687780 0.650545 0.322102
vn -0.767450 0.633364 0.099350
vn -0.759890 0.639552 0.116365
vn -0.072174 0.428376 0.900713
vn -0.053990 0.421561 0.905191
vn -0.241723 0.534336 0.809972
vn -0.260364 0.538546 0.801360
vn -0.426072 0.608528 0.669445
vn -0.443484 0.609630 0.657019
vn -0.587296 0.644772 0.489237
vn -0.601882 0.642743 0.473940
vn -0.718969 0.643483 0.262703
vn -0.708295 0.648200 0.279562
vn -0.782966 0.620943 0.037348
vn -0.776677 0.627558 0.054254
vn -0.127622 0.458635 0.879413
vn -0.109175 0.452528 0.885042
vn -0.297992 0.554554 0.776962
vn -0.316414 0.557886 0.767232
vn -0.477708 0.617801 0.624593
vn -0.494460 0.617988 0.611228
vn -0.629237 0.644176 0.434854
vn -0.642801 0.641326 0.418937
vn -0.736556 0.639903 0.219112
vn -0.745993 0.634565 0.202043
vn -0.183814 0.485854 0.854493
vn -0.165215 0.480504 0.861290
vn -0.371552 0.574101 0.729628
vn -0.353450 0.571660 0.740458
vn -0.527082 0.624153 0.576730
vn -0.543046 0.623443 0.562511
vn -0.667668 0.641154 0.378340
vn -0.680140 0.637527 0.361895
vn -0.768611 0.624099 0.140493
vn -0.760437 0.629985 0.157656
vn -0.035461 0.387271 0.921284
vn -0.053379 0.394257 0.917449
vn -0.240220 0.509990 0.825957
vn -0.221643 0.505454 0.833901
vn -0.425368 0.587175 0.688685
vn -0.407691 0.585636 0.700584
vn -0.588924 0.626062 0.511091
vn -0.573837 0.627644 0.526093
vn -0.713596 0.631584 0.303121
vn -0.702295 0.635927 0.319966
vn -0.779802 0.618702 0.095481
vn -0.786718 0.612327 0.078298
vn -0.089848 0.419634 0.903235
vn -0.108085 0.425957 0.898264
vn -0.277985 0.527286 0.802928
vn -0.296491 0.530993 0.793814
vn -0.460378 0.596529 0.657423
vn -0.477445 0.597162 0.644549
vn -0.631696 0.626026 0.457222
vn -0.617575 0.628446 0.472924
vn -0.743008 0.623656 0.242886
vn -0.732920 0.628657 0.260035
vn -0.798584 0.601519 0.020949
vn -0.804119 0.594274 0.015219
vn -0.794577 0.606268 0.032967
vn -0.163780 0.454667 0.875473
vn -0.145348 0.449065 0.881598
vn -0.352073 0.548853 0.758159
vn -0.333796 0.546011 0.768409
vn -0.511003 0.604419 0.611190
vn -0.527372 0.604158 0.597388
vn -0.671050 0.623524 0.401135
vn -0.657997 0.626737 0.417423
vn -0.759267 0.619652 0.198859
vn -0.768102 0.614060 0.181521
vn -0.015214 0.332085 0.943127
vn -0.035009 0.359253 0.932584
vn -0.020127 0.353249 0.935313
vn -0.219996 0.480383 0.849020
vn -0.201446 0.475535 0.856321
vn -0.406563 0.563569 0.719094
vn -0.388703 0.561616 0.730409
vn -0.559232 0.609422 0.562018
vn -0.574789 0.608285 0.547364
vn -0.694787 0.622703 0.359877
vn -0.706692 0.618751 0.343124
vn -0.788755 0.603004 0.119379
vn -0.781195 0.609116 0.136793
vn -0.070869 0.385854 0.919834
vn -0.088829 0.392343 0.915520
vn -0.276259 0.503012 0.818938
vn -0.257709 0.498960 0.827420
vn -0.442255 0.574117 0.689057
vn -0.459617 0.575180 0.676698
vn -0.604667 0.611672 0.510132
vn -0.619288 0.609689 0.494734
vn -0.738406 0.611889 0.283457
vn -0.727695 0.616527 0.300589
vn -0.804849 0.590762 0.056737
vn -0.798578 0.597313 0.074094
vn -0.125639 0.416706 0.900317
vn -0.143899 0.422534 0.894851
vn -0.313779 0.519298 0.794904
vn -0.332114 0.522503 0.785297
vn -0.494004 0.583592 0.644500
vn -0.510723 0.583768 0.631172
vn -0.646955 0.611316 0.455786
vn -0.660568 0.608522 0.439717
vn -0.765919 0.603227 0.222452
vn -0.756447 0.608489 0.239853
vn -0.835132 0.549890 0.013224
vn -0.820020 0.572334 0.001068
vn -0.814501 0.579877 0.018194
vn -0.003881 0.306446 0.951880
vn -0.021426 0.321629 0.946623
vn -0.181247 0.444646 0.877177
vn -0.199698 0.449763 0.870537
vn -0.369186 0.536485 0.758871
vn -0.387189 0.538827 0.748164
vn -0.559540 0.589423 0.582663
vn -0.543562 0.590122 0.596906
vn -0.685794 0.608534 0.399216
vn -0.698308 0.604975 0.382584
vn -0.780886 0.598782 0.177981
vn -0.789073 0.592974 0.160457
vn -0.069963 0.357858 0.931151
vn -0.052276 0.351229 0.934829
vn -0.237341 0.469618 0.850369
vn -0.255796 0.473960 0.842573
vn -0.423432 0.550588 0.719415
vn -0.441030 0.552061 0.707616
vn -0.605669 0.592287 0.531377
vn -0.590560 0.593839 0.546438
vn -0.720895 0.603511 0.340711
vn -0.732247 0.599238 0.323617
vn -0.800850 0.587653 0.115337
vn -0.807753 0.581358 0.097763
vn -0.124213 0.389429 0.912642
vn -0.106217 0.383431 0.917441
vn -0.293478 0.491511 0.819931
vn -0.311827 0.495048 0.810982
vn -0.493187 0.562269 0.663792
vn -0.476144 0.561672 0.676617
vn -0.648749 0.592515 0.477547
vn -0.634592 0.594890 0.493355
vn -0.762112 0.591564 0.263131
vn -0.751992 0.596487 0.280555
vn -0.821797 0.568722 0.034707
vn -0.816181 0.575432 0.052218
vn -0.161204 0.412833 0.896428
vn -0.179438 0.418160 0.890474
vn -0.349164 0.510300 0.785925
vn -0.367327 0.513013 0.775815
vn -0.526885 0.569768 0.630679
vn -0.543263 0.569495 0.616879
vn -0.675385 0.593398 0.437873
vn -0.688474 0.590243 0.421445
vn -0.787730 0.582164 0.201409
vn -0.778880 0.587674 0.219056
vn -0.034258 0.315876 0.948182
vn -0.051530 0.322564 0.945144
vn -0.235280 0.443872 0.864651
vn -0.216935 0.439268 0.871770
vn -0.403965 0.526008 0.748417
vn -0.421784 0.527871 0.737191
vn -0.575306 0.574971 0.581749
vn -0.590886 0.573843 0.567061
vn -0.712586 0.589588 0.380272
vn -0.724546 0.585698 0.363306
vn -0.808926 0.571294 0.138786
vn -0.801357 0.577331 0.156571
vn -0.087142 0.349329 0.932939
vn -0.104861 0.355465 0.928789
vn -0.291297 0.466534 0.835160
vn -0.272937 0.462688 0.843461
vn -0.457493 0.538670 0.707485
vn -0.474828 0.539672 0.695193
vn -0.621000 0.577432 0.530030
vn -0.635643 0.575477 0.514572
vn -0.745934 0.583652 0.320833
vn -0.756695 0.579080 0.303445
vn -0.819290 0.565720 0.093410
vn -0.825553 0.559234 0.075623
vn -0.141332 0.380085 0.914090
vn -0.159373 0.385604 0.908796
vn -0.346992 0.486100 0.802062
vn -0.328790 0.483055 0.811514
vn -0.509347 0.548308 0.663268
vn -0.526012 0.548448 0.650013
vn -0.677258 0.574548 0.459583
vn -0.663612 0.577299 0.475758
vn -0.775195 0.575797 0.259868
vn -0.784709 0.570604 0.242163
vn -0.849730 0.527057 0.013023
vn -0.835998 0.548443 0.017825
vn -0.832575 0.553105 0.029893
vn -0.017978 0.280509 0.959683
vn -0.015570 0.254384 0.966978
vn -0.033715 0.286550 0.957472
vn -0.017632 0.280142 0.959797
vn -0.214767 0.412788 0.885145
vn -0.196572 0.407957 0.891589
vn -0.383995 0.500395 0.775985
vn -0.401931 0.502617 0.765393
vn -0.574988 0.554333 0.601750
vn -0.559043 0.555043 0.615953
vn -0.702814 0.574732 0.419208
vn -0.715371 0.571227 0.402422
vn -0.808370 0.560552 0.179773
vn -0.800142 0.566301 0.197676
vn -0.068479 0.314446 0.946802
vn -0.085898 0.320686 0.943282
vn -0.252293 0.432887 0.865423
vn -0.270566 0.436998 0.857803
vn -0.455713 0.516000 0.725307
vn -0.438188 0.514618 0.736994
vn -0.621341 0.557436 0.550637
vn -0.606215 0.558979 0.565726
vn -0.749714 0.565722 0.343347
vn -0.738339 0.569924 0.360613
vn -0.820640 0.555370 0.134586
vn -0.827549 0.549145 0.116630
vn -0.121765 0.346515 0.930108
vn -0.139526 0.352172 0.925477
vn -0.326349 0.458163 0.826791
vn -0.308127 0.454813 0.835586
vn -0.507938 0.526355 0.681872
vn -0.490935 0.525819 0.694621
vn -0.650539 0.560197 0.512814
vn -0.664712 0.557850 0.496952
vn -0.780040 0.558268 0.282620
vn -0.769879 0.563124 0.300295
vn -0.836536 0.543296 0.070966
vn -0.842133 0.536655 0.053036
vn -0.002459 0.228188 0.973614
vn -0.020173 0.248211 0.968496
vn -0.176303 0.375778 0.909785
vn -0.194344 0.380809 0.904000
vn -0.363579 0.473692 0.802139
vn -0.381606 0.476248 0.792190
vn -0.558119 0.533769 0.635290
vn -0.541743 0.534077 0.649058
vn -0.691651 0.558934 0.457397
vn -0.704763 0.555823 0.440874
vn -0.797251 0.554510 0.238557
vn -0.806130 0.549073 0.220621
vn -0.863743 0.503903 -0.005522
vn -0.851230 0.524576 0.015083
vn -0.067392 0.285146 0.956112
vn -0.050401 0.278874 0.959004
vn -0.249773 0.406500 0.878847
vn -0.231599 0.402152 0.885797
vn -0.418320 0.489496 0.765116
vn -0.435977 0.491232 0.754066
vn -0.590339 0.539460 0.600402
vn -0.605881 0.538323 0.585762
vn -0.729229 0.555323 0.399802
vn -0.741224 0.551487 0.382687
vn -0.827826 0.538390 0.157608
vn -0.820252 0.544347 0.175709
vn -0.120027 0.317910 0.940493
vn -0.102579 0.312153 0.944478
vn -0.305453 0.429209 0.849987
vn -0.287250 0.425584 0.858118
vn -0.489025 0.503192 0.712497
vn -0.471772 0.502280 0.724670
vn -0.650897 0.540190 0.533411
vn -0.636247 0.542135 0.548890
vn -0.773783 0.545084 0.322713
vn -0.762992 0.549589 0.340288
vn -0.838725 0.532889 0.112114
vn -0.844975 0.526484 0.093975
vn -0.174050 0.347896 0.921236
vn -0.156286 0.342724 0.926345
vn -0.342835 0.446008 0.826765
vn -0.360877 0.448863 0.817490
vn -0.540245 0.512169 0.667696
vn -0.523622 0.512089 0.680870
vn -0.692797 0.539472 0.478543
vn -0.679112 0.542199 0.494801
vn -0.792709 0.541947 0.279118
vn -0.802239 0.536831 0.261198
vn -0.852565 0.520405 0.048082
vn -0.857492 0.513621 0.030008
vn -0.049518 0.248916 0.967258
vn -0.032886 0.242614 0.969565
vn -0.210986 0.370550 0.904532
vn -0.228974 0.375088 0.898265
vn -0.397896 0.463356 0.791820
vn -0.415718 0.465428 0.781381
vn -0.573429 0.518972 0.633915
vn -0.589363 0.518227 0.619751
vn -0.718658 0.539831 0.438306
vn -0.731251 0.536367 0.421406
vn -0.818146 0.532623 0.216677
vn -0.826392 0.526950 0.198495
vn -0.083808 0.277066 0.957189
vn -0.100954 0.282902 0.953821
vn -0.266318 0.395413 0.879047
vn -0.284382 0.399264 0.871616
vn -0.451940 0.477716 0.753351
vn -0.469394 0.478981 0.741786
vn -0.620750 0.523072 0.584008
vn -0.635897 0.521516 0.568908
vn -0.754551 0.535237 0.379702
vn -0.765971 0.531083 0.362268
vn -0.839151 0.521868 0.153228
vn -0.846068 0.515715 0.134935
vn -0.154058 0.314197 0.936774
vn -0.136542 0.308903 0.941241
vn -0.339857 0.420468 0.841252
vn -0.321830 0.417342 0.849854
vn -0.504672 0.489052 0.711431
vn -0.521583 0.489500 0.698814
vn -0.665305 0.524519 0.531271
vn -0.679486 0.522182 0.515388
vn -0.796728 0.523799 0.301428
vn -0.786536 0.528592 0.319299
vn -0.855575 0.509942 0.089167
vn -0.861161 0.503370 0.070849
vn -0.015199 0.201694 0.979331
vn -0.016597 0.175124 0.984406
vn -0.019742 0.207231 0.978093
vn -0.032252 0.212074 0.976721
vn -0.208288 0.342721 0.916056
vn -0.190518 0.338025 0.921652
vn -0.377051 0.436244 0.817021
vn -0.394942 0.438618 0.807239
vn -0.555544 0.497447 0.666271
vn -0.571842 0.497081 0.652616
vn -0.706716 0.523422 0.476006
vn -0.719849 0.520338 0.459419
vn -0.814363 0.520172 0.257359
vn -0.823266 0.514805 0.239184
vn -0.868066 0.495971 0.021762
vn -0.889610 0.456314 0.019301
vn -0.877061 0.480300 0.008662
vn -0.867337 0.497104 0.024782
vn -0.082339 0.247150 0.965473
vn -0.065645 0.241312 0.968225
vn -0.263299 0.368418 0.891595
vn -0.245366 0.364365 0.898351
vn -0.449130 0.453726 0.769685
vn -0.431591 0.452138 0.780577
vn -0.619723 0.501860 0.603390
vn -0.604216 0.503030 0.617968
vn -0.756643 0.516225 0.401251
vn -0.744621 0.520021 0.418472
vn -0.845436 0.504292 0.175860
vn -0.837854 0.510172 0.194230
vn -0.117213 0.274356 0.954458
vn -0.134380 0.279716 0.950632
vn -0.318616 0.391112 0.863432
vn -0.300613 0.387740 0.871372
vn -0.502127 0.465800 0.728628
vn -0.484996 0.465005 0.740641
vn -0.664938 0.503890 0.551319
vn -0.650318 0.505842 0.566754
vn -0.789607 0.510004 0.341198
vn -0.778785 0.514457 0.358925
vn -0.863066 0.492564 0.111791
vn -0.856819 0.498893 0.130256
vn -0.002327 0.148388 0.988927
vn -0.017860 0.173746 0.984629
vn -0.170301 0.304766 0.937078
vn -0.187803 0.309579 0.932143
vn -0.355905 0.408156 0.840679
vn -0.373777 0.410797 0.831587
vn -0.553384 0.474942 0.684249
vn -0.536802 0.474947 0.697330
vn -0.693434 0.506089 0.512857
vn -0.707105 0.503375 0.496604
vn -0.818488 0.501933 0.279536
vn -0.808913 0.506996 0.297683
vn -0.871172 0.486553 0.065763
vn -0.876079 0.479840 0.047306
vn -0.048099 0.204952 0.977589
vn -0.064378 0.210779 0.975412
vn -0.224459 0.332427 0.916030
vn -0.242231 0.336651 0.909940
vn -0.410731 0.425581 0.806338
vn -0.428385 0.427471 0.796087
vn -0.586652 0.481991 0.650788
vn -0.602544 0.481189 0.636708
vn -0.733257 0.503916 0.456511
vn -0.745854 0.500482 0.439567
vn -0.834818 0.497837 0.235026
vn -0.843093 0.492225 0.216582
vn -0.115155 0.244437 0.962803
vn -0.098391 0.239053 0.966009
vn -0.297202 0.360813 0.884017
vn -0.279394 0.357253 0.891240
vn -0.481980 0.441096 0.757053
vn -0.464649 0.439976 0.768454
vn -0.634136 0.486233 0.601206
vn -0.649243 0.484645 0.586177
vn -0.780945 0.495380 0.380425
vn -0.769507 0.499491 0.397955
vn -0.856304 0.487237 0.171300
vn -0.863234 0.481153 0.152706
vn -0.150423 0.270727 0.950831
vn -0.167603 0.275617 0.946544
vn -0.334534 0.379139 0.862752
vn -0.352352 0.382017 0.854348
vn -0.517289 0.451425 0.727068
vn -0.534094 0.451760 0.714603
vn -0.678864 0.487835 0.548781
vn -0.693053 0.485485 0.532900
vn -0.801867 0.493043 0.337516
vn -0.812075 0.488308 0.319515
vn -0.878804 0.468961 0.088193
vn -0.873231 0.475453 0.106826
vn -0.047078 0.173789 0.983657
vn -0.031283 0.168022 0.985287
vn -0.221257 0.304034 0.926611
vn -0.203801 0.299703 0.932011
vn -0.407164 0.400218 0.821001
vn -0.389463 0.398057 0.830584
vn -0.584369 0.459536 0.668835
vn -0.568154 0.459985 0.682359
vn -0.733661 0.483863 0.477094
vn -0.720516 0.486939 0.493708
vn -0.839048 0.479479 0.257098
vn -0.830124 0.484783 0.275463
vn -0.890171 0.455128 0.021282
vn -0.885498 0.462746 0.041953
vn -0.096493 0.208576 0.973234
vn -0.080125 0.203190 0.975855
vn -0.258152 0.325894 0.909478
vn -0.275827 0.329630 0.902919
vn -0.461201 0.415430 0.784036
vn -0.443780 0.414015 0.794765
vn -0.616908 0.465680 0.634482
vn -0.632383 0.464453 0.619980
vn -0.758735 0.483696 0.436302
vn -0.770782 0.479925 0.419009
vn -0.854062 0.474955 0.212121
vn -0.861660 0.469143 0.193511
vn -0.130905 0.235954 0.962907
vn -0.147785 0.240904 0.959231
vn -0.312990 0.349203 0.883229
vn -0.330736 0.352291 0.875502
vn -0.497044 0.426968 0.755411
vn -0.514075 0.427622 0.743550
vn -0.663120 0.468682 0.583617
vn -0.677742 0.466694 0.568209
vn -0.793243 0.478324 0.376792
vn -0.804091 0.473909 0.358954
vn -0.873516 0.463798 0.147856
vn -0.879768 0.457540 0.129097
vn -0.012817 0.121567 0.992500
vn -0.020567 0.132630 0.990952
vn -0.030558 0.136335 0.990191
vn -0.200569 0.270626 0.941559
vn -0.183387 0.266202 0.946312
vn -0.385573 0.372015 0.844357
vn -0.367916 0.369617 0.853241
vn -0.548807 0.436986 0.712639
vn -0.565287 0.436870 0.699710
vn -0.706454 0.469073 0.529994
vn -0.720120 0.466349 0.513757
vn -0.823771 0.471016 0.315507
vn -0.833368 0.466006 0.297213
vn -0.888362 0.451586 0.082962
vn -0.893254 0.444948 0.064174
vn -0.078427 0.172086 0.981955
vn -0.062482 0.166732 0.984021
vn -0.237015 0.293701 0.926047
vn -0.254465 0.297568 0.920163
vn -0.439923 0.388741 0.809536
vn -0.422466 0.387059 0.819578
vn -0.614505 0.443269 0.652607
vn -0.598703 0.444152 0.666546
vn -0.759153 0.463634 0.456871
vn -0.746546 0.467060 0.473839
vn -0.858393 0.456465 0.234095
vn -0.850109 0.462008 0.252713
vn -0.913162 0.407550 0.006267
vn -0.901751 0.432122 0.010750
vn -0.899370 0.436726 0.020084
vn -0.128380 0.205554 0.970189
vn -0.111943 0.200611 0.973254
vn -0.308993 0.321686 0.895009
vn -0.291448 0.318436 0.902029
vn -0.476217 0.401532 0.782297
vn -0.493350 0.402478 0.771114
vn -0.646258 0.448558 0.617371
vn -0.661285 0.446919 0.602466
vn -0.794557 0.458728 0.397804
vn -0.783096 0.462816 0.415406
vn -0.878981 0.445552 0.169929
vn -0.872044 0.451566 0.188755
vn -0.012456 0.094657 0.995432
vn -0.003674 0.067660 0.997702
vn -0.017928 0.097141 0.995109
vn -0.163340 0.231973 0.958910
vn -0.180169 0.236446 0.954795
vn -0.363743 0.342893 0.866092
vn -0.346143 0.340285 0.874294
vn -0.545397 0.413271 0.729211
vn -0.528717 0.413075 0.741504
vn -0.691144 0.450319 0.565272
vn -0.705286 0.447941 0.549473
vn -0.815814 0.456536 0.354997
vn -0.826054 0.451834 0.336869
vn -0.889440 0.439916 0.123976
vn -0.895012 0.433495 0.105053
vn -0.045586 0.129825 0.990488
vn -0.061032 0.135100 0.988950
vn -0.216104 0.260772 0.940902
vn -0.233258 0.264730 0.935686
vn -0.400748 0.359207 0.842835
vn -0.418249 0.361133 0.833457
vn -0.595685 0.421141 0.683958
vn -0.579541 0.421700 0.697353
vn -0.732991 0.449576 0.510495
vn -0.746135 0.446489 0.493893
vn -0.844466 0.448426 0.292901
vn -0.853428 0.443163 0.274349
vn -0.902187 0.427334 0.058696
vn -0.906384 0.420577 0.039796
vn -0.093585 0.164642 0.981904
vn -0.109567 0.169550 0.979412
vn -0.269891 0.286830 0.919178
vn -0.287288 0.290228 0.912816
vn -0.454830 0.375161 0.807703
vn -0.472081 0.376376 0.797170
vn -0.628319 0.427541 0.649942
vn -0.643743 0.426233 0.635548
vn -0.771484 0.446492 0.453274
vn -0.783527 0.442733 0.435973
vn -0.868833 0.438740 0.229428
vn -0.876461 0.432978 0.210586
vn -0.160190 0.201637 0.966272
vn -0.143682 0.197131 0.969791
vn -0.341727 0.312901 0.886180
vn -0.324223 0.310112 0.893706
vn -0.507905 0.388205 0.768979
vn -0.524788 0.388691 0.757309
vn -0.674638 0.430669 0.599489
vn -0.689233 0.428625 0.584156
vn -0.806305 0.441288 0.393874
vn -0.817166 0.436900 0.375977
vn -0.895005 0.421519 0.145902
vn -0.888747 0.427710 0.164903
vn -0.044427 0.097602 0.994233
vn -0.029490 0.092431 0.995282
vn -0.195423 0.227120 0.954058
vn -0.212318 0.231153 0.949468
vn -0.378770 0.330484 0.864473
vn -0.396204 0.332617 0.855797
vn -0.559575 0.398339 0.726775
vn -0.575942 0.398087 0.714015
vn -0.718133 0.431237 0.546186
vn -0.731780 0.428482 0.530002
vn -0.846808 0.429170 0.314212
vn -0.837198 0.434138 0.332600
vn -0.908941 0.409057 0.080612
vn -0.904060 0.415619 0.099679
vn -0.091411 0.133041 0.986886
vn -0.075879 0.128187 0.988843
vn -0.248480 0.254470 0.934614
vn -0.265614 0.257969 0.928925
vn -0.450292 0.349372 0.821691
vn -0.433025 0.347920 0.831529
vn -0.625152 0.404617 0.667435
vn -0.609440 0.405605 0.681225
vn -0.758457 0.429372 0.490289
vn -0.771059 0.425935 0.473336
vn -0.863929 0.425283 0.269743
vn -0.872227 0.419794 0.250984
vn -0.914693 0.402711 0.034079
vn -0.923796 0.382648 0.013465
vn -0.917089 0.398113 0.021293
vn -0.124571 0.161666 0.978952
vn -0.140634 0.166149 0.976021
vn -0.302353 0.279100 0.911420
vn -0.319594 0.282017 0.904614
vn -0.486522 0.362435 0.794945
vn -0.503496 0.363185 0.783957
vn -0.672015 0.408427 0.617724
vn -0.657040 0.410146 0.632518
vn -0.795284 0.425270 0.432052
vn -0.806749 0.421192 0.414431
vn -0.886300 0.414953 0.205639
vn -0.893249 0.408999 0.186616
vn -0.010944 0.040604 0.999115
vn -0.019212 0.019212 0.999631
vn -0.028673 0.059760 0.997801
vn -0.040599 0.018623 0.999002
vn -0.020325 0.056841 0.998176
vn -0.191652 0.196877 0.961514
vn -0.175189 0.192834 0.965466
vn -0.373931 0.303194 0.876498
vn -0.356638 0.300887 0.884464
vn -0.538886 0.374033 0.754786
vn -0.555417 0.374066 0.742688
vn -0.702059 0.412015 0.580824
vn -0.716146 0.409587 0.565132
vn -0.838586 0.414458 0.353551
vn -0.828338 0.419132 0.371733
vn -0.904144 0.403423 0.140620
vn -0.909717 0.397069 0.121453
vn -0.073951 0.096026 0.992628
vn -0.058887 0.091252 0.994085
vn -0.227319 0.221398 0.948319
vn -0.244126 0.224961 0.943289
vn -0.428110 0.321427 0.844634
vn -0.410886 0.319766 0.853770
vn -0.605650 0.382061 0.698010
vn -0.589662 0.382750 0.711197
vn -0.744088 0.411421 0.526370
vn -0.757202 0.408306 0.509835
vn -0.857351 0.411178 0.309648
vn -0.866325 0.405956 0.290999
vn -0.917354 0.390942 0.075001
vn -0.921539 0.384255 0.055806
vn -0.121681 0.130155 0.983999
vn -0.106073 0.125720 0.986379
vn -0.280481 0.247329 0.927448
vn -0.297562 0.250368 0.921289
vn -0.464662 0.335751 0.819366
vn -0.481660 0.336738 0.809080
vn -0.653725 0.387285 0.650118
vn -0.638421 0.388694 0.664331
vn -0.782804 0.408501 0.469408
vn -0.794846 0.404730 0.452120
vn -0.882117 0.401628 0.246099
vn -0.889762 0.395915 0.227101
vn -0.933867 0.357516 -0.008649
vn -0.928998 0.369615 0.018639
vn -0.171471 0.161927 0.971791
vn -0.155370 0.157878 0.975159
vn -0.351543 0.272909 0.895510
vn -0.334356 0.270448 0.902809
vn -0.534206 0.349118 0.769896
vn -0.517523 0.348824 0.781340
vn -0.684815 0.391948 0.614333
vn -0.699327 0.389830 0.599145
vn -0.828794 0.399033 0.392267
vn -0.817919 0.403416 0.410199
vn -0.902452 0.390729 0.181414
vn -0.908723 0.384594 0.162205
vn -0.042743 0.053968 0.997627
vn -0.041381 0.019160 0.998960
vn -0.067650 0.017685 0.997552
vn -0.057254 0.058615 0.996637
vn -0.206443 0.187632 0.960300
vn -0.222931 0.191237 0.955892
vn -0.405639 0.292617 0.865929
vn -0.388470 0.290771 0.874382
vn -0.585284 0.358603 0.727219
vn -0.569056 0.359014 0.739787
vn -0.728417 0.392644 0.561461
vn -0.742030 0.389836 0.545362
vn -0.849144 0.396411 0.349016
vn -0.858772 0.391465 0.330554
vn -0.923094 0.372239 0.096620
vn -0.918215 0.378736 0.115933
vn -0.088276 0.089263 0.992089
vn -0.103378 0.093615 0.990227
vn -0.275562 0.217925 0.936255
vn -0.258803 0.214816 0.941740
vn -0.442341 0.308218 0.842221
vn -0.459392 0.309419 0.832598
vn -0.618845 0.366387 0.694832
vn -0.634453 0.365269 0.681211
vn -0.768939 0.390922 0.505878
vn -0.781509 0.387459 0.488998
vn -0.876247 0.387691 0.286159
vn -0.884564 0.382237 0.267286
vn -0.932778 0.359141 0.030692
vn -0.929300 0.365928 0.049979
vn -0.136160 0.122418 0.983094
vn -0.151761 0.126416 0.980300
vn -0.312113 0.239311 0.919411
vn -0.329064 0.241884 0.912803
vn -0.512356 0.323275 0.795603
vn -0.495577 0.322743 0.806375
vn -0.681361 0.369184 0.632020
vn -0.666473 0.371004 0.646660
vn -0.806016 0.386967 0.447877
vn -0.817469 0.382881 0.430286
vn -0.899015 0.377501 0.221959
vn -0.905978 0.371596 0.202783
vn -0.185966 0.153250 0.970531
vn -0.202065 0.156861 0.966729
vn -0.365888 0.260982 0.893316
vn -0.382929 0.262979 0.885555
vn -0.564114 0.334236 0.755024
vn -0.547757 0.334389 0.766907
vn -0.725583 0.370541 0.579852
vn -0.711556 0.373044 0.595421
vn -0.839351 0.380978 0.387744
vn -0.849612 0.376309 0.369528
vn -0.922866 0.359780 0.137393
vn -0.917287 0.366075 0.156759
vn -0.085827 0.056660 0.994698
vn -0.094653 0.016385 0.995376
vn -0.071232 0.052409 0.996082
vn -0.069030 0.018626 0.997441
vn -0.237362 0.181638 0.954289
vn -0.253808 0.184796 0.949438
vn -0.419726 0.279849 0.863432
vn -0.436693 0.281230 0.854523
vn -0.614250 0.342372 0.710970
vn -0.598401 0.343217 0.723960
vn -0.766813 0.369400 0.524920
vn -0.753734 0.372567 0.541367
vn -0.868709 0.373145 0.325743
vn -0.877699 0.367944 0.307021
vn -0.935115 0.347068 0.071443
vn -0.930939 0.353687 0.090879
vn -0.132703 0.090407 0.987024
vn -0.117514 0.086457 0.989301
vn -0.306637 0.210031 0.928365
vn -0.289934 0.207371 0.934310
vn -0.473204 0.295816 0.829802
vn -0.489956 0.296555 0.819755
vn -0.647130 0.349242 0.677682
vn -0.662334 0.347706 0.663637
vn -0.792663 0.369760 0.484730
vn -0.804683 0.365961 0.467502
vn -0.893850 0.363716 0.262187
vn -0.901508 0.358042 0.243082
vn -0.940298 0.339645 0.021922
vn -0.951833 0.306430 0.010704
vn -0.943179 0.332074 0.011846
vn -0.939882 0.340608 0.024661
vn -0.165964 0.118308 0.979009
vn -0.181647 0.121898 0.975779
vn -0.343294 0.230405 0.910529
vn -0.360085 0.232515 0.903480
vn -0.525814 0.308906 0.792526
vn -0.542287 0.308986 0.781315
vn -0.693528 0.352616 0.628237
vn -0.707970 0.350397 0.613188
vn -0.838889 0.360450 0.407849
vn -0.828025 0.364840 0.425753
vn -0.914592 0.352926 0.197396
vn -0.920872 0.346841 0.178036
vn -0.232329 0.150997 0.960845
vn -0.216241 0.147821 0.965085
vn -0.396904 0.250648 0.882974
vn -0.413733 0.252181 0.874774
vn -0.577169 0.319153 0.751676
vn -0.593202 0.318561 0.739344
vn -0.737257 0.353418 0.575802
vn -0.750802 0.350538 0.559839
vn -0.869187 0.353023 0.346250
vn -0.859560 0.357958 0.364722
vn -0.930771 0.341048 0.131728
vn -0.935653 0.334607 0.112209
vn -0.096625 0.017751 0.995163
vn -0.099577 0.050095 0.993768
vn -0.114258 0.053955 0.991985
vn -0.121562 0.014672 0.992475
vn -0.267971 0.174778 0.947441
vn -0.284336 0.177487 0.942153
vn -0.450420 0.268025 0.851636
vn -0.467154 0.268949 0.842279
vn -0.642325 0.325343 0.693953
vn -0.626873 0.326612 0.707358
vn -0.777935 0.351819 0.520615
vn -0.790472 0.348305 0.503823
vn -0.887003 0.349362 0.301948
vn -0.895330 0.343931 0.283010
vn -0.942293 0.328318 0.065500
vn -0.945761 0.321595 0.045958
vn -0.146526 0.082915 0.985726
vn -0.161756 0.086455 0.983037
vn -0.337276 0.201294 0.919633
vn -0.320668 0.199085 0.926033
vn -0.519849 0.282875 0.806064
vn -0.503313 0.282585 0.816592
vn -0.689217 0.329412 0.645343
vn -0.674466 0.331351 0.659775
vn -0.826656 0.343873 0.445412
vn -0.815222 0.347987 0.462944
vn -0.917128 0.333401 0.218448
vn -0.910152 0.339269 0.237738
vn -0.195529 0.113443 0.974115
vn -0.211219 0.116610 0.970458
vn -0.390613 0.222360 0.893296
vn -0.373887 0.220695 0.900834
vn -0.555270 0.294250 0.777877
vn -0.571403 0.293889 0.766242
vn -0.719609 0.333459 0.609071
vn -0.733541 0.330862 0.593674
vn -0.848837 0.342111 0.403033
vn -0.859087 0.337436 0.384846
vn -0.928824 0.327955 0.172426
vn -0.934409 0.321711 0.152912
vn -0.262292 0.144289 0.954140
vn -0.246246 0.141549 0.958815
vn -0.427296 0.239476 0.871820
vn -0.443996 0.240560 0.863133
vn -0.605758 0.303119 0.735646
vn -0.621426 0.302097 0.722887
vn -0.761896 0.333102 0.555480
vn -0.774907 0.329865 0.539174
vn -0.878504 0.334403 0.341182
vn -0.887492 0.329215 0.322453
vn -0.947068 0.309100 0.086715
vn -0.942897 0.315656 0.106335
vn -0.127777 0.047029 0.990687
vn -0.124204 0.016584 0.992118
vn -0.148375 0.012533 0.988852
vn -0.142459 0.050480 0.988513
vn -0.298156 0.167095 0.939778
vn -0.314478 0.169368 0.934033
vn -0.496887 0.255922 0.829221
vn -0.480368 0.255447 0.839043
vn -0.654419 0.309242 0.690004
vn -0.669451 0.307561 0.676197
vn -0.812968 0.326584 0.482105
vn -0.800994 0.330429 0.499225
vn -0.903994 0.325091 0.277690
vn -0.911660 0.319440 0.258523
vn -0.954720 0.296651 0.022528
vn -0.959711 0.280517 0.016271
vn -0.952271 0.302645 0.039826
vn -0.175414 0.078542 0.981357
vn -0.190559 0.081650 0.978274
vn -0.350877 0.190024 0.916939
vn -0.367337 0.191782 0.910101
vn -0.532747 0.268531 0.802541
vn -0.548971 0.268377 0.791584
vn -0.715131 0.310346 0.626318
vn -0.700832 0.312679 0.641145
vn -0.836583 0.325611 0.440574
vn -0.847433 0.321191 0.422721
vn -0.931401 0.308363 0.193404
vn -0.925108 0.314414 0.212882
vn -0.224880 0.107742 0.968411
vn -0.240528 0.110480 0.964334
vn -0.420523 0.211362 0.882319
vn -0.404034 0.210152 0.890277
vn -0.583868 0.278829 0.762465
vn -0.599711 0.278033 0.750362
vn -0.758054 0.310642 0.573459
vn -0.744602 0.313614 0.589249
vn -0.878020 0.313906 0.361309
vn -0.868392 0.318853 0.379773
vn -0.946582 0.296222 0.127418
vn -0.941694 0.302614 0.147095
vn -0.275868 0.134482 0.951741
vn -0.291840 0.136787 0.946636
vn -0.473513 0.228146 0.850726
vn -0.457102 0.227514 0.859823
vn -0.633453 0.286325 0.718857
vn -0.648734 0.284884 0.705680
vn -0.797875 0.308551 0.517873
vn -0.785406 0.312131 0.534520
vn -0.896155 0.310364 0.317144
vn -0.904491 0.304939 0.298174
vn -0.957096 0.283298 0.060910
vn -0.953633 0.289964 0.080653
vn -0.151763 0.015187 0.988300
vn -0.155776 0.043175 0.986848
vn -0.175140 0.009893 0.984494
vn -0.170551 0.046242 0.984263
vn -0.327900 0.158639 0.931297
vn -0.344101 0.160469 0.925119
vn -0.509691 0.242010 0.825619
vn -0.525945 0.242041 0.815352
vn -0.680996 0.291136 0.671926
vn -0.695626 0.289051 0.657688
vn -0.822868 0.308443 0.477233
vn -0.834271 0.304279 0.459789
vn -0.919652 0.300398 0.252984
vn -0.926640 0.294549 0.233620
vn -0.967082 0.254453 -0.002427
vn -0.962239 0.271501 0.019573
vn -0.219168 0.076102 0.972715
vn -0.203924 0.073386 0.976232
vn -0.380624 0.180081 0.907026
vn -0.396951 0.181397 0.899736
vn -0.577248 0.253151 0.776337
vn -0.561334 0.253741 0.787731
vn -0.726137 0.293357 0.621825
vn -0.739971 0.290641 0.606606
vn -0.856725 0.302674 0.417624
vn -0.866956 0.297971 0.399500
vn -0.938710 0.289168 0.187630
vn -0.944305 0.282958 0.167998
vn -0.253885 0.101245 0.961921
vn -0.269458 0.103556 0.957428
vn -0.449849 0.199558 0.870524
vn -0.433527 0.198791 0.878941
vn -0.611659 0.262639 0.746253
vn -0.627134 0.261419 0.733733
vn -0.768511 0.293118 0.568747
vn -0.781448 0.289788 0.552595
vn -0.895662 0.289881 0.337281
vn -0.886678 0.295079 0.355993
vn -0.953182 0.276950 0.121417
vn -0.957358 0.270438 0.101627
vn -0.320954 0.128510 0.938336
vn -0.305054 0.126634 0.943878
vn -0.486206 0.214711 0.847055
vn -0.502418 0.214902 0.837492
vn -0.660195 0.268823 0.701339
vn -0.675088 0.266971 0.687737
vn -0.819664 0.286651 0.495966
vn -0.807748 0.290564 0.512949
vn -0.912491 0.285868 0.292641
vn -0.920159 0.280228 0.273459
vn -0.965714 0.257256 0.034869
vn -0.962971 0.264000 0.054682
vn -0.201715 0.006599 0.979422
vn -0.198273 0.041250 0.979278
vn -0.183581 0.038599 0.982246
vn -0.179353 0.013644 0.983690
vn -0.373280 0.150740 0.915390
vn -0.357192 0.149346 0.922014
vn -0.554164 0.227438 0.800733
vn -0.538217 0.227844 0.811424
vn -0.720749 0.269894 0.638497
vn -0.706569 0.272371 0.653127
vn -0.843554 0.285850 0.454649
vn -0.854355 0.281389 0.436918
vn -0.933967 0.275284 0.227869
vn -0.940265 0.269257 0.208330
vn -0.232236 0.067485 0.970315
vn -0.247441 0.069788 0.966386
vn -0.409764 0.169402 0.896324
vn -0.425937 0.170279 0.888585
vn -0.589144 0.238132 0.772141
vn -0.604716 0.237117 0.760325
vn -0.763734 0.270286 0.586222
vn -0.750381 0.273373 0.601826
vn -0.875602 0.279209 0.394161
vn -0.885212 0.274236 0.375759
vn -0.950937 0.263562 0.162032
vn -0.955827 0.257211 0.142260
vn -0.282463 0.093982 0.954663
vn -0.297961 0.095872 0.949751
vn -0.462383 0.186669 0.866808
vn -0.478503 0.186997 0.857943
vn -0.638547 0.245703 0.729306
vn -0.653602 0.244073 0.716402
vn -0.791296 0.271987 0.547607
vn -0.803675 0.268320 0.531142
vn -0.903663 0.270820 0.331737
vn -0.911989 0.265390 0.312800
vn -0.963274 0.250982 0.095452
vn -0.966734 0.244367 0.075561
vn -0.333872 0.117951 0.935210
vn -0.349619 0.119394 0.929253
vn -0.514605 0.201166 0.833495
vn -0.530533 0.200922 0.823508
vn -0.686010 0.250573 0.683084
vn -0.700430 0.248331 0.669126
vn -0.828918 0.268386 0.490778
vn -0.840271 0.264154 0.473463
vn -0.927491 0.260939 0.267716
vn -0.934482 0.255099 0.248330
vn -0.979363 0.201707 0.012755
vn -0.973540 0.228153 0.012915
vn -0.970896 0.237803 0.028489
vn -0.971761 0.235074 0.020488
vn -0.225793 0.035485 0.973529
vn -0.207004 0.012344 0.978262
vn -0.211084 0.033225 0.976903
vn -0.228187 0.002252 0.973615
vn -0.385950 0.139291 0.911943
vn -0.401852 0.140249 0.904901
vn -0.565980 0.212863 0.796465
vn -0.581621 0.212030 0.785341
vn -0.731131 0.252889 0.633637
vn -0.744809 0.250041 0.618659
vn -0.873181 0.257991 0.413515
vn -0.862983 0.262740 0.431541
vn -0.952512 0.243608 0.182692
vn -0.946912 0.249795 0.202388
vn -0.260197 0.060823 0.963638
vn -0.275292 0.062708 0.959313
vn -0.438368 0.157899 0.884817
vn -0.454279 0.158338 0.876675
vn -0.631296 0.220359 0.743577
vn -0.616076 0.221792 0.755816
vn -0.773551 0.252721 0.581163
vn -0.786377 0.249281 0.565217
vn -0.902168 0.250017 0.351544
vn -0.893202 0.255241 0.370192
vn -0.965946 0.231175 0.116219
vn -0.961765 0.237653 0.136126
vn -0.310642 0.085936 0.946634
vn -0.326116 0.087413 0.941279
vn -0.506447 0.173653 0.844604
vn -0.490594 0.173759 0.853888
vn -0.664474 0.228040 0.711669
vn -0.679160 0.226002 0.698330
vn -0.812898 0.250261 0.525895
vn -0.824740 0.246261 0.509077
vn -0.919315 0.246128 0.307050
vn -0.926980 0.240478 0.287886
vn -0.974690 0.218067 0.049265
vn -0.971950 0.224765 0.069236
vn -0.362123 0.108520 0.925792
vn -0.377764 0.109540 0.919399
vn -0.542252 0.186837 0.819179
vn -0.557902 0.186165 0.808757
vn -0.724777 0.229012 0.649809
vn -0.710774 0.231645 0.664184
vn -0.848884 0.245645 0.468033
vn -0.859623 0.241123 0.450454
vn -0.941130 0.235622 0.242398
vn -0.947433 0.229601 0.222831
vn -0.238293 0.027130 0.970814
vn -0.235070 0.012551 0.971897
vn -0.254419 -0.005091 0.967081
vn -0.264079 0.021083 0.964271
vn -0.252978 0.028993 0.967038
vn -0.429908 0.128978 0.893613
vn -0.414126 0.128446 0.901111
vn -0.592889 0.197179 0.780771
vn -0.608216 0.195924 0.769212
vn -0.754608 0.232733 0.613516
vn -0.767801 0.229519 0.598166
vn -0.881159 0.239101 0.407909
vn -0.890732 0.234086 0.389617
vn -0.963358 0.217658 0.156738
vn -0.958461 0.223989 0.176583
vn -0.302758 0.054881 0.951486
vn -0.280501 0.018726 0.959671
vn -0.279258 0.019915 0.960009
vn -0.287723 0.053402 0.956224
vn -0.466241 0.145653 0.872585
vn -0.481999 0.145664 0.863979
vn -0.642089 0.204766 0.738778
vn -0.656936 0.202924 0.726124
vn -0.795571 0.231467 0.559902
vn -0.807845 0.227693 0.543638
vn -0.917796 0.225370 0.326894
vn -0.909483 0.230828 0.345774
vn -0.971183 0.211465 0.109934
vn -0.974646 0.204886 0.089930
vn -0.353711 0.078207 0.932079
vn -0.338419 0.077151 0.937827
vn -0.518067 0.160085 0.840226
vn -0.533656 0.159554 0.830514
vn -0.689437 0.209719 0.693321
vn -0.703684 0.207292 0.679602
vn -0.833332 0.227948 0.503585
vn -0.844605 0.223633 0.486448
vn -0.933625 0.221021 0.281945
vn -0.940612 0.215173 0.262583
vn -0.984393 0.175104 0.017608
vn -0.981163 0.191766 0.023340
vn -0.979199 0.198336 0.042809
vn -0.405342 0.098925 0.908797
vn -0.389876 0.098328 0.915603
vn -0.569091 0.171798 0.804127
vn -0.584427 0.170706 0.793287
vn -0.734525 0.212058 0.644597
vn -0.748056 0.209052 0.629848
vn -0.877729 0.217587 0.426905
vn -0.867577 0.222401 0.444802
vn -0.958989 0.203785 0.197007
vn -0.953384 0.209966 0.216732
vn -0.457241 0.116967 0.881618
vn -0.441738 0.116861 0.889501
vn -0.618952 0.180773 0.764343
vn -0.633895 0.179110 0.752394
vn -0.776955 0.212010 0.592784
vn -0.789661 0.208438 0.577052
vn -0.898036 0.214998 0.383806
vn -0.906966 0.209734 0.365272
vn -0.968607 0.197882 0.150476
vn -0.972792 0.191426 0.130505
vn -0.306571 0.015453 0.951722
vn -0.329830 0.046312 0.942904
vn -0.332111 0.010512 0.943182
vn -0.306401 0.015677 0.951773
vn -0.314852 0.045236 0.948062
vn -0.493495 0.132663 0.859572
vn -0.508997 0.132251 0.850548
vn -0.681608 0.184783 0.708002
vn -0.667187 0.187017 0.721031
vn -0.816413 0.209623 0.538079
vn -0.828151 0.205518 0.521467
vn -0.924437 0.205966 0.320926
vn -0.932081 0.200296 0.301838
vn -0.979175 0.185045 0.083512
vn -0.981914 0.178383 0.063430
vn -0.380825 0.068269 0.922124
vn -0.365625 0.067624 0.928302
vn -0.560066 0.144746 0.815705
vn -0.544768 0.145695 0.825833
vn -0.713396 0.190706 0.674312
vn -0.727197 0.187898 0.660211
vn -0.863205 0.200516 0.463325
vn -0.852533 0.205124 0.480741
vn -0.952859 0.189527 0.236936
vn -0.946562 0.195553 0.256474
vn -0.988926 0.148406 -0.000453
vn -0.985594 0.167933 0.020093
vn -0.417040 0.087389 0.904677
vn -0.432365 0.087570 0.897436
vn -0.610112 0.154515 0.777103
vn -0.595113 0.156018 0.788352
vn -0.757183 0.191869 0.624388
vn -0.770208 0.188507 0.609299
vn -0.894540 0.193577 0.402896
vn -0.885018 0.198654 0.421046
vn -0.969140 0.177662 0.170889
vn -0.964243 0.183983 0.190751
vn -0.483961 0.104204 0.868863
vn -0.468641 0.104516 0.877184
vn -0.658666 0.161568 0.734884
vn -0.644111 0.163629 0.747226
vn -0.810348 0.186761 0.555388
vn -0.798203 0.190661 0.571420
vn -0.913589 0.190464 0.359275
vn -0.921882 0.184958 0.340477
vn -0.980797 0.164961 0.104041
vn -0.977332 0.171518 0.124111
vn -0.356336 0.037002 0.933625
vn -0.357532 0.004496 0.933890
vn -0.341573 0.036334 0.939153
vn -0.334403 0.012660 0.942345
vn -0.535231 0.118112 0.836408
vn -0.520017 0.118940 0.845834
vn -0.705301 0.166003 0.689198
vn -0.691269 0.168629 0.702646
vn -0.847231 0.182825 0.498774
vn -0.836067 0.187238 0.515688
vn -0.944997 0.174877 0.276403
vn -0.938022 0.180753 0.295710
vn -0.985730 0.158427 0.056898
vn -0.987744 0.151697 0.036740
vn -0.407358 0.057582 0.911452
vn -0.407507 0.016748 0.913048
vn -0.392362 0.057348 0.918021
vn -0.585677 0.129216 0.800178
vn -0.570680 0.130577 0.810725
vn -0.749625 0.167896 0.640214
vn -0.736303 0.171069 0.654671
vn -0.870486 0.181766 0.457401
vn -0.880556 0.176876 0.439700
vn -0.958112 0.169743 0.230671
vn -0.963712 0.163556 0.210972
vn -0.443614 0.075740 0.893012
vn -0.458703 0.075509 0.885376
vn -0.634920 0.137638 0.760219
vn -0.620258 0.139544 0.771885
vn -0.778725 0.171064 0.603593
vn -0.791273 0.167346 0.588117
vn -0.901150 0.174466 0.396852
vn -0.910033 0.169141 0.378459
vn -0.973684 0.157727 0.164501
vn -0.977871 0.151281 0.144510
vn -0.509968 0.090736 0.855394
vn -0.494888 0.091460 0.864130
vn -0.668286 0.145866 0.729463
vn -0.682440 0.143416 0.716734
vn -0.818247 0.168767 0.549536
vn -0.829857 0.164541 0.533164
vn -0.927814 0.165522 0.334312
vn -0.935428 0.159811 0.315334
vn -0.984621 0.144942 0.097535
vn -0.987363 0.138301 0.077380
vn -0.382644 -0.006469 0.923873
vn -0.362994 0.012401 0.931709
vn -0.389765 0.019896 0.920700
vn -0.367679 0.026728 0.929568
vn -0.382401 0.026999 0.923602
vn -0.545779 0.104478 0.831390
vn -0.560683 0.103244 0.821569
vn -0.714382 0.149578 0.683582
vn -0.727944 0.146583 0.669784
vn -0.865076 0.159630 0.475564
vn -0.854487 0.164343 0.492791
vn -0.950242 0.155167 0.270118
vn -0.956528 0.149114 0.250638
vn -0.991516 0.128381 0.020342
vn -0.995421 0.094638 0.013467
vn -0.992493 0.121560 0.013421
vn -0.990838 0.131652 0.030116
vn -0.418450 0.046385 0.907054
vn -0.432120 0.010152 0.901759
vn -0.433319 0.046215 0.900055
vn -0.408118 0.017132 0.912768
vn -0.610427 0.113015 0.783968
vn -0.595756 0.114779 0.794922
vn -0.758125 0.150814 0.634430
vn -0.770948 0.147291 0.619632
vn -0.887155 0.157960 0.433594
vn -0.896606 0.152806 0.415630
vn -0.968252 0.143652 0.204579
vn -0.973148 0.137320 0.184731
vn -0.480240 0.019196 0.876927
vn -0.469510 0.063373 0.880650
vn -0.484396 0.062735 0.872597
vn -0.658752 0.120133 0.742707
vn -0.644493 0.122428 0.754745
vn -0.811140 0.145637 0.566429
vn -0.799159 0.149675 0.582187
vn -0.924202 0.144289 0.353598
vn -0.915959 0.149852 0.372242
vn -0.985163 0.124689 0.117923
vn -0.981698 0.131237 0.138010
vn -0.535243 0.076580 0.841220
vn -0.520408 0.077710 0.850375
vn -0.705253 0.124591 0.697921
vn -0.691503 0.127422 0.711046
vn -0.848140 0.141815 0.510439
vn -0.837103 0.146345 0.527107
vn -0.940668 0.140204 0.309010
vn -0.947614 0.134290 0.289818
vn -0.990466 0.118184 0.070778
vn -0.992480 0.111478 0.050558
vn -0.570702 0.089353 0.816282
vn -0.585319 0.087717 0.806045
vn -0.749527 0.126578 0.649760
vn -0.736412 0.129939 0.663938
vn -0.871664 0.140962 0.469394
vn -0.881643 0.135975 0.451904
vn -0.961063 0.129278 0.244224
vn -0.966651 0.123066 0.224589
vn -0.436081 0.013640 0.899804
vn -0.444007 0.034695 0.895351
vn -0.456423 0.001675 0.889762
vn -0.458610 0.034128 0.887982
vn -0.468983 0.022170 0.882929
vn -0.619961 0.098318 0.778448
vn -0.634275 0.096162 0.767104
vn -0.778829 0.129976 0.613622
vn -0.791176 0.126102 0.598447
vn -0.911342 0.128323 0.391139
vn -0.902521 0.133726 0.409357
vn -0.976974 0.117299 0.178223
vn -0.981157 0.110845 0.158252
vn -0.482882 0.020422 0.875447
vn -0.503853 0.011569 0.863712
vn -0.494747 0.050302 0.867580
vn -0.509371 0.049266 0.859136
vn -0.667775 0.104644 0.736971
vn -0.681643 0.101967 0.724545
vn -0.829833 0.123410 0.544194
vn -0.818377 0.127772 0.560298
vn -0.937007 0.119077 0.328389
vn -0.929432 0.124848 0.347230
vn -0.991012 0.097917 0.091148
vn -0.988268 0.104552 0.111329
vn -0.559687 0.061757 0.826400
vn -0.549833 0.018819 0.835063
vn -0.545182 0.063281 0.835926
vn -0.713691 0.108421 0.692019
vn -0.727008 0.105221 0.678519
vn -0.854730 0.123413 0.504189
vn -0.865185 0.118591 0.487228
vn -0.958404 0.108470 0.264000
vn -0.952145 0.114560 0.283365
vn -0.997547 0.067643 0.018033
vn -0.996138 0.084547 0.023662
vn -0.994858 0.091283 0.043881
vn -0.609093 0.071530 0.789867
vn -0.594815 0.073556 0.800490
vn -0.757387 0.109695 0.643686
vn -0.770000 0.105990 0.629179
vn -0.887555 0.117133 0.445563
vn -0.896911 0.111886 0.427822
vn -0.975358 0.096754 0.198279
vn -0.970474 0.103108 0.218058
vn -0.657190 0.078664 0.749609
vn -0.643263 0.081200 0.761328
vn -0.810208 0.104440 0.576762
vn -0.798395 0.108638 0.592252
vn -0.924745 0.103435 0.366263
vn -0.916573 0.109067 0.384706
vn -0.987724 0.084178 0.131586
vn -0.984261 0.090733 0.151651
vn -0.510601 0.015973 0.859669
vn -0.519226 0.036580 0.853854
vn -0.543291 0.021771 0.839262
vn -0.533623 0.035146 0.844992
vn -0.527101 0.001767 0.849801
vn -0.690073 0.086261 0.718580
vn -0.703507 0.083217 0.705800
vn -0.847309 0.100683 0.521469
vn -0.836418 0.105348 0.537873
vn -0.941535 0.099498 0.321887
vn -0.948439 0.093530 0.302846
vn -0.993391 0.077705 0.084479
vn -0.995406 0.071005 0.064233
vn -0.557462 0.021271 0.829930
vn -0.583335 0.046264 0.810913
vn -0.572330 0.010049 0.819962
vn -0.569128 0.048178 0.820836
vn -0.734870 0.088768 0.672373
vn -0.747710 0.085219 0.658535
vn -0.871097 0.100037 0.480814
vn -0.880957 0.094939 0.463574
vn -0.962224 0.088619 0.257432
vn -0.967789 0.082369 0.237908
vn -0.999587 0.020321 0.020321
vn -0.999175 0.040618 -0.000009
vn -0.997937 0.060902 0.020296
vn -0.631993 0.054729 0.773039
vn -0.618033 0.057144 0.784073
vn -0.615812 0.016465 0.787722
vn -0.777233 0.088903 0.622901
vn -0.789334 0.084867 0.608070
vn -0.902144 0.092870 0.421322
vn -0.910875 0.087377 0.403327
vn -0.982633 0.070227 0.171757
vn -0.978461 0.076703 0.191655
vn -0.679131 0.060567 0.731514
vn -0.665605 0.063475 0.743600
vn -0.816801 0.086739 0.570362
vn -0.828066 0.082231 0.554568
vn -0.936788 0.078217 0.341043
vn -0.929272 0.084063 0.359704
vn -0.992424 0.017906 0.121552
vn -0.992844 0.057342 0.104752
vn -0.990103 0.063983 0.124908
vn -0.724388 0.063856 0.686429
vn -0.711356 0.067268 0.699605
vn -0.853223 0.082472 0.514985
vn -0.863537 0.077520 0.498292
vn -0.952256 0.073846 0.296234
vn -0.958480 0.067697 0.277006
vn -0.999083 0.013543 0.040615
vn -0.997618 0.013512 0.067648
vn -0.997054 0.050744 0.057512
vn -0.999255 0.023700 0.030470
vn -0.998338 0.044002 0.037228
vn -0.594327 -0.002556 0.804219
vn -0.592245 0.032444 0.805104
vn -0.584826 0.016056 0.811000
vn -0.612734 0.019038 0.790060
vn -0.606097 0.030153 0.794819
vn -0.754939 0.068597 0.652197
vn -0.767306 0.064703 0.638009
vn -0.895442 0.070872 0.439500
vn -0.886190 0.076231 0.457008
vn -0.973479 0.017088 0.228139
vn -0.970889 0.062438 0.231250
vn -0.975754 0.056042 0.211572
vn -0.640396 0.040081 0.766998
vn -0.657613 0.011558 0.753268
vn -0.636995 0.007095 0.770835
vn -0.630359 0.018341 0.776087
vn -0.662123 0.021762 0.749079
vn -0.653939 0.037302 0.755627
vn -0.795928 0.067596 0.601606
vn -0.807537 0.063228 0.586418
vn -0.923497 0.062536 0.378473
vn -0.915404 0.068260 0.396706
vn -0.988466 0.043526 0.145053
vn -0.988841 0.013240 0.148386
vn -0.984457 0.013243 0.175124
vn -0.990100 0.023556 0.138371
vn -0.985010 0.050106 0.165059
vn -0.700080 0.041883 0.712835
vn -0.697451 0.009028 0.716575
vn -0.677708 0.015146 0.735175
vn -0.686969 0.045152 0.725282
vn -0.675189 0.019844 0.737378
vn -0.833989 0.064394 0.548011
vn -0.835056 0.018890 0.549840
vn -0.844704 0.059585 0.531907
vn -0.940609 0.058739 0.334373
vn -0.943133 0.015082 0.332074
vn -0.947456 0.052698 0.315517
vn -0.995511 -0.000120 0.094647
vn -0.994492 0.037101 0.098023
vn -0.997018 0.020329 0.074446
vn -0.996505 0.030394 0.077800
vn -0.993192 0.020231 0.114716
vn -0.735206 0.009055 0.677784
vn -0.731628 0.047709 0.680032
vn -0.744166 0.043961 0.666547
vn -0.868782 0.059139 0.491651
vn -0.878498 0.053917 0.474693
vn -0.967016 0.011952 0.254436
vn -0.959764 0.012456 0.280532
vn -0.961583 0.047921 0.270300
vn -0.967111 0.041617 0.250928
vn -0.969358 0.023006 0.244574
vn -0.762727 0.023252 0.646303
vn -0.773910 0.047889 0.631483
vn -0.770799 0.011353 0.636978
vn -0.785763 0.043672 0.616985
vn -0.901754 0.011346 0.432100
vn -0.899983 0.052044 0.432806
vn -0.908604 0.046446 0.415068
vn -0.979442 -0.001165 0.201723
vn -0.978132 0.036036 0.204840
vn -0.983094 0.020372 0.181963
vn -0.982286 0.029522 0.185049
vn -0.975233 0.019878 0.220285
vn -0.819993 0.008166 0.572315
vn -0.824525 0.041126 0.564329
vn -0.829960 0.023033 0.557347
vn -0.813482 0.045789 0.579785
vn -0.934763 0.037368 0.353301
vn -0.933871 0.008890 0.357499
vn -0.923815 0.011193 0.382676
vn -0.927328 0.043301 0.371737
vn -0.937293 0.021916 0.347852
vn -0.920661 0.022330 0.389725
vn -0.716563 -0.012877 0.697403
vn -0.702094 0.015298 0.711920
vn -0.720769 0.020893 0.692860
vn -0.720029 0.022626 0.693575
vn -0.707332 0.026250 0.706393
vn -0.849972 0.041563 0.525186
vn -0.863639 0.016464 0.503842
vn -0.849791 0.005295 0.527094
vn -0.860104 0.036476 0.508813
vn -0.841477 0.021209 0.539877
vn -0.864410 0.019502 0.502410
vn -0.951882 -0.004604 0.306430
vn -0.946772 0.019164 0.321335
vn -0.950567 0.033115 0.308749
vn -0.956734 0.026898 0.289719
vn -0.957516 0.020848 0.287626
vn -0.750788 0.027630 0.659965
vn -0.763475 0.023335 0.645416
vn -0.753248 -0.015153 0.657562
vn -0.745769 0.017010 0.665987
vn -0.889763 0.002249 0.456418
vn -0.877037 0.011381 0.480287
vn -0.875896 0.017043 0.482198
vn -0.883061 0.035405 0.467920
vn -0.892168 0.029930 0.450712
vn -0.894085 0.020933 0.447407
vn -0.804604 0.017371 0.593557
vn -0.804164 0.010952 0.594307
vn -0.787815 -0.005578 0.615887
vn -0.785812 0.013895 0.618309
vn -0.791732 0.026682 0.610286
vn -0.803093 0.022141 0.595442
vn -0.913019 -0.018740 0.407486
vn -0.909135 0.018026 0.416112
vn -0.912457 0.027475 0.408250
vn -0.919400 0.022426 0.392683
vn 0.999907 0.000000 0.013600
vn 0.999907 0.000000 0.013600
vn 0.999175 0.000000 0.040606
vn 0.999175 0.000000 0.040606
vn 0.997712 0.000000 0.067612
vn 0.997712 0.000000 0.067612
vn 0.995495 0.000000 0.094809
vn 0.992600 -0.000000 0.121434
vn 0.995495 0.000000 0.094809
vn 0.992600 0.000000 0.121434
vn 0.988923 0.000000 0.148428
vn 0.988923 0.000000 0.148428
vn 0.984557 0.000000 0.175063
vn 0.984557 0.000000 0.175063
vn 0.979415 0.000000 0.201857
vn 0.979415 0.000000 0.201857
vn 0.973638 0.000000 0.228097
vn 0.973638 0.000000 0.228097
vn 0.967071 0.000000 0.254505
vn 0.967071 0.000000 0.254505
vn 0.959838 0.000000 0.280554
vn 0.959838 0.000000 0.280554
vn 0.951906 0.000000 0.306390
vn 0.943261 -0.000000 0.332053
vn 0.951906 0.000000 0.306390
vn 0.943261 0.000000 0.332053
vn 0.933855 0.000000 0.357651
vn 0.933855 0.000000 0.357651
vn 0.923920 0.000000 0.382586
vn 0.913161 -0.000000 0.407598
vn 0.923920 0.000000 0.382586
vn 0.901829 -0.000000 0.432093
vn 0.913161 0.000000 0.407598
vn 0.901829 0.000000 0.432093
vn 0.889775 0.000000 0.456400
vn 0.889775 0.000000 0.456400
vn 0.877033 0.000000 0.480430
vn 0.877033 0.000000 0.480430
vn 0.863809 0.000000 0.503820
vn 0.863809 0.000000 0.503820
vn 0.849805 0.000000 0.527097
vn 0.849805 0.000000 0.527097
vn 0.835161 -0.000000 0.550006
vn 0.835161 0.000000 0.550006
vn 0.820009 0.000000 0.572350
vn 0.820009 0.000000 0.572350
vn 0.804218 -0.000000 0.594335
vn 0.804218 0.000000 0.594335
vn 0.787833 -0.000000 0.615889
vn 0.787833 0.000000 0.615889
vn 0.770819 0.000000 0.637055
vn 0.770819 0.000000 0.637055
vn 0.753425 0.000000 0.657534
vn 0.735206 -0.000000 0.677844
vn 0.753425 0.000000 0.657534
vn 0.735206 0.000000 0.677844
vn 0.716610 0.000000 0.697474
vn 0.716610 0.000000 0.697474
vn 0.697522 0.000000 0.716563
vn 0.677719 -0.000000 0.735321
vn 0.697522 0.000000 0.716563
vn 0.677719 0.000000 0.735321
vn 0.657693 0.000000 0.753286
vn 0.636978 -0.000000 0.770882
vn 0.657693 0.000000 0.753286
vn 0.636978 0.000000 0.770882
vn 0.615889 0.000000 0.787833
vn 0.615889 0.000000 0.787833
vn 0.594358 0.000000 0.804200
vn 0.572327 -0.000000 0.820025
vn 0.594358 0.000000 0.804200
vn 0.549916 -0.000000 0.835220
vn 0.572327 0.000000 0.820025
vn 0.549916 0.000000 0.835220
vn 0.527097 0.000000 0.849805
vn 0.527097 0.000000 0.849805
vn 0.503956 0.000000 0.863730
vn 0.503956 0.000000 0.863730
vn 0.480277 0.000000 0.877117
vn 0.480277 0.000000 0.877117
vn 0.456477 0.000000 0.889735
vn 0.456477 0.000000 0.889735
vn 0.432114 0.000000 0.901819
vn 0.432114 0.000000 0.901819
vn 0.407576 0.000000 0.913171
vn 0.407576 0.000000 0.913171
vn 0.382669 0.000000 0.923885
vn 0.382669 0.000000 0.923885
vn 0.357524 0.000000 0.933904
vn 0.357524 0.000000 0.933904
vn 0.332124 0.000000 0.943236
vn 0.332124 0.000000 0.943236
vn 0.306405 0.000000 0.951901
vn 0.306405 0.000000 0.951901
vn 0.280567 0.000000 0.959834
vn 0.280567 0.000000 0.959834
vn 0.254450 0.000000 0.967086
vn 0.254450 0.000000 0.967086
vn 0.228157 0.000000 0.973624
vn 0.228157 0.000000 0.973624
vn 0.201727 0.000000 0.979442
vn 0.201727 0.000000 0.979442
vn 0.175165 0.000000 0.984539
vn 0.175165 0.000000 0.984539
vn 0.148388 0.000000 0.988929
vn 0.148388 0.000000 0.988929
vn 0.121571 0.000000 0.992583
vn 0.121571 0.000000 0.992583
vn 0.094665 0.000000 0.995509
vn 0.094665 0.000000 0.995509
vn 0.067663 0.000000 0.997708
vn 0.067663 0.000000 0.997708
vn 0.040604 0.000000 0.999175
vn 0.040604 0.000000 0.999175
vn 0.013550 0.000000 0.999908
vn 0.013550 0.000000 0.999908
vn -0.999908 0.000000 0.013540
vn -0.999908 0.000000 0.013540
vn -0.999175 0.000000 0.040618
vn -0.999175 0.000000 0.040618
vn -0.997709 0.000000 0.067654
vn -0.997709 0.000000 0.067654
vn -0.995511 0.000000 0.094647
vn -0.992583 0.000000 0.121571
vn -0.995511 0.000000 0.094647
vn -0.992583 0.000000 0.121571
vn -0.988928 0.000000 0.148399
vn -0.988928 0.000000 0.148399
vn -0.984544 0.000000 0.175139
vn -0.984544 0.000000 0.175139
vn -0.979443 0.000000 0.201723
vn -0.979443 0.000000 0.201723
vn -0.973621 0.000000 0.228172
vn -0.973621 0.000000 0.228172
vn -0.967085 0.000000 0.254454
vn -0.967085 0.000000 0.254454
vn -0.959838 0.000000 0.280554
vn -0.959838 0.000000 0.280554
vn -0.951892 0.000000 0.306434
vn -0.943240 0.000000 0.332112
vn -0.951892 0.000000 0.306434
vn -0.943240 0.000000 0.332112
vn -0.933908 0.000000 0.357513
vn -0.933908 0.000000 0.357513
vn -0.923873 0.000000 0.382700
vn -0.913180 0.000000 0.407558
vn -0.923873 0.000000 0.382700
vn -0.901812 0.000000 0.432128
vn -0.913180 0.000000 0.407558
vn -0.901812 0.000000 0.432128
vn -0.889765 0.000000 0.456419
vn -0.889765 0.000000 0.456419
vn -0.877094 0.000000 0.480318
vn -0.877094 0.000000 0.480318
vn -0.863756 0.000000 0.503910
vn -0.863756 0.000000 0.503910
vn -0.849803 0.000000 0.527101
vn -0.849803 0.000000 0.527101
vn -0.835205 0.000000 0.549938
vn -0.835205 0.000000 0.549938
vn -0.820021 0.000000 0.572334
vn -0.820021 0.000000 0.572334
vn -0.804212 0.000000 0.594343
vn -0.804212 0.000000 0.594343
vn -0.787827 0.000000 0.615897
vn -0.787827 0.000000 0.615897
vn -0.770848 0.000000 0.637019
vn -0.770848 0.000000 0.637019
vn -0.753334 0.000000 0.657638
vn -0.735236 0.000000 0.677811
vn -0.753334 0.000000 0.657638
vn -0.735236 0.000000 0.677811
vn -0.716623 0.000000 0.697461
vn -0.716623 0.000000 0.697461
vn -0.697480 0.000000 0.716605
vn -0.677786 0.000000 0.735260
vn -0.697480 0.000000 0.716605
vn -0.677786 0.000000 0.735260
vn -0.657657 0.000000 0.753318
vn -0.637011 0.000000 0.770855
vn -0.657657 0.000000 0.753318
vn -0.637011 0.000000 0.770855
vn -0.615895 0.000000 0.787828
vn -0.615895 0.000000 0.787828
vn -0.594329 0.000000 0.804222
vn -0.572359 0.000000 0.820003
vn -0.594329 0.000000 0.804222
vn -0.549930 0.000000 0.835211
vn -0.572359 0.000000 0.820003
vn -0.549930 0.000000 0.835211
vn -0.527102 0.000000 0.849802
vn -0.527102 0.000000 0.849802
vn -0.503887 0.000000 0.863770
vn -0.503887 0.000000 0.863770
vn -0.480328 0.000000 0.877089
vn -0.480328 0.000000 0.877089
vn -0.456423 0.000000 0.889763
vn -0.456423 0.000000 0.889763
vn -0.432142 0.000000 0.901806
vn -0.432142 0.000000 0.901806
vn -0.407564 0.000000 0.913176
vn -0.407564 0.000000 0.913176
vn -0.382652 0.000000 0.923893
vn -0.382652 0.000000 0.923893
vn -0.357536 0.000000 0.933899
vn -0.357536 0.000000 0.933899
vn -0.332130 0.000000 0.943234
vn -0.332130 0.000000 0.943234
vn -0.306439 0.000000 0.951890
vn -0.306439 0.000000 0.951890
vn -0.280551 0.000000 0.959839
vn -0.280551 0.000000 0.959839
vn -0.254422 0.000000 0.967093
vn -0.254422 0.000000 0.967093
vn -0.228188 0.000000 0.973617
vn -0.228188 0.000000 0.973617
vn -0.201720 0.000000 0.979443
vn -0.201720 0.000000 0.979443
vn -0.175148 0.000000 0.984542
vn -0.175148 0.000000 0.984542
vn -0.148387 0.000000 0.988929
vn -0.148387 0.000000 0.988929
vn -0.121575 0.000000 0.992582
vn -0.121575 0.000000 0.992582
vn -0.094666 0.000000 0.995509
vn -0.094666 0.000000 0.995509
vn -0.067661 0.000000 0.997708
vn -0.067661 0.000000 0.997708
vn -0.040606 0.000000 0.999175
vn -0.040606 0.000000 0.999175
vn -0.013551 0.000000 0.999908
vn -0.013551 0.000000 0.999908
vn 0.000000 0.000000 1.000000
vn 0.000000 0.000000 1.000000
vn 0.013549 -0.999816 0.013550
vn 0.013549 -0.013550 0.999816
vn 0.999815 -0.013599 0.013599
vn 0.000766 -0.999175 0.040606
vn 0.018380 -0.999662 0.018382
vn 0.027637 -0.999386 0.021535
vn 0.040599 -0.999042 0.016311
vn 0.028495 -0.998112 0.054418
vn 0.012631 -0.997629 0.067655
vn 0.020196 -0.998129 0.057705
vn 0.067655 -0.997588 0.015523
vn 0.055355 -0.998245 0.021038
vn 0.014812 -0.995400 0.094654
vn 0.003064 -0.992577 0.121577
vn 0.017097 -0.995460 0.093634
vn 0.042987 -0.997316 0.059271
vn 0.057034 -0.996950 0.053264
vn 0.094655 -0.995407 0.014296
vn 0.082990 -0.996345 0.020223
vn 0.044215 -0.994778 0.091985
vn 0.029623 -0.994730 0.098156
vn 0.071608 -0.995762 0.057718
vn 0.085423 -0.995020 0.051355
vn 0.121562 -0.992504 0.012623
vn 0.110599 -0.993682 0.019076
vn 0.030394 -0.991007 0.130312
vn 0.012737 -0.988850 0.148369
vn 0.020737 -0.990717 0.134346
vn 0.073650 -0.993182 0.090366
vn 0.059192 -0.993528 0.096950
vn 0.113682 -0.992325 0.048658
vn 0.100043 -0.993439 0.055405
vn 0.009650 -0.984495 0.175149
vn 0.019486 -0.985283 0.169814
vn 0.006418 -0.979424 0.201713
vn 0.138240 -0.990241 0.017657
vn 0.148380 -0.988874 0.010527
vn 0.045775 -0.989679 0.135792
vn 0.060732 -0.989774 0.129072
vn 0.088656 -0.991531 0.094905
vn 0.102896 -0.990797 0.087940
vn 0.128394 -0.990342 0.052320
vn 0.141828 -0.988859 0.045196
vn 0.031413 -0.984184 0.174343
vn 0.046865 -0.984755 0.167514
vn 0.175160 -0.984509 0.007794
vn 0.165791 -0.986031 0.016035
vn 0.090968 -0.987718 0.127039
vn 0.076241 -0.988025 0.134143
vn 0.118041 -0.988729 0.092091
vn 0.132051 -0.987613 0.084749
vn 0.020636 -0.977388 0.210445
vn 0.013461 -0.973529 0.228168
vn 0.032093 -0.978137 0.205470
vn 0.156533 -0.986484 0.048450
vn 0.169691 -0.984645 0.040985
vn 0.062727 -0.982910 0.173072
vn 0.078055 -0.983066 0.165799
vn 0.201725 -0.979433 0.004321
vn 0.193404 -0.981016 0.014217
vn 0.121119 -0.984842 0.124162
vn 0.106552 -0.985548 0.131689
vn 0.020902 -0.969369 0.244719
vn 0.006337 -0.967076 0.254409
vn 0.010770 -0.959783 0.280538
vn 0.147240 -0.985135 0.088488
vn 0.160993 -0.983644 0.080780
vn 0.048317 -0.976180 0.211516
vn 0.064085 -0.976835 0.204175
vn 0.197374 -0.979667 0.036000
vn 0.184435 -0.981866 0.043845
vn 0.094040 -0.980784 0.170936
vn 0.109087 -0.980529 0.163288
vn 0.228157 -0.973624 -0.000675
vn 0.221067 -0.975177 0.012665
vn 0.136785 -0.982245 0.128395
vn 0.151083 -0.981150 0.120496
vn 0.033012 -0.967817 0.249480
vn 0.049269 -0.969005 0.242077
vn 0.176211 -0.980752 0.084109
vn 0.189690 -0.978895 0.076041
vn 0.080432 -0.974433 0.209788
vn 0.096075 -0.974664 0.201988
vn 0.212092 -0.976493 0.038458
vn 0.224734 -0.973950 0.030277
vn 0.140035 -0.977153 0.159883
vn 0.125118 -0.977817 0.167986
vn 0.254427 -0.966998 -0.013462
vn 0.249109 -0.968393 0.012631
vn 0.014712 -0.951789 0.306401
vn 0.020043 -0.958179 0.285467
vn 0.033601 -0.959577 0.279434
vn 0.180808 -0.976655 0.115992
vn 0.166736 -0.978136 0.124291
vn 0.065928 -0.966477 0.248145
vn 0.082015 -0.967228 0.240299
vn 0.218139 -0.973366 0.070525
vn 0.204929 -0.975587 0.078961
vn 0.127826 -0.971635 0.198963
vn 0.112464 -0.971824 0.207147
vn 0.251724 -0.967506 0.023814
vn 0.239384 -0.970386 0.032332
vn 0.004482 -0.943221 0.332136
vn 0.015930 -0.933786 0.357478
vn 0.021462 -0.947858 0.317969
vn 0.156102 -0.974007 0.164145
vn 0.170699 -0.972946 0.155683
vn 0.050574 -0.956910 0.285946
vn 0.067104 -0.958212 0.278077
vn 0.210271 -0.971358 0.110681
vn 0.196466 -0.973218 0.119362
vn 0.098794 -0.964240 0.245928
vn 0.114680 -0.964558 0.237648
vn 0.246215 -0.967084 0.064238
vn 0.233308 -0.969657 0.073025
vn 0.144317 -0.968340 0.203694
vn 0.159484 -0.967736 0.195072
vn 0.275044 -0.961241 0.019165
vn 0.280528 -0.959703 0.016574
vn 0.266445 -0.963513 0.025487
vn 0.051388 -0.947611 0.315265
vn 0.034368 -0.945724 0.323147
vn 0.201141 -0.967906 0.150666
vn 0.186817 -0.969358 0.159516
vn 0.084183 -0.955082 0.284133
vn 0.100555 -0.955940 0.275803
vn 0.225941 -0.967491 0.113634
vn 0.239397 -0.965269 0.104619
vn 0.147156 -0.961018 0.234071
vn 0.131460 -0.961127 0.242802
vn 0.261395 -0.962950 0.066336
vn 0.274037 -0.960019 0.057167
vn 0.019056 -0.933171 0.358929
vn 0.016384 -0.923761 0.382618
vn 0.034866 -0.935418 0.351821
vn 0.175933 -0.964009 0.199336
vn 0.190857 -0.962996 0.190295
vn 0.306383 -0.951832 0.012041
vn 0.293578 -0.955722 0.020182
vn 0.085538 -0.945756 0.313414
vn 0.068741 -0.944333 0.321731
vn 0.217192 -0.963897 0.154049
vn 0.231308 -0.962050 0.144760
vn 0.117673 -0.952352 0.281387
vn 0.133805 -0.952769 0.272631
vn 0.254995 -0.960988 0.107142
vn 0.268207 -0.958393 0.097716
vn 0.003917 -0.913172 0.407554
vn 0.020968 -0.921014 0.388964
vn 0.179398 -0.956596 0.229652
vn 0.163996 -0.957126 0.238777
vn 0.301323 -0.952242 0.049402
vn 0.289098 -0.955489 0.058848
vn 0.052526 -0.931975 0.358696
vn 0.069737 -0.933990 0.350428
vn 0.207357 -0.958811 0.194124
vn 0.221895 -0.957408 0.184748
vn 0.332117 -0.943215 0.006644
vn 0.321297 -0.946828 0.016869
vn 0.103001 -0.941998 0.319422
vn 0.119571 -0.942968 0.310667
vn 0.247365 -0.957597 0.147715
vn 0.261057 -0.955390 0.138125
vn 0.166926 -0.948682 0.268585
vn 0.151034 -0.948700 0.277773
vn 0.296636 -0.950736 0.090045
vn 0.283768 -0.953683 0.099818
vn 0.035579 -0.918051 0.394864
vn 0.053204 -0.920681 0.386673
vn 0.211441 -0.951291 0.224362
vn 0.196296 -0.952236 0.233913
vn 0.316344 -0.947290 0.050681
vn 0.328258 -0.943703 0.040873
vn 0.087413 -0.930082 0.356800
vn 0.104491 -0.931637 0.348042
vn 0.238402 -0.952769 0.188137
vn 0.252728 -0.950965 0.178311
vn 0.357524 -0.933904 -0.000977
vn 0.349167 -0.936956 0.013994
vn 0.137045 -0.938745 0.316190
vn 0.153465 -0.939272 0.306947
vn 0.277109 -0.950488 0.140655
vn 0.290521 -0.947905 0.130666
vn 0.017840 -0.901667 0.432064
vn 0.018500 -0.889603 0.456360
vn 0.019995 -0.902916 0.429351
vn 0.035988 -0.905799 0.422177
vn 0.184133 -0.944155 0.273250
vn 0.199800 -0.943710 0.263613
vn 0.312112 -0.945607 0.091727
vn 0.324584 -0.942327 0.081643
vn 0.088543 -0.918767 0.384744
vn 0.071110 -0.916615 0.393397
vn 0.243092 -0.945142 0.218205
vn 0.228258 -0.946491 0.228150
vn 0.343123 -0.938362 0.041744
vn 0.354704 -0.934445 0.031586
vn 0.122198 -0.927256 0.353927
vn 0.139027 -0.928349 0.344731
vn 0.269132 -0.945896 0.181243
vn 0.283107 -0.943712 0.171052
vn 0.004421 -0.877086 0.480313
vn 0.019299 -0.889115 0.457276
vn 0.170933 -0.934583 0.311987
vn 0.187093 -0.934668 0.302310
vn 0.319547 -0.939630 0.122415
vn 0.306489 -0.942570 0.132761
vn 0.071927 -0.904328 0.420734
vn 0.054154 -0.901563 0.429245
vn 0.216928 -0.938738 0.267794
vn 0.232330 -0.937871 0.257723
vn 0.339945 -0.936784 0.082906
vn 0.352063 -0.933166 0.072475
vn 0.123781 -0.915886 0.381878
vn 0.106546 -0.914205 0.390995
vn 0.259896 -0.939879 0.221543
vn 0.274427 -0.938131 0.211188
vn 0.369461 -0.928693 0.032054
vn 0.382598 -0.923713 0.019327
vn 0.383541 -0.923331 0.018868
vn 0.156839 -0.923466 0.350160
vn 0.173410 -0.924105 0.340528
vn 0.313119 -0.935628 0.162964
vn 0.299472 -0.938189 0.173544
vn 0.054700 -0.888372 0.455855
vn 0.036574 -0.884974 0.464202
vn 0.204621 -0.929487 0.306894
vn 0.220425 -0.929139 0.296838
vn 0.335293 -0.933909 0.124065
vn 0.348029 -0.930609 0.113330
vn 0.107770 -0.901893 0.418299
vn 0.090142 -0.899604 0.427303
vn 0.264530 -0.931143 0.250991
vn 0.249475 -0.932420 0.261450
vn 0.379096 -0.923240 0.062558
vn 0.367349 -0.927188 0.073328
vn 0.141819 -0.910835 0.387642
vn 0.158868 -0.912055 0.378044
vn 0.305359 -0.930280 0.203308
vn 0.291146 -0.932421 0.214068
vn 0.407539 -0.913089 0.013448
vn 0.395254 -0.918310 0.021943
vn 0.016964 -0.863642 0.503820
vn 0.021620 -0.867568 0.496848
vn 0.036894 -0.870887 0.490096
vn 0.207584 -0.918940 0.335348
vn 0.191201 -0.918746 0.345468
vn 0.329349 -0.929678 0.165009
vn 0.342558 -0.926768 0.154124
vn 0.091049 -0.886412 0.453854
vn 0.073060 -0.883502 0.462696
vn 0.237909 -0.923489 0.300945
vn 0.253498 -0.922713 0.290413
vn 0.363772 -0.924416 0.114564
vn 0.376083 -0.920785 0.103519
vn 0.143446 -0.898497 0.414880
vn 0.125998 -0.896682 0.424366
vn 0.281635 -0.925221 0.254258
vn 0.296343 -0.923543 0.243411
vn 0.394133 -0.916892 0.062995
vn 0.405467 -0.912634 0.051917
vn 0.014594 -0.849715 0.527041
vn 0.006048 -0.835190 0.549928
vn 0.020454 -0.851377 0.524155
vn 0.176896 -0.906521 0.383312
vn 0.193672 -0.907280 0.373275
vn 0.322017 -0.924108 0.205741
vn 0.335829 -0.921594 0.194634
vn 0.432104 -0.901800 0.006563
vn 0.422762 -0.906077 0.017242
vn 0.055463 -0.865855 0.497212
vn 0.073701 -0.869380 0.488618
vn 0.225284 -0.913122 0.339788
vn 0.241348 -0.912877 0.329252
vn 0.371652 -0.917071 0.144418
vn 0.358731 -0.920357 0.155739
vn 0.109498 -0.881029 0.460215
vn 0.127268 -0.883447 0.450915
vn 0.286175 -0.915405 0.283085
vn 0.270895 -0.916600 0.294041
vn 0.403522 -0.910231 0.092999
vn 0.391665 -0.914174 0.104327
vn 0.178926 -0.894134 0.410500
vn 0.161692 -0.892788 0.420458
vn 0.313386 -0.917151 0.246220
vn 0.327769 -0.915075 0.234959
vn 0.431287 -0.901299 0.040640
vn 0.420444 -0.905830 0.051948
vn 0.037316 -0.846702 0.530758
vn 0.055877 -0.850868 0.522400
vn 0.211690 -0.901253 0.378061
vn 0.228202 -0.901561 0.367575
vn 0.352399 -0.914962 0.196619
vn 0.365789 -0.912089 0.185182
vn 0.450582 -0.892636 0.013286
vn 0.456472 -0.889725 -0.004782
vn 0.092312 -0.863844 0.495229
vn 0.110458 -0.866887 0.486113
vn 0.274813 -0.905881 0.322269
vn 0.259065 -0.906556 0.333228
vn 0.400141 -0.906615 0.133928
vn 0.387628 -0.910246 0.145591
vn 0.163322 -0.879510 0.446977
vn 0.145724 -0.877566 0.456774
vn 0.318434 -0.907208 0.274904
vn 0.303525 -0.908810 0.286248
vn 0.418943 -0.903197 0.093389
vn 0.430453 -0.898911 0.081669
vn 0.016588 -0.819896 0.572271
vn 0.037550 -0.830857 0.555218
vn 0.022313 -0.826996 0.561764
vn 0.214117 -0.888818 0.405163
vn 0.197141 -0.887936 0.415579
vn 0.344664 -0.908236 0.237304
vn 0.358689 -0.905773 0.225649
vn 0.446032 -0.894111 0.040271
vn 0.456514 -0.889257 0.028590
vn 0.093004 -0.848841 0.520403
vn 0.074636 -0.845189 0.529230
vn 0.246153 -0.895055 0.371867
vn 0.262419 -0.894920 0.360909
vn 0.395265 -0.901769 0.174867
vn 0.382206 -0.905016 0.186722
vn 0.129088 -0.860846 0.492220
vn 0.147001 -0.863392 0.482644
vn 0.292452 -0.899082 0.325766
vn 0.307913 -0.897982 0.314355
vn 0.415952 -0.899360 0.134671
vn 0.427998 -0.895410 0.122717
vn 0.010473 -0.804173 0.594302
vn 0.008624 -0.787804 0.615866
vn 0.021769 -0.808497 0.588098
vn 0.181799 -0.873117 0.452345
vn 0.199132 -0.874582 0.442099
vn 0.335663 -0.900151 0.277595
vn 0.350217 -0.898150 0.265846
vn 0.456630 -0.886925 0.069662
vn 0.445603 -0.891500 0.081643
vn 0.056472 -0.825037 0.562249
vn 0.075103 -0.829310 0.553719
vn 0.232334 -0.882111 0.409759
vn 0.248978 -0.882534 0.398928
vn 0.375413 -0.898495 0.227532
vn 0.389015 -0.895665 0.215527
vn 0.480209 -0.876992 0.016867
vn 0.480216 -0.876988 0.016862
vn 0.471020 -0.881684 0.027825
vn 0.111759 -0.842661 0.526719
vn 0.130052 -0.845830 0.517356
vn 0.280332 -0.887914 0.364723
vn 0.296237 -0.887343 0.353363
vn 0.424149 -0.890665 0.163746
vn 0.411496 -0.894264 0.175962
vn 0.165621 -0.856845 0.488248
vn 0.183392 -0.858915 0.478155
vn 0.325466 -0.890698 0.317378
vn 0.340521 -0.889188 0.305598
vn 0.455251 -0.883447 0.110761
vn 0.443646 -0.887717 0.123034
vn 0.037876 -0.803452 0.594163
vn 0.056758 -0.808349 0.585961
vn 0.234678 -0.868712 0.436194
vn 0.217515 -0.867708 0.446956
vn 0.367235 -0.890664 0.268061
vn 0.381454 -0.888267 0.255882
vn 0.471646 -0.879067 0.069227
vn 0.482223 -0.874196 0.056946
vn 0.112459 -0.826776 0.551176
vn 0.093958 -0.823006 0.560208
vn 0.267099 -0.875344 0.403027
vn 0.283547 -0.875321 0.391681
vn 0.405635 -0.887912 0.216964
vn 0.418833 -0.884716 0.204589
vn 0.496944 -0.867584 0.018568
vn 0.503932 -0.863689 0.009746
vn 0.148826 -0.839132 0.523172
vn 0.166860 -0.841796 0.513359
vn 0.314061 -0.879849 0.356696
vn 0.329681 -0.878848 0.344872
vn 0.452382 -0.878800 0.151855
vn 0.440173 -0.882734 0.164402
vn 0.022263 -0.781412 0.623618
vn 0.016679 -0.770735 0.636937
vn 0.038023 -0.785940 0.617133
vn 0.201931 -0.851882 0.483241
vn 0.219418 -0.853470 0.472700
vn 0.357892 -0.881455 0.308141
vn 0.372557 -0.879546 0.295973
vn 0.470687 -0.875334 0.110656
vn 0.481849 -0.870750 0.098060
vn 0.094433 -0.806322 0.583889
vn 0.075686 -0.801942 0.592588
vn 0.269793 -0.861888 0.429372
vn 0.252980 -0.861347 0.440549
vn 0.398476 -0.880245 0.257655
vn 0.412175 -0.877490 0.245201
vn 0.507121 -0.860775 0.043525
vn 0.496998 -0.865936 0.056108
vn 0.149757 -0.823233 0.547595
vn 0.131338 -0.819950 0.557165
vn 0.317662 -0.867162 0.383564
vn 0.301608 -0.867625 0.395297
vn 0.435241 -0.876529 0.205577
vn 0.448023 -0.872977 0.192835
vn 0.549899 -0.835194 0.007894
vn 0.527097 -0.849805 0.000758
vn 0.523872 -0.851708 0.012337
vn 0.022431 -0.760987 0.648379
vn 0.007501 -0.753307 0.657626
vn 0.012188 -0.735199 0.677741
vn 0.185565 -0.834601 0.518659
vn 0.203443 -0.836786 0.508331
vn 0.347282 -0.870916 0.347708
vn 0.362521 -0.869500 0.335482
vn 0.468229 -0.870421 0.152080
vn 0.479957 -0.866172 0.139238
vn 0.057065 -0.779429 0.623887
vn 0.075982 -0.784402 0.615581
vn 0.237933 -0.845917 0.477297
vn 0.255197 -0.847037 0.466265
vn 0.389849 -0.871309 0.298057
vn 0.404245 -0.868987 0.285390
vn 0.507756 -0.857330 0.084670
vn 0.497085 -0.862202 0.097539
vn 0.113441 -0.799371 0.590031
vn 0.132003 -0.803235 0.580852
vn 0.304648 -0.854094 0.421561
vn 0.288053 -0.854005 0.433245
vn 0.442256 -0.865928 0.233619
vn 0.428906 -0.869065 0.246508
vn 0.531204 -0.846734 0.029404
vn 0.521538 -0.852179 0.042297
vn 0.186727 -0.818665 0.543066
vn 0.168602 -0.815895 0.553072
vn 0.351264 -0.858130 0.374468
vn 0.335496 -0.859025 0.386675
vn 0.464265 -0.864327 0.193382
vn 0.476586 -0.860438 0.180312
vn 0.057224 -0.761072 0.646138
vn 0.038206 -0.755528 0.654002
vn 0.239714 -0.830775 0.502344
vn 0.222106 -0.829076 0.513130
vn 0.394880 -0.859251 0.325203
vn 0.380010 -0.861076 0.337847
vn 0.495596 -0.857353 0.139037
vn 0.506874 -0.852783 0.125859
vn 0.113885 -0.781806 0.613033
vn 0.095086 -0.777349 0.621842
vn 0.273595 -0.838994 0.470355
vn 0.290573 -0.839650 0.458864
vn 0.421232 -0.860347 0.286994
vn 0.435108 -0.857662 0.274038
vn 0.522703 -0.848392 0.083743
vn 0.532854 -0.843254 0.070631
vn 0.150951 -0.795779 0.586473
vn 0.169456 -0.799159 0.576740
vn 0.322743 -0.845737 0.424930
vn 0.338885 -0.845384 0.412895
vn 0.458840 -0.857021 0.234478
vn 0.471749 -0.853528 0.221231
vn 0.552178 -0.833530 0.018099
vn 0.545418 -0.837704 0.027780
vn 0.017176 -0.716505 0.697371
vn 0.038270 -0.736394 0.675469
vn 0.021554 -0.731074 0.681958
vn 0.205475 -0.810830 0.548027
vn 0.223495 -0.813126 0.537471
vn 0.384376 -0.848152 0.364546
vn 0.369050 -0.849464 0.377112
vn 0.504445 -0.847130 0.167051
vn 0.492615 -0.851339 0.180423
vn 0.076334 -0.753967 0.652462
vn 0.095350 -0.759017 0.644051
vn 0.258253 -0.822574 0.506633
vn 0.275643 -0.823804 0.495347
vn 0.412254 -0.850324 0.327103
vn 0.426687 -0.848105 0.314094
vn 0.532983 -0.838713 0.111754
vn 0.522189 -0.843584 0.125239
vn 0.151540 -0.778236 0.609413
vn 0.132844 -0.774279 0.618745
vn 0.308877 -0.831097 0.462463
vn 0.325570 -0.831296 0.450501
vn 0.451974 -0.848521 0.275192
vn 0.465469 -0.845454 0.261814
vn 0.547600 -0.833866 0.069297
vn 0.557283 -0.828440 0.055871
vn 0.005599 -0.697463 0.716599
vn 0.016810 -0.677696 0.735150
vn 0.022338 -0.709195 0.704658
vn 0.188325 -0.791197 0.581843
vn 0.206516 -0.794058 0.571684
vn 0.356840 -0.836536 0.415780
vn 0.372771 -0.835744 0.403204
vn 0.500538 -0.840356 0.208000
vn 0.488048 -0.844207 0.221641
vn 0.594343 -0.804180 0.007117
vn 0.572286 -0.819966 0.012038
vn 0.570083 -0.821425 0.016334
vn 0.076459 -0.734840 0.673917
vn 0.057397 -0.729252 0.681834
vn 0.242172 -0.804777 0.541928
vn 0.259868 -0.806580 0.530940
vn 0.401958 -0.839020 0.366709
vn 0.416986 -0.837288 0.353655
vn 0.531520 -0.833108 0.153027
vn 0.520159 -0.837637 0.166732
vn 0.114394 -0.751408 0.649846
vn 0.133213 -0.755923 0.640964
vn 0.294123 -0.815074 0.499146
vn 0.311191 -0.815834 0.487417
vn 0.443868 -0.838703 0.315528
vn 0.457835 -0.836108 0.302176
vn 0.548091 -0.829058 0.110719
vn 0.558354 -0.823915 0.096984
vn 0.189062 -0.773608 0.604803
vn 0.170529 -0.770157 0.614637
vn 0.343686 -0.822270 0.453599
vn 0.359964 -0.822023 0.441253
vn 0.482116 -0.835854 0.262512
vn 0.495107 -0.832439 0.248826
vn 0.571598 -0.818745 0.054158
vn 0.580789 -0.813049 0.040439
vn 0.057427 -0.709311 0.702553
vn 0.038321 -0.703196 0.709963
vn 0.225329 -0.785570 0.576288
vn 0.243400 -0.787953 0.565585
vn 0.390559 -0.826408 0.405603
vn 0.406011 -0.825198 0.392688
vn 0.528522 -0.826437 0.194078
vn 0.516584 -0.830596 0.207971
vn 0.114584 -0.732246 0.671332
vn 0.095579 -0.727169 0.679772
vn 0.278485 -0.797698 0.534905
vn 0.295962 -0.799026 0.523415
vn 0.434360 -0.827686 0.355341
vn 0.448955 -0.825555 0.341904
vn 0.546900 -0.823230 0.152290
vn 0.557854 -0.818359 0.138158
vn 0.152253 -0.747773 0.646262
vn 0.171002 -0.751793 0.636840
vn 0.346261 -0.806938 0.478491
vn 0.329466 -0.806635 0.490706
vn 0.488362 -0.823287 0.289312
vn 0.474729 -0.826278 0.303146
vn 0.582818 -0.808502 0.081535
vn 0.573065 -0.813920 0.095553
vn 0.038300 -0.682478 0.729902
vn 0.020288 -0.676251 0.736392
vn 0.018089 -0.657537 0.753205
vn 0.226209 -0.767979 0.599197
vn 0.207916 -0.765035 0.609501
vn 0.377986 -0.812466 0.443876
vn 0.393983 -0.811778 0.431037
vn 0.524080 -0.818593 0.235045
vn 0.511558 -0.822355 0.249079
vn 0.615767 -0.787676 0.019929
vn 0.604314 -0.796412 0.023079
vn 0.594867 -0.802910 0.038328
vn 0.095632 -0.707244 0.700471
vn 0.076534 -0.701634 0.708415
vn 0.262054 -0.778974 0.569672
vn 0.279895 -0.780872 0.558478
vn 0.423658 -0.815348 0.394616
vn 0.438748 -0.813720 0.381261
vn 0.555700 -0.811791 0.179425
vn 0.544271 -0.816260 0.193620
vn 0.133618 -0.724066 0.676664
vn 0.152505 -0.728628 0.667715
vn 0.314364 -0.789675 0.526867
vn 0.331527 -0.790532 0.514926
vn 0.480166 -0.812994 0.329366
vn 0.466076 -0.815500 0.343121
vn 0.573019 -0.808010 0.136999
vn 0.583298 -0.802924 0.122790
vn 0.021362 -0.653510 0.756617
vn 0.004756 -0.637019 0.770834
vn 0.208493 -0.746660 0.631688
vn 0.189907 -0.743149 0.641611
vn 0.364378 -0.797238 0.481289
vn 0.380812 -0.797091 0.468645
vn 0.505017 -0.812993 0.289827
vn 0.518171 -0.809642 0.275642
vn 0.597325 -0.798030 0.079696
vn 0.606550 -0.792350 0.065410
vn 0.057366 -0.674830 0.735740
vn 0.076492 -0.680941 0.728333
vn 0.244955 -0.758892 0.603390
vn 0.263078 -0.761349 0.592568
vn 0.427361 -0.800670 0.419869
vn 0.411714 -0.801786 0.433163
vn 0.540087 -0.808175 0.234858
vn 0.552157 -0.804069 0.220443
vn 0.616378 -0.787190 0.020243
vn 0.636945 -0.770842 0.010129
vn 0.114700 -0.699041 0.705822
vn 0.133691 -0.704127 0.697375
vn 0.315957 -0.772798 0.550413
vn 0.298421 -0.771383 0.562062
vn 0.470780 -0.801432 0.368880
vn 0.456038 -0.803472 0.382704
vn 0.582274 -0.796281 0.163993
vn 0.571324 -0.801071 0.178535
vn 0.190222 -0.723981 0.663074
vn 0.171461 -0.719929 0.672535
vn 0.349729 -0.780700 0.517878
vn 0.366656 -0.781099 0.505417
vn 0.497103 -0.802437 0.330126
vn 0.510808 -0.799541 0.315927
vn 0.607982 -0.786758 0.106627
vn 0.598155 -0.792158 0.121224
vn 0.038191 -0.646773 0.761725
vn 0.057271 -0.653342 0.754894
vn 0.245634 -0.740511 0.625546
vn 0.227276 -0.737506 0.635949
vn 0.414797 -0.786313 0.457882
vn 0.398731 -0.786900 0.470958
vn 0.534516 -0.798923 0.275708
vn 0.547083 -0.795253 0.261291
vn 0.620678 -0.781516 0.063187
vn 0.629307 -0.775627 0.048742
vn 0.114638 -0.678333 0.725757
vn 0.095567 -0.672745 0.733677
vn 0.299587 -0.753737 0.584917
vn 0.281664 -0.751763 0.596253
vn 0.444891 -0.790187 0.421518
vn 0.460031 -0.788662 0.407901
vn 0.568052 -0.793093 0.219819
vn 0.579591 -0.788672 0.205109
vn 0.657685 -0.753278 -0.004659
vn 0.644004 -0.764856 0.015919
vn 0.171555 -0.699988 0.693242
vn 0.152652 -0.695414 0.702209
vn 0.334266 -0.762832 0.553492
vn 0.351501 -0.763776 0.541380
vn 0.487852 -0.790699 0.369858
vn 0.502106 -0.788274 0.355688
vn 0.607779 -0.780221 0.147855
vn 0.597349 -0.785304 0.162703
vn 0.018564 -0.615783 0.787697
vn 0.019435 -0.594223 0.804066
vn 0.020604 -0.618117 0.785816
vn 0.038085 -0.624544 0.780060
vn 0.209027 -0.714786 0.667374
vn 0.227653 -0.718339 0.657392
vn 0.384730 -0.770737 0.507885
vn 0.401225 -0.770683 0.495042
vn 0.527419 -0.788561 0.316231
vn 0.540651 -0.785299 0.301667
vn 0.631752 -0.769949 0.089825
vn 0.622483 -0.775603 0.104666
vn 0.095408 -0.651285 0.752811
vn 0.076279 -0.645210 0.760188
vn 0.264304 -0.730832 0.629307
vn 0.282444 -0.733342 0.618413
vn 0.432498 -0.775635 0.459713
vn 0.448224 -0.774614 0.446170
vn 0.563221 -0.784030 0.260918
vn 0.575402 -0.779988 0.246032
vn 0.643058 -0.764426 0.046146
vn 0.651228 -0.758236 0.031297
vn 0.133555 -0.669652 0.730568
vn 0.152568 -0.674731 0.722122
vn 0.335574 -0.745121 0.576355
vn 0.318022 -0.743638 0.588103
vn 0.492130 -0.775758 0.394977
vn 0.477322 -0.777699 0.409083
vn 0.595019 -0.777373 0.204067
vn 0.606006 -0.772659 0.189087
vn 0.004932 -0.572343 0.819999
vn 0.019287 -0.594385 0.803950
vn 0.190369 -0.690777 0.697557
vn 0.209143 -0.694845 0.688077
vn 0.386683 -0.753723 0.531392
vn 0.369736 -0.753243 0.543985
vn 0.519006 -0.777012 0.356210
vn 0.532741 -0.774218 0.341722
vn 0.622636 -0.768743 0.146146
vn 0.632502 -0.763393 0.131046
vn 0.076068 -0.623008 0.778508
vn 0.057013 -0.616507 0.785282
vn 0.264742 -0.711663 0.650728
vn 0.246343 -0.708620 0.661191
vn 0.419041 -0.759852 0.497021
vn 0.435201 -0.759355 0.483714
vn 0.556971 -0.773864 0.301526
vn 0.569672 -0.770261 0.286655
vn 0.645824 -0.758458 0.087485
vn 0.654511 -0.752574 0.072434
vn 0.133335 -0.648182 0.749721
vn 0.114320 -0.642644 0.757588
vn 0.318905 -0.725189 0.610246
vn 0.300938 -0.723161 0.621671
vn 0.480893 -0.762056 0.433603
vn 0.465625 -0.763491 0.447520
vn 0.602702 -0.764097 0.230014
vn 0.591035 -0.768464 0.245235
vn 0.677656 -0.735252 0.013641
vn 0.668369 -0.743540 0.020755
vn 0.664513 -0.746739 0.028350
vn 0.171395 -0.665527 0.726428
vn 0.190264 -0.670084 0.717486
vn 0.353800 -0.734529 0.579044
vn 0.371179 -0.735547 0.566742
vn 0.509180 -0.764305 0.395694
vn 0.523553 -0.761966 0.381183
vn 0.631645 -0.755881 0.172246
vn 0.621122 -0.760922 0.187630
vn 0.037825 -0.586598 0.808994
vn 0.056791 -0.593498 0.802829
vn 0.227856 -0.685103 0.691893
vn 0.246478 -0.688664 0.681902
vn 0.404525 -0.742800 0.533487
vn 0.421165 -0.742827 0.520411
vn 0.549270 -0.762549 0.341792
vn 0.562591 -0.759375 0.326866
vn 0.646907 -0.751586 0.128952
vn 0.656218 -0.745974 0.113584
vn 0.094955 -0.614437 0.783231
vn 0.114003 -0.620425 0.775936
vn 0.283239 -0.701451 0.654020
vn 0.301435 -0.704000 0.643055
vn 0.468541 -0.747104 0.471492
vn 0.452782 -0.748033 0.485216
vn 0.585590 -0.758448 0.286079
vn 0.597815 -0.754499 0.270829
vn 0.676400 -0.734520 0.054434
vn 0.668292 -0.740626 0.069700
vn 0.152127 -0.639029 0.753989
vn 0.171111 -0.644066 0.745587
vn 0.337105 -0.714564 0.612991
vn 0.354779 -0.716109 0.601099
vn 0.512992 -0.748553 0.420128
vn 0.498110 -0.750402 0.434491
vn 0.618150 -0.752030 0.228784
vn 0.629158 -0.747403 0.213420
vn 0.716501 -0.697367 0.017458
vn 0.697522 -0.716563 0.001141
vn 0.688840 -0.724696 0.017757
vn 0.037635 -0.562889 0.825675
vn 0.017079 -0.549858 0.835083
vn 0.021865 -0.556825 0.830342
vn 0.227730 -0.664400 0.711837
vn 0.208980 -0.660352 0.721293
vn 0.406105 -0.725031 0.556245
vn 0.389150 -0.724482 0.568935
vn 0.540218 -0.750112 0.381439
vn 0.554074 -0.747401 0.366598
vn 0.656293 -0.738440 0.154874
vn 0.646430 -0.743706 0.170379
vn 0.075594 -0.585053 0.807465
vn 0.094585 -0.591444 0.800779
vn 0.283395 -0.681482 0.674736
vn 0.264995 -0.678429 0.685209
vn 0.455075 -0.730953 0.508541
vn 0.438837 -0.731372 0.522032
vn 0.578707 -0.747328 0.326495
vn 0.591497 -0.743810 0.311252
vn 0.679055 -0.727845 0.095530
vn 0.670354 -0.733680 0.111083
vn 0.151707 -0.616814 0.772351
vn 0.132755 -0.611354 0.780142
vn 0.337664 -0.695344 0.634413
vn 0.319737 -0.693287 0.645850
vn 0.501225 -0.733956 0.458347
vn 0.485844 -0.735309 0.472522
vn 0.625265 -0.737826 0.254276
vn 0.613597 -0.742092 0.269812
vn 0.689774 -0.722203 0.051333
vn 0.697340 -0.715848 0.035767
vn 0.013943 -0.527046 0.849723
vn 0.006174 -0.503883 0.863750
vn 0.020673 -0.530257 0.847585
vn 0.208634 -0.638922 0.740439
vn 0.189767 -0.634401 0.749349
vn 0.372894 -0.704908 0.603369
vn 0.390230 -0.705973 0.591034
vn 0.544270 -0.734222 0.405818
vn 0.529864 -0.736465 0.420552
vn 0.654790 -0.729972 0.195936
vn 0.644204 -0.734949 0.211781
vn 0.075213 -0.561347 0.824156
vn 0.056353 -0.554598 0.830208
vn 0.246216 -0.654194 0.715128
vn 0.264850 -0.657746 0.705142
vn 0.423842 -0.713470 0.557959
vn 0.440553 -0.713564 0.544737
vn 0.570434 -0.735085 0.366408
vn 0.583780 -0.732012 0.351226
vn 0.680082 -0.720268 0.136754
vn 0.670738 -0.725825 0.152604
vn 0.113264 -0.582493 0.804906
vn 0.132238 -0.588372 0.797704
vn 0.301675 -0.670770 0.677540
vn 0.319913 -0.673337 0.666539
vn 0.488303 -0.718169 0.495775
vn 0.472469 -0.719022 0.509688
vn 0.607494 -0.731150 0.310436
vn 0.619787 -0.727283 0.294828
vn 0.692725 -0.715224 0.092665
vn 0.700866 -0.709142 0.076836
vn 0.170309 -0.607237 0.776053
vn 0.189242 -0.612200 0.767723
vn 0.355787 -0.684105 0.636723
vn 0.373513 -0.685685 0.624760
vn 0.518195 -0.721717 0.458910
vn 0.533174 -0.719949 0.444297
vn 0.640498 -0.725140 0.252853
vn 0.651604 -0.720574 0.237033
vn 0.716605 -0.697251 0.017864
vn 0.710202 -0.703255 0.032331
vn 0.056002 -0.530119 0.846072
vn 0.037247 -0.523028 0.851501
vn 0.245809 -0.632766 0.734293
vn 0.227106 -0.628760 0.743696
vn 0.425018 -0.694930 0.580028
vn 0.408019 -0.694330 0.592812
vn 0.574707 -0.719105 0.390640
vn 0.560744 -0.721735 0.405789
vn 0.669391 -0.717159 0.193900
vn 0.679376 -0.711918 0.177823
vn 0.093809 -0.552553 0.828182
vn 0.112693 -0.558796 0.821612
vn 0.283131 -0.647045 0.707933
vn 0.301509 -0.650085 0.697482
vn 0.474315 -0.701170 0.532340
vn 0.458016 -0.701523 0.545973
vn 0.612801 -0.715744 0.334941
vn 0.599862 -0.719200 0.350596
vn 0.702746 -0.701588 0.117989
vn 0.693967 -0.707404 0.134126
vn 0.169646 -0.584290 0.793615
vn 0.150749 -0.578931 0.801320
vn 0.338031 -0.662092 0.668857
vn 0.355983 -0.664161 0.657393
vn 0.520821 -0.704489 0.482121
vn 0.505399 -0.705765 0.496454
vn 0.646946 -0.710191 0.277649
vn 0.635176 -0.714387 0.293602
vn 0.721606 -0.689913 0.057483
vn 0.714015 -0.696248 0.073628
vn 0.036970 -0.497851 0.866474
vn 0.022120 -0.491967 0.870333
vn 0.015997 -0.480257 0.876982
vn 0.207678 -0.602118 0.770924
vn 0.226477 -0.606562 0.762096
vn 0.408694 -0.675107 0.614166
vn 0.391309 -0.674006 0.626572
vn 0.549820 -0.707249 0.444405
vn 0.564253 -0.705096 0.429486
vn 0.677106 -0.702536 0.219023
vn 0.666521 -0.707413 0.235195
vn 0.753407 -0.657518 0.006919
vn 0.735178 -0.677818 0.008718
vn 0.731834 -0.681258 0.017530
vn 0.074454 -0.521535 0.849975
vn 0.093226 -0.528111 0.844043
vn 0.282662 -0.625577 0.727156
vn 0.264125 -0.622079 0.737059
vn 0.459287 -0.682958 0.567999
vn 0.442520 -0.682813 0.581328
vn 0.604354 -0.703101 0.374707
vn 0.590936 -0.706091 0.390167
vn 0.693626 -0.698658 0.175387
vn 0.702937 -0.693206 0.159202
vn 0.149989 -0.555252 0.818045
vn 0.131114 -0.549516 0.825131
vn 0.337845 -0.641407 0.688809
vn 0.319621 -0.638855 0.699791
vn 0.491494 -0.688644 0.533108
vn 0.507375 -0.687855 0.519064
vn 0.640728 -0.698827 0.317976
vn 0.628385 -0.702604 0.333886
vn 0.716256 -0.688300 0.114979
vn 0.724371 -0.682302 0.098739
vn 0.021452 -0.463160 0.886015
vn 0.009678 -0.456417 0.889714
vn 0.008607 -0.432117 0.901777
vn 0.206871 -0.579216 0.788488
vn 0.187984 -0.574351 0.796733
vn 0.373813 -0.652450 0.659222
vn 0.391525 -0.654039 0.647256
vn 0.552606 -0.689959 0.467529
vn 0.537552 -0.691653 0.482341
vn 0.662027 -0.696809 0.276002
vn 0.673220 -0.692311 0.259771
vn 0.734452 -0.676518 0.053884
vn 0.741328 -0.670079 0.037775
vn 0.055316 -0.489483 0.870257
vn 0.073902 -0.496341 0.864976
vn 0.263396 -0.599933 0.755449
vn 0.244701 -0.595990 0.764799
vn 0.426201 -0.662957 0.615501
vn 0.443252 -0.663592 0.602639
vn 0.580584 -0.691920 0.429148
vn 0.594632 -0.689366 0.413748
vn 0.691518 -0.689058 0.216799
vn 0.701598 -0.683865 0.200226
vn 0.111550 -0.519021 0.847451
vn 0.130298 -0.525082 0.841018
vn 0.319091 -0.617424 0.719005
vn 0.300712 -0.614420 0.729424
vn 0.476546 -0.670326 0.568830
vn 0.492859 -0.670022 0.555122
vn 0.620160 -0.689690 0.373803
vn 0.633106 -0.686334 0.357943
vn 0.716755 -0.679563 0.156386
vn 0.725531 -0.673830 0.139851
vn 0.168260 -0.545464 0.821071
vn 0.187036 -0.550677 0.813494
vn 0.373607 -0.631748 0.679200
vn 0.355692 -0.629695 0.690628
vn 0.524170 -0.674908 0.519370
vn 0.539652 -0.673695 0.504887
vn 0.667822 -0.681076 0.300249
vn 0.656015 -0.685182 0.316496
vn 0.737496 -0.668586 0.095352
vn 0.745098 -0.662297 0.078693
vn 0.036447 -0.456469 0.888992
vn 0.054835 -0.463584 0.884355
vn 0.225040 -0.568765 0.791115
vn 0.243749 -0.573102 0.782394
vn 0.409092 -0.641837 0.648605
vn 0.426436 -0.642946 0.636217
vn 0.568963 -0.676691 0.467301
vn 0.583517 -0.674601 0.452130
vn 0.698475 -0.673758 0.241212
vn 0.687860 -0.678547 0.257725
vn 0.753647 -0.656407 0.033854
vn 0.770727 -0.636979 0.015411
vn 0.758637 -0.651177 0.020934
vn 0.110721 -0.493850 0.862469
vn 0.092092 -0.487488 0.868260
vn 0.281348 -0.588899 0.757655
vn 0.299883 -0.592339 0.747800
vn 0.477335 -0.651047 0.590160
vn 0.460587 -0.650873 0.603510
vn 0.610541 -0.675790 0.412974
vn 0.624035 -0.672874 0.397266
vn 0.715558 -0.670018 0.197617
vn 0.724962 -0.664605 0.180916
vn 0.148456 -0.515498 0.843933
vn 0.167214 -0.521061 0.836980
vn 0.336893 -0.605778 0.720789
vn 0.355104 -0.608292 0.709846
vn 0.525625 -0.656255 0.541339
vn 0.509697 -0.656994 0.555489
vn 0.660944 -0.668776 0.340429
vn 0.648543 -0.672472 0.356613
vn 0.738851 -0.659863 0.136677
vn 0.747020 -0.653899 0.119906
vn 0.036083 -0.429870 0.902170
vn 0.021513 -0.424003 0.905405
vn 0.015353 -0.407510 0.913072
vn 0.205156 -0.540372 0.816033
vn 0.223904 -0.545088 0.807927
vn 0.408867 -0.621157 0.668574
vn 0.391139 -0.619579 0.680538
vn 0.556164 -0.660239 0.504744
vn 0.571194 -0.658614 0.489863
vn 0.693894 -0.662618 0.281866
vn 0.682689 -0.667021 0.298360
vn 0.764524 -0.641957 0.058266
vn 0.757601 -0.648395 0.074999
vn 0.072902 -0.454989 0.887508
vn 0.091293 -0.461586 0.882385
vn 0.261670 -0.562176 0.784530
vn 0.280252 -0.566010 0.775301
vn 0.443695 -0.630271 0.637097
vn 0.460841 -0.630918 0.624154
vn 0.613633 -0.658343 0.435935
vn 0.599588 -0.660817 0.451459
vn 0.722781 -0.654478 0.221916
vn 0.712714 -0.659567 0.238770
vn 0.787832 -0.615888 0.001416
vn 0.774048 -0.632875 0.017845
vn 0.128770 -0.484494 0.865265
vn 0.147352 -0.490334 0.858988
vn 0.317666 -0.580768 0.749531
vn 0.335963 -0.583698 0.739206
vn 0.510540 -0.637733 0.576755
vn 0.494154 -0.638004 0.590561
vn 0.652586 -0.655596 0.379901
vn 0.639525 -0.658891 0.396069
vn 0.738535 -0.650316 0.177921
vn 0.747318 -0.644665 0.161003
vn 0.021734 -0.393453 0.919088
vn 0.006218 -0.382662 0.923868
vn 0.012200 -0.357497 0.933834
vn 0.203882 -0.516023 0.831957
vn 0.185198 -0.510976 0.839408
vn 0.390493 -0.598213 0.699755
vn 0.372588 -0.596194 0.711147
vn 0.557704 -0.641595 0.526613
vn 0.542121 -0.642766 0.541256
vn 0.675908 -0.654550 0.338693
vn 0.687810 -0.650508 0.322112
vn 0.767422 -0.633394 0.099376
vn 0.759866 -0.639578 0.116378
vn 0.054004 -0.421566 0.905188
vn 0.072174 -0.428375 0.900714
vn 0.260350 -0.538541 0.801369
vn 0.241732 -0.534336 0.809969
vn 0.443452 -0.609646 0.657026
vn 0.426059 -0.608545 0.669438
vn 0.601933 -0.642715 0.473914
vn 0.587283 -0.644753 0.489278
vn 0.718965 -0.643470 0.262745
vn 0.708304 -0.648181 0.279584
vn 0.776701 -0.627535 0.054186
vn 0.782980 -0.620927 0.037302
vn 0.127652 -0.458634 0.879409
vn 0.109170 -0.452517 0.885048
vn 0.298020 -0.554538 0.776963
vn 0.316427 -0.557866 0.767241
vn 0.477721 -0.617818 0.624567
vn 0.494427 -0.618005 0.611239
vn 0.642763 -0.641358 0.418945
vn 0.629217 -0.644204 0.434841
vn 0.736590 -0.639872 0.219086
vn 0.746002 -0.634548 0.202062
vn 0.165212 -0.480489 0.861299
vn 0.183820 -0.485839 0.854500
vn 0.371559 -0.574120 0.729609
vn 0.353427 -0.571676 0.740456
vn 0.543017 -0.623475 0.562505
vn 0.527076 -0.624182 0.576704
vn 0.680127 -0.637536 0.361905
vn 0.667706 -0.641149 0.378282
vn 0.760435 -0.629991 0.157642
vn 0.768591 -0.624118 0.140517
vn 0.053391 -0.394250 0.917451
vn 0.035475 -0.387265 0.921286
vn 0.221618 -0.505471 0.833898
vn 0.240230 -0.510016 0.825938
vn 0.425355 -0.587195 0.688676
vn 0.407663 -0.585653 0.700587
vn 0.573868 -0.627623 0.526085
vn 0.588911 -0.626046 0.511127
vn 0.702251 -0.635965 0.319988
vn 0.713591 -0.631607 0.303083
vn 0.779842 -0.618651 0.095484
vn 0.786764 -0.612270 0.078285
vn 0.108080 -0.425944 0.898271
vn 0.089858 -0.419628 0.903238
vn 0.277984 -0.527272 0.802938
vn 0.296519 -0.530983 0.793810
vn 0.477458 -0.597146 0.644554
vn 0.460388 -0.596513 0.657430
vn 0.631676 -0.626064 0.457198
vn 0.617554 -0.628483 0.472902
vn 0.732930 -0.628629 0.260076
vn 0.743047 -0.623612 0.242877
vn 0.794539 -0.606319 0.032941
vn 0.804125 -0.594267 0.015162
vn 0.798538 -0.601579 0.020947
vn 0.163779 -0.454680 0.875467
vn 0.145353 -0.449078 0.881590
vn 0.333768 -0.546018 0.768416
vn 0.352051 -0.548861 0.758164
vn 0.510980 -0.604427 0.611202
vn 0.527366 -0.604166 0.597385
vn 0.657983 -0.626746 0.417429
vn 0.671089 -0.623521 0.401076
vn 0.768108 -0.614049 0.181532
vn 0.759268 -0.619644 0.198880
vn 0.020110 -0.353244 0.935315
vn 0.035021 -0.359260 0.932580
vn 0.015204 -0.332101 0.943121
vn 0.201429 -0.475534 0.856326
vn 0.219970 -0.480378 0.849029
vn 0.388701 -0.561643 0.730390
vn 0.406536 -0.563594 0.719090
vn 0.574819 -0.608270 0.547348
vn 0.559254 -0.609409 0.562010
vn 0.694795 -0.622690 0.359884
vn 0.706655 -0.618754 0.343194
vn 0.781209 -0.609095 0.136809
vn 0.788786 -0.602968 0.119357
vn 0.070869 -0.385853 0.919834
vn 0.088839 -0.392344 0.915518
vn 0.257731 -0.498980 0.827402
vn 0.276260 -0.503028 0.818928
vn 0.442257 -0.574126 0.689049
vn 0.459628 -0.575190 0.676682
vn 0.619272 -0.609664 0.494785
vn 0.604665 -0.611645 0.510168
vn 0.727676 -0.616567 0.300554
vn 0.738395 -0.611925 0.283407
vn 0.804836 -0.590776 0.056767
vn 0.798574 -0.597318 0.074099
vn 0.125637 -0.416691 0.900324
vn 0.143901 -0.422520 0.894857
vn 0.313767 -0.519316 0.794897
vn 0.332088 -0.522520 0.785297
vn 0.510698 -0.583755 0.631204
vn 0.494013 -0.583579 0.644505
vn 0.660554 -0.608542 0.439711
vn 0.646957 -0.611333 0.455762
vn 0.756403 -0.608539 0.239863
vn 0.765903 -0.603263 0.222412
vn 0.835089 -0.549959 0.013104
vn 0.820009 -0.572350 0.000973
vn 0.814480 -0.579908 0.018129
vn 0.003889 -0.306431 0.951885
vn 0.021433 -0.321614 0.946628
vn 0.181235 -0.444667 0.877169
vn 0.199684 -0.449784 0.870529
vn 0.369184 -0.536479 0.758877
vn 0.387184 -0.538820 0.748172
vn 0.559562 -0.589411 0.582653
vn 0.543578 -0.590111 0.596902
vn 0.698306 -0.605020 0.382518
vn 0.685784 -0.608580 0.399162
vn 0.780899 -0.598763 0.177990
vn 0.789084 -0.592955 0.160469
vn 0.052295 -0.351233 0.934826
vn 0.069963 -0.357854 0.931153
vn 0.237356 -0.469586 0.850383
vn 0.255813 -0.473927 0.842587
vn 0.423441 -0.550585 0.719412
vn 0.441032 -0.552057 0.707618
vn 0.590552 -0.593860 0.546423
vn 0.605664 -0.592308 0.531358
vn 0.732248 -0.599201 0.323683
vn 0.720895 -0.603474 0.340777
vn 0.800837 -0.587673 0.115329
vn 0.807742 -0.581375 0.097750
vn 0.106225 -0.383434 0.917439
vn 0.124211 -0.389429 0.912642
vn 0.311813 -0.495045 0.810989
vn 0.293499 -0.491515 0.819922
vn 0.493197 -0.562285 0.663771
vn 0.476149 -0.561688 0.676601
vn 0.648756 -0.592476 0.477585
vn 0.634586 -0.594854 0.493405
vn 0.751994 -0.596509 0.280503
vn 0.762071 -0.591607 0.263152
vn 0.821826 -0.568678 0.034752
vn 0.816221 -0.575374 0.052228
vn 0.161169 -0.412839 0.896431
vn 0.179426 -0.418174 0.890470
vn 0.349186 -0.510283 0.785926
vn 0.367323 -0.512992 0.775830
vn 0.526874 -0.569742 0.630712
vn 0.543279 -0.569468 0.616891
vn 0.688476 -0.590216 0.421482
vn 0.675425 -0.593362 0.437861
vn 0.778888 -0.587682 0.219008
vn 0.787731 -0.582175 0.201374
vn 0.051548 -0.322556 0.945146
vn 0.034259 -0.315863 0.948186
vn 0.216945 -0.439275 0.871764
vn 0.235297 -0.443883 0.864641
vn 0.403950 -0.526006 0.748426
vn 0.421794 -0.527872 0.737184
vn 0.575318 -0.574968 0.581739
vn 0.590878 -0.573842 0.567071
vn 0.724533 -0.585722 0.363293
vn 0.712616 -0.589599 0.380199
vn 0.801303 -0.577398 0.156604
vn 0.808903 -0.571337 0.138745
vn 0.104869 -0.355470 0.928786
vn 0.087134 -0.349328 0.932940
vn 0.291318 -0.466544 0.835147
vn 0.272904 -0.462686 0.843472
vn 0.457500 -0.538660 0.707488
vn 0.474831 -0.539661 0.695199
vn 0.635633 -0.575520 0.514537
vn 0.620973 -0.577476 0.530014
vn 0.745955 -0.583589 0.320896
vn 0.756719 -0.579017 0.303505
vn 0.819292 -0.565719 0.093391
vn 0.825568 -0.559220 0.075569
vn 0.141315 -0.380094 0.914089
vn 0.159339 -0.385609 0.908800
vn 0.347014 -0.486092 0.802057
vn 0.328789 -0.483043 0.811521
vn 0.526004 -0.548499 0.649976
vn 0.509319 -0.548358 0.663248
vn 0.663590 -0.577290 0.475800
vn 0.677296 -0.574527 0.459553
vn 0.775202 -0.575783 0.259877
vn 0.784727 -0.570584 0.242153
vn 0.849733 -0.527052 0.013004
vn 0.835975 -0.548477 0.017814
vn 0.832527 -0.553173 0.029972
vn 0.017976 -0.280509 0.959683
vn 0.015569 -0.254384 0.966978
vn 0.017631 -0.280143 0.959796
vn 0.033716 -0.286553 0.957471
vn 0.214775 -0.412773 0.885150
vn 0.196600 -0.407948 0.891587
vn 0.383969 -0.500391 0.776000
vn 0.401917 -0.502615 0.765402
vn 0.559009 -0.555060 0.615968
vn 0.575001 -0.554349 0.601724
vn 0.702804 -0.574716 0.419247
vn 0.715408 -0.571198 0.402399
vn 0.808336 -0.560570 0.179873
vn 0.800173 -0.566273 0.197632
vn 0.085891 -0.320697 0.943280
vn 0.068466 -0.314453 0.946801
vn 0.252304 -0.432904 0.865412
vn 0.270535 -0.437005 0.857810
vn 0.438198 -0.514620 0.736986
vn 0.455720 -0.516002 0.725301
vn 0.606244 -0.558941 0.565733
vn 0.621316 -0.557403 0.550699
vn 0.749714 -0.565763 0.343281
vn 0.738302 -0.569979 0.360603
vn 0.820638 -0.555386 0.134538
vn 0.827543 -0.549163 0.116587
vn 0.121774 -0.346521 0.930104
vn 0.139509 -0.352169 0.925480
vn 0.326349 -0.458171 0.826786
vn 0.308147 -0.454824 0.835572
vn 0.490922 -0.525821 0.694628
vn 0.507909 -0.526357 0.681892
vn 0.664688 -0.557865 0.496967
vn 0.650564 -0.560204 0.512775
vn 0.780056 -0.558219 0.282673
vn 0.769887 -0.563079 0.300361
vn 0.842073 -0.536745 0.053087
vn 0.836502 -0.543353 0.070932
vn 0.020172 -0.248210 0.968496
vn 0.002459 -0.228188 0.973614
vn 0.194371 -0.380798 0.903998
vn 0.176307 -0.375761 0.909791
vn 0.363569 -0.473707 0.802134
vn 0.381582 -0.476262 0.792193
vn 0.541783 -0.534085 0.649018
vn 0.558085 -0.533779 0.635312
vn 0.691664 -0.558939 0.457371
vn 0.704750 -0.555835 0.440880
vn 0.806164 -0.549034 0.220592
vn 0.797279 -0.554476 0.238543
vn 0.863796 -0.503812 -0.005509
vn 0.851271 -0.524509 0.015116
vn 0.050392 -0.278883 0.959002
vn 0.067380 -0.285155 0.956110
vn 0.249782 -0.406488 0.878850
vn 0.231601 -0.402139 0.885802
vn 0.435987 -0.491221 0.754067
vn 0.418317 -0.489484 0.765125
vn 0.605911 -0.538347 0.585708
vn 0.590341 -0.539486 0.600376
vn 0.741190 -0.551528 0.382694
vn 0.729209 -0.555359 0.399788
vn 0.827844 -0.538358 0.157623
vn 0.820235 -0.544341 0.175803
vn 0.120036 -0.317915 0.940490
vn 0.102582 -0.312157 0.944476
vn 0.287254 -0.425564 0.858126
vn 0.305469 -0.429191 0.849991
vn 0.471804 -0.502261 0.724662
vn 0.489010 -0.503170 0.712523
vn 0.636188 -0.542136 0.548957
vn 0.650923 -0.540181 0.533389
vn 0.762971 -0.549656 0.340226
vn 0.773767 -0.545149 0.322641
vn 0.838760 -0.532847 0.112055
vn 0.844972 -0.526480 0.094025
vn 0.156273 -0.342718 0.926349
vn 0.174054 -0.347894 0.921236
vn 0.360867 -0.448869 0.817491
vn 0.342838 -0.446016 0.826760
vn 0.523652 -0.512038 0.680886
vn 0.540281 -0.512116 0.667708
vn 0.679115 -0.542184 0.494812
vn 0.692812 -0.539454 0.478541
vn 0.802261 -0.536818 0.261157
vn 0.792673 -0.541964 0.279185
vn 0.857507 -0.513598 0.029980
vn 0.852566 -0.520401 0.048105
vn 0.032883 -0.242613 0.969566
vn 0.049509 -0.248912 0.967260
vn 0.228977 -0.375082 0.898267
vn 0.211000 -0.370547 0.904530
vn 0.397891 -0.463356 0.791823
vn 0.415716 -0.465428 0.781382
vn 0.573427 -0.518950 0.633934
vn 0.589364 -0.518205 0.619770
vn 0.731233 -0.536388 0.421410
vn 0.718636 -0.539853 0.438315
vn 0.826364 -0.526972 0.198553
vn 0.818154 -0.532620 0.216657
vn 0.100956 -0.282891 0.953824
vn 0.083826 -0.277060 0.957189
vn 0.284387 -0.399261 0.871616
vn 0.266318 -0.395408 0.879049
vn 0.469429 -0.478985 0.741762
vn 0.451935 -0.477717 0.753354
vn 0.635838 -0.521534 0.568957
vn 0.620796 -0.523080 0.583952
vn 0.765966 -0.531056 0.362320
vn 0.754585 -0.535196 0.379693
vn 0.846105 -0.515669 0.134881
vn 0.839162 -0.521846 0.153246
vn 0.136545 -0.308911 0.941238
vn 0.154046 -0.314200 0.936776
vn 0.321825 -0.417339 0.849857
vn 0.339858 -0.420465 0.841252
vn 0.521615 -0.489483 0.698802
vn 0.504651 -0.489035 0.711458
vn 0.679489 -0.522160 0.515406
vn 0.665348 -0.524491 0.531245
vn 0.796683 -0.523859 0.301444
vn 0.786545 -0.528626 0.319220
vn 0.861153 -0.503385 0.070847
vn 0.855545 -0.509980 0.089230
vn 0.015197 -0.201694 0.979331
vn 0.016595 -0.175133 0.984405
vn 0.032250 -0.212076 0.976721
vn 0.019741 -0.207232 0.978093
vn 0.208303 -0.342725 0.916051
vn 0.190516 -0.338026 0.921652
vn 0.377052 -0.436241 0.817022
vn 0.394937 -0.438615 0.807244
vn 0.571839 -0.497047 0.652644
vn 0.555558 -0.497414 0.666285
vn 0.706736 -0.523399 0.476002
vn 0.719829 -0.520324 0.459467
vn 0.823279 -0.514782 0.239188
vn 0.814402 -0.520135 0.257312
vn 0.868110 -0.495895 0.021722
vn 0.889606 -0.456313 0.019470
vn 0.867383 -0.497027 0.024736
vn 0.876999 -0.480412 0.008779
vn 0.065644 -0.241305 0.968227
vn 0.082356 -0.247149 0.965471
vn 0.245372 -0.364356 0.898353
vn 0.263298 -0.368406 0.891600
vn 0.449126 -0.453741 0.769678
vn 0.431573 -0.452151 0.780579
vn 0.604210 -0.503013 0.617987
vn 0.619769 -0.501840 0.603361
vn 0.744634 -0.520004 0.418469
vn 0.756675 -0.516202 0.401221
vn 0.845433 -0.504309 0.175829
vn 0.837810 -0.510220 0.194295
vn 0.134382 -0.279711 0.950633
vn 0.117209 -0.274348 0.954461
vn 0.300589 -0.387757 0.871373
vn 0.318615 -0.391134 0.863422
vn 0.485035 -0.465006 0.740615
vn 0.502107 -0.465798 0.728643
vn 0.650256 -0.505865 0.566806
vn 0.664982 -0.503899 0.551258
vn 0.789633 -0.509937 0.341239
vn 0.778809 -0.514391 0.358969
vn 0.863046 -0.492577 0.111888
vn 0.856850 -0.498854 0.130202
vn 0.017870 -0.173739 0.984630
vn 0.002335 -0.148380 0.988928
vn 0.170303 -0.304761 0.937079
vn 0.187800 -0.309573 0.932146
vn 0.373775 -0.410774 0.831599
vn 0.355926 -0.408137 0.840679
vn 0.536790 -0.474972 0.697321
vn 0.553403 -0.474968 0.684215
vn 0.693441 -0.506062 0.512875
vn 0.707125 -0.503345 0.496606
vn 0.818530 -0.501883 0.279505
vn 0.808942 -0.506953 0.297676
vn 0.871191 -0.486522 0.065747
vn 0.876114 -0.479786 0.047229
vn 0.064377 -0.210776 0.975412
vn 0.048103 -0.204951 0.977589
vn 0.224456 -0.332443 0.916025
vn 0.242241 -0.336671 0.909930
vn 0.428367 -0.427481 0.796092
vn 0.410709 -0.425591 0.806344
vn 0.586601 -0.482005 0.650823
vn 0.602541 -0.481201 0.636702
vn 0.733236 -0.503902 0.456561
vn 0.745868 -0.500458 0.439571
vn 0.843055 -0.492249 0.216678
vn 0.834818 -0.497833 0.235036
vn 0.098396 -0.239060 0.966006
vn 0.115152 -0.244443 0.962802
vn 0.297176 -0.360813 0.884025
vn 0.279374 -0.357253 0.891247
vn 0.464656 -0.439983 0.768446
vn 0.482020 -0.441105 0.757022
vn 0.649180 -0.484665 0.586230
vn 0.634152 -0.486244 0.601180
vn 0.780957 -0.495419 0.380350
vn 0.769480 -0.499544 0.397940
vn 0.863264 -0.481117 0.152648
vn 0.856330 -0.487207 0.171255
vn 0.150417 -0.270727 0.950832
vn 0.167604 -0.275620 0.946542
vn 0.352379 -0.382045 0.854325
vn 0.334535 -0.379162 0.862741
vn 0.517228 -0.451461 0.727089
vn 0.534084 -0.451798 0.714586
vn 0.693061 -0.485530 0.532849
vn 0.678878 -0.487878 0.548725
vn 0.801833 -0.493059 0.337575
vn 0.812098 -0.488297 0.319472
vn 0.878821 -0.468934 0.088170
vn 0.873211 -0.475467 0.106925
vn 0.031281 -0.168020 0.985287
vn 0.047081 -0.173788 0.983657
vn 0.221250 -0.304030 0.926614
vn 0.203796 -0.299698 0.932013
vn 0.407142 -0.400218 0.821012
vn 0.389432 -0.398056 0.830599
vn 0.584322 -0.459581 0.668845
vn 0.568159 -0.460028 0.682327
vn 0.720510 -0.486942 0.493714
vn 0.733638 -0.483870 0.477122
vn 0.839046 -0.479482 0.257098
vn 0.830132 -0.484781 0.275443
vn 0.890137 -0.455193 0.021341
vn 0.885488 -0.462770 0.041900
vn 0.096497 -0.208575 0.973234
vn 0.080122 -0.203188 0.975856
vn 0.258176 -0.325907 0.909467
vn 0.275808 -0.329634 0.902924
vn 0.443776 -0.414013 0.794768
vn 0.461207 -0.415429 0.784033
vn 0.616951 -0.465642 0.634468
vn 0.632395 -0.464416 0.619995
vn 0.758757 -0.483661 0.436303
vn 0.770760 -0.479903 0.419073
vn 0.861695 -0.469083 0.193505
vn 0.854061 -0.474921 0.212202
vn 0.130917 -0.235953 0.962905
vn 0.147779 -0.240896 0.959234
vn 0.312991 -0.349182 0.883237
vn 0.330732 -0.352268 0.875513
vn 0.514013 -0.427640 0.743582
vn 0.497073 -0.426988 0.755380
vn 0.677752 -0.466651 0.568234
vn 0.663110 -0.468641 0.583661
vn 0.793279 -0.478329 0.376710
vn 0.804054 -0.473944 0.358990
vn 0.873520 -0.463805 0.147809
vn 0.879736 -0.457584 0.129159
vn 0.030556 -0.136335 0.990191
vn 0.012817 -0.121567 0.992500
vn 0.020567 -0.132630 0.990952
vn 0.183377 -0.266212 0.946311
vn 0.200566 -0.270639 0.941556
vn 0.367928 -0.369658 0.853219
vn 0.385549 -0.372053 0.844351
vn 0.548820 -0.437001 0.712619
vn 0.565290 -0.436886 0.699699
vn 0.720113 -0.466339 0.513776
vn 0.706517 -0.469050 0.529930
vn 0.833375 -0.466016 0.297178
vn 0.823781 -0.471026 0.315467
vn 0.888401 -0.451517 0.082927
vn 0.893275 -0.444902 0.064207
vn 0.062479 -0.166735 0.984020
vn 0.078424 -0.172090 0.981955
vn 0.254488 -0.297568 0.920157
vn 0.237010 -0.293695 0.926051
vn 0.439915 -0.388711 0.809555
vn 0.422473 -0.387031 0.819587
vn 0.598744 -0.444103 0.666542
vn 0.614546 -0.443219 0.652603
vn 0.759174 -0.463656 0.456814
vn 0.746499 -0.467100 0.473874
vn 0.858367 -0.456539 0.234049
vn 0.850051 -0.462102 0.252737
vn 0.913143 -0.407590 0.006365
vn 0.901776 -0.432068 0.010830
vn 0.899403 -0.436657 0.020133
vn 0.111948 -0.200610 0.973254
vn 0.128392 -0.205555 0.970187
vn 0.309001 -0.321705 0.895000
vn 0.291417 -0.318447 0.902035
vn 0.476224 -0.401529 0.782294
vn 0.493375 -0.402476 0.771099
vn 0.661278 -0.446927 0.602468
vn 0.646231 -0.448567 0.617393
vn 0.783101 -0.462757 0.415463
vn 0.794598 -0.458655 0.397806
vn 0.879000 -0.445509 0.169942
vn 0.872068 -0.451519 0.188753
vn 0.012455 -0.094657 0.995432
vn 0.003674 -0.067660 0.997702
vn 0.017928 -0.097142 0.995109
vn 0.180157 -0.236432 0.954800
vn 0.163336 -0.231963 0.958913
vn 0.363742 -0.342857 0.866107
vn 0.346150 -0.340251 0.874305
vn 0.528690 -0.413058 0.741532
vn 0.545406 -0.413254 0.729215
vn 0.691142 -0.450288 0.565300
vn 0.705348 -0.447898 0.549428
vn 0.815821 -0.456505 0.355020
vn 0.826069 -0.451799 0.336878
vn 0.889421 -0.439938 0.124033
vn 0.895035 -0.433469 0.104965
vn 0.061029 -0.135094 0.988952
vn 0.045589 -0.129823 0.990489
vn 0.216117 -0.260776 0.940898
vn 0.233254 -0.264730 0.935687
vn 0.418261 -0.361142 0.833447
vn 0.400762 -0.359216 0.842825
vn 0.579545 -0.421713 0.697341
vn 0.595734 -0.421154 0.683909
vn 0.746088 -0.446538 0.493919
vn 0.732940 -0.449625 0.510525
vn 0.853383 -0.443184 0.274456
vn 0.844492 -0.448405 0.292859
vn 0.902195 -0.427310 0.058736
vn 0.906400 -0.420541 0.039803
vn 0.093581 -0.164646 0.981903
vn 0.109572 -0.169558 0.979410
vn 0.269881 -0.286853 0.919173
vn 0.287259 -0.290249 0.912818
vn 0.454836 -0.375117 0.807720
vn 0.472081 -0.376329 0.797192
vn 0.643715 -0.426240 0.635571
vn 0.628310 -0.427546 0.649947
vn 0.771514 -0.446501 0.453214
vn 0.783530 -0.442750 0.435951
vn 0.868834 -0.438768 0.229370
vn 0.876470 -0.432999 0.210505
vn 0.143682 -0.197139 0.969789
vn 0.160188 -0.201645 0.966271
vn 0.341740 -0.312910 0.886172
vn 0.324245 -0.310123 0.893694
vn 0.524764 -0.388685 0.757328
vn 0.507933 -0.388200 0.768963
vn 0.674640 -0.430664 0.599490
vn 0.689232 -0.428621 0.584160
vn 0.806273 -0.441323 0.393900
vn 0.817169 -0.436921 0.375945
vn 0.894971 -0.421592 0.145898
vn 0.888694 -0.427800 0.164953
vn 0.029492 -0.092430 0.995282
vn 0.044431 -0.097602 0.994233
vn 0.195401 -0.227111 0.954064
vn 0.212330 -0.231152 0.949466
vn 0.378740 -0.330469 0.864492
vn 0.396215 -0.332606 0.855796
vn 0.559620 -0.398281 0.726772
vn 0.575934 -0.398029 0.714054
vn 0.718117 -0.431296 0.546160
vn 0.731730 -0.428549 0.530016
vn 0.846836 -0.429132 0.314189
vn 0.837210 -0.434109 0.332610
vn 0.908935 -0.409072 0.080606
vn 0.904074 -0.415608 0.099595
vn 0.091407 -0.133032 0.986888
vn 0.075875 -0.128179 0.988844
vn 0.265600 -0.257959 0.928931
vn 0.248484 -0.254464 0.934614
vn 0.450304 -0.349363 0.821688
vn 0.433056 -0.347913 0.831516
vn 0.609492 -0.405615 0.681173
vn 0.625145 -0.404631 0.667434
vn 0.758479 -0.429326 0.490296
vn 0.771089 -0.425886 0.473332
vn 0.872242 -0.419744 0.251016
vn 0.863915 -0.425252 0.269837
vn 0.914669 -0.402762 0.034114
vn 0.923836 -0.382552 0.013449
vn 0.917061 -0.398174 0.021357
vn 0.124581 -0.161671 0.978949
vn 0.140634 -0.166152 0.976020
vn 0.302373 -0.279085 0.911417
vn 0.319611 -0.282001 0.904613
vn 0.486490 -0.362417 0.794972
vn 0.503523 -0.363170 0.783947
vn 0.672014 -0.408402 0.617742
vn 0.657039 -0.410121 0.632535
vn 0.795290 -0.425282 0.432028
vn 0.806717 -0.421218 0.414467
vn 0.886323 -0.414948 0.205549
vn 0.893205 -0.409052 0.186711
vn 0.040597 -0.018625 0.999002
vn 0.028675 -0.059760 0.997801
vn 0.020324 -0.056840 0.998176
vn 0.010944 -0.040604 0.999115
vn 0.019211 -0.019213 0.999631
vn 0.175189 -0.192841 0.965464
vn 0.191632 -0.196881 0.961517
vn 0.356637 -0.300909 0.884457
vn 0.373907 -0.303214 0.876502
vn 0.538883 -0.374005 0.754802
vn 0.555466 -0.374037 0.742667
vn 0.716125 -0.409585 0.565160
vn 0.702060 -0.412009 0.580828
vn 0.838594 -0.414473 0.353513
vn 0.828345 -0.419148 0.371699
vn 0.904153 -0.403412 0.140591
vn 0.909737 -0.397045 0.121386
vn 0.058885 -0.091255 0.994085
vn 0.073948 -0.096028 0.992628
vn 0.227317 -0.221407 0.948317
vn 0.244133 -0.224972 0.943285
vn 0.428142 -0.321425 0.844618
vn 0.410889 -0.319761 0.853770
vn 0.589643 -0.382703 0.711238
vn 0.605691 -0.382010 0.698002
vn 0.757226 -0.408300 0.509803
vn 0.744088 -0.411421 0.526370
vn 0.857322 -0.411237 0.309649
vn 0.866300 -0.406014 0.290994
vn 0.917332 -0.390993 0.075006
vn 0.921513 -0.384313 0.055832
vn 0.121689 -0.130151 0.983998
vn 0.106066 -0.125712 0.986381
vn 0.297583 -0.250361 0.921284
vn 0.280468 -0.247317 0.927455
vn 0.464664 -0.335751 0.819365
vn 0.481632 -0.336736 0.809098
vn 0.653728 -0.387289 0.650113
vn 0.638422 -0.388698 0.664328
vn 0.782774 -0.408542 0.469424
vn 0.794854 -0.404760 0.452080
vn 0.889791 -0.395883 0.227041
vn 0.882104 -0.401628 0.246144
vn 0.933819 -0.357637 -0.008774
vn 0.928949 -0.369743 0.018533
vn 0.171469 -0.161918 0.971793
vn 0.155384 -0.157874 0.975157
vn 0.351535 -0.272889 0.895519
vn 0.334372 -0.270432 0.902808
vn 0.517534 -0.348824 0.781332
vn 0.534209 -0.349118 0.769895
vn 0.684768 -0.391982 0.614363
vn 0.699332 -0.389858 0.599121
vn 0.817925 -0.403382 0.410221
vn 0.828802 -0.398997 0.392286
vn 0.908740 -0.384552 0.162211
vn 0.902445 -0.390710 0.181490
vn 0.042743 -0.053969 0.997627
vn 0.067653 -0.017690 0.997552
vn 0.041381 -0.019163 0.998960
vn 0.057253 -0.058617 0.996637
vn 0.206444 -0.187622 0.960302
vn 0.222926 -0.191225 0.955896
vn 0.405645 -0.292633 0.865920
vn 0.388455 -0.290785 0.874384
vn 0.585275 -0.358615 0.727220
vn 0.569068 -0.359026 0.739772
vn 0.728425 -0.392601 0.561481
vn 0.742025 -0.389795 0.545398
vn 0.858746 -0.391486 0.330596
vn 0.849162 -0.396409 0.348974
vn 0.918236 -0.378705 0.115864
vn 0.923084 -0.372250 0.096671
vn 0.088275 -0.089264 0.992088
vn 0.103371 -0.093614 0.990228
vn 0.258835 -0.214811 0.941733
vn 0.275550 -0.217911 0.936262
vn 0.442334 -0.308253 0.842212
vn 0.459402 -0.309456 0.832579
vn 0.618829 -0.366403 0.694838
vn 0.634456 -0.365284 0.681200
vn 0.768954 -0.390931 0.505849
vn 0.781477 -0.387481 0.489031
vn 0.884552 -0.382221 0.267348
vn 0.876276 -0.387648 0.286127
vn 0.929313 -0.365895 0.049976
vn 0.932781 -0.359129 0.030749
vn 0.136167 -0.122415 0.983094
vn 0.151775 -0.126415 0.980298
vn 0.329085 -0.241893 0.912793
vn 0.312115 -0.239318 0.919408
vn 0.512364 -0.323258 0.795605
vn 0.495563 -0.322726 0.806390
vn 0.681315 -0.369222 0.632048
vn 0.666453 -0.371037 0.646662
vn 0.817477 -0.382924 0.430233
vn 0.806015 -0.387013 0.447840
vn 0.899002 -0.377554 0.221922
vn 0.905956 -0.371657 0.202769
vn 0.202069 -0.156866 0.966727
vn 0.185948 -0.153250 0.970535
vn 0.365858 -0.260978 0.893330
vn 0.382911 -0.262976 0.885563
vn 0.564122 -0.334229 0.755021
vn 0.547764 -0.334383 0.766904
vn 0.725600 -0.370572 0.579812
vn 0.711558 -0.373077 0.595398
vn 0.839354 -0.380949 0.387765
vn 0.849631 -0.376273 0.369522
vn 0.922897 -0.359711 0.137368
vn 0.917311 -0.366014 0.156760
vn 0.094652 -0.016394 0.995375
vn 0.085826 -0.056658 0.994698
vn 0.069034 -0.018632 0.997440
vn 0.071237 -0.052409 0.996082
vn 0.253838 -0.184784 0.949432
vn 0.237360 -0.181622 0.954292
vn 0.419769 -0.279833 0.863416
vn 0.436675 -0.281209 0.854539
vn 0.614234 -0.342377 0.710982
vn 0.598399 -0.343221 0.723959
vn 0.766825 -0.369382 0.524916
vn 0.753708 -0.372558 0.541410
vn 0.868679 -0.373174 0.325787
vn 0.877726 -0.367941 0.306948
vn 0.930939 -0.353673 0.090923
vn 0.935127 -0.347036 0.071437
vn 0.117510 -0.086454 0.989301
vn 0.132710 -0.090407 0.987023
vn 0.289927 -0.207352 0.934316
vn 0.306635 -0.210012 0.928369
vn 0.489958 -0.296612 0.819733
vn 0.473197 -0.295870 0.829786
vn 0.647138 -0.349252 0.677670
vn 0.662310 -0.347720 0.663654
vn 0.804679 -0.365965 0.467505
vn 0.792639 -0.369770 0.484761
vn 0.893818 -0.363742 0.262261
vn 0.901502 -0.358049 0.243095
vn 0.951852 -0.306372 0.010699
vn 0.943195 -0.332029 0.011842
vn 0.939878 -0.340615 0.024725
vn 0.940293 -0.339654 0.021990
vn 0.165956 -0.118319 0.979009
vn 0.181632 -0.121908 0.975781
vn 0.343317 -0.230412 0.910518
vn 0.360057 -0.232516 0.903491
vn 0.542295 -0.308979 0.781312
vn 0.525811 -0.308900 0.792530
vn 0.707969 -0.350402 0.613187
vn 0.693503 -0.352624 0.628259
vn 0.828054 -0.364849 0.425690
vn 0.838893 -0.360468 0.407825
vn 0.920889 -0.346812 0.178002
vn 0.914612 -0.352896 0.197354
vn 0.216242 -0.147828 0.965083
vn 0.232332 -0.151005 0.960843
vn 0.413779 -0.252184 0.874752
vn 0.396886 -0.250645 0.882983
vn 0.593210 -0.318610 0.739316
vn 0.577128 -0.319203 0.751687
vn 0.750779 -0.350558 0.559858
vn 0.737289 -0.353426 0.575755
vn 0.869157 -0.353034 0.346313
vn 0.859562 -0.357952 0.364724
vn 0.935648 -0.334617 0.112227
vn 0.930770 -0.341050 0.131725
vn 0.096624 -0.017760 0.995163
vn 0.121558 -0.014684 0.992476
vn 0.114253 -0.053953 0.991986
vn 0.099575 -0.050093 0.993768
vn 0.267951 -0.174802 0.947442
vn 0.284339 -0.177516 0.942146
vn 0.450371 -0.268033 0.851660
vn 0.467139 -0.268959 0.842284
vn 0.642331 -0.325347 0.693946
vn 0.626858 -0.326617 0.707369
vn 0.790444 -0.348282 0.503883
vn 0.777958 -0.351782 0.520606
vn 0.887027 -0.349361 0.301876
vn 0.895297 -0.343969 0.283070
vn 0.942286 -0.328336 0.065510
vn 0.945750 -0.321623 0.045998
vn 0.161746 -0.086453 0.983038
vn 0.146529 -0.082916 0.985725
vn 0.337298 -0.201298 0.919625
vn 0.320645 -0.199082 0.926042
vn 0.519850 -0.282885 0.806059
vn 0.503360 -0.282595 0.816559
vn 0.674476 -0.331319 0.659780
vn 0.689184 -0.329385 0.645392
vn 0.826680 -0.343813 0.445413
vn 0.815258 -0.347924 0.462929
vn 0.917153 -0.333343 0.218435
vn 0.910174 -0.339215 0.237733
vn 0.211220 -0.116613 0.970457
vn 0.195526 -0.113446 0.974115
vn 0.373845 -0.220706 0.900849
vn 0.390601 -0.222375 0.893297
vn 0.571362 -0.293938 0.766254
vn 0.555231 -0.294297 0.777887
vn 0.719610 -0.333461 0.609069
vn 0.733572 -0.330858 0.593638
vn 0.859088 -0.337414 0.384863
vn 0.848870 -0.342075 0.402994
vn 0.928826 -0.327962 0.172403
vn 0.934407 -0.321722 0.152901
vn 0.246256 -0.141554 0.958812
vn 0.262266 -0.144288 0.954147
vn 0.443955 -0.240598 0.863143
vn 0.427302 -0.239515 0.871806
vn 0.605818 -0.303107 0.735602
vn 0.621408 -0.302089 0.722907
vn 0.774937 -0.329874 0.539125
vn 0.761872 -0.333125 0.555499
vn 0.878480 -0.334403 0.341243
vn 0.887518 -0.329186 0.322410
vn 0.942904 -0.315633 0.106343
vn 0.947068 -0.309088 0.086757
vn 0.148376 -0.012542 0.988851
vn 0.124196 -0.016593 0.992119
vn 0.127768 -0.047029 0.990689
vn 0.142464 -0.050483 0.988512
vn 0.298167 -0.167120 0.939770
vn 0.314460 -0.169389 0.934035
vn 0.480383 -0.255427 0.839041
vn 0.496926 -0.255902 0.829204
vn 0.654410 -0.309266 0.690001
vn 0.669473 -0.307583 0.676165
vn 0.813007 -0.326550 0.482064
vn 0.800958 -0.330419 0.499289
vn 0.911678 -0.319429 0.258472
vn 0.903970 -0.325110 0.277745
vn 0.959712 -0.280517 0.016241
vn 0.952271 -0.302641 0.039856
vn 0.954730 -0.296622 0.022487
vn 0.175417 -0.078532 0.981357
vn 0.190554 -0.081637 0.978276
vn 0.367298 -0.191806 0.910111
vn 0.350872 -0.190050 0.916935
vn 0.548924 -0.268395 0.791610
vn 0.532745 -0.268547 0.802537
vn 0.700819 -0.312623 0.641187
vn 0.715119 -0.310289 0.626360
vn 0.847469 -0.321192 0.422648
vn 0.836560 -0.325637 0.440599
vn 0.925126 -0.314369 0.212872
vn 0.931407 -0.308328 0.193427
vn 0.224880 -0.107746 0.968411
vn 0.240538 -0.110487 0.964331
vn 0.404073 -0.210121 0.890267
vn 0.420510 -0.211325 0.882334
vn 0.583877 -0.278818 0.762462
vn 0.599771 -0.278019 0.750320
vn 0.758029 -0.310656 0.573485
vn 0.744629 -0.313616 0.589213
vn 0.868347 -0.318925 0.379816
vn 0.877998 -0.313967 0.361309
vn 0.946578 -0.296260 0.127360
vn 0.941675 -0.302672 0.147097
vn 0.291841 -0.136766 0.946638
vn 0.275868 -0.134463 0.951744
vn 0.473526 -0.228121 0.850725
vn 0.457124 -0.227491 0.859817
vn 0.633450 -0.286295 0.718871
vn 0.648713 -0.284856 0.705712
vn 0.797841 -0.308561 0.517919
vn 0.785447 -0.312120 0.534465
vn 0.896157 -0.310386 0.317115
vn 0.904466 -0.304980 0.298208
vn 0.953640 -0.289931 0.080689
vn 0.957100 -0.283271 0.060963
vn 0.175157 -0.009888 0.984491
vn 0.155767 -0.043186 0.986849
vn 0.170557 -0.046258 0.984262
vn 0.151753 -0.015188 0.988302
vn 0.327934 -0.158620 0.931289
vn 0.344085 -0.160442 0.925129
vn 0.509704 -0.242018 0.825608
vn 0.525940 -0.242049 0.815352
vn 0.681018 -0.291159 0.671894
vn 0.695631 -0.289076 0.657672
vn 0.822899 -0.308420 0.477193
vn 0.834244 -0.304278 0.459839
vn 0.919655 -0.300423 0.252943
vn 0.926654 -0.294565 0.233547
vn 0.967069 -0.254505 -0.002320
vn 0.962252 -0.271458 0.019559
vn 0.203916 -0.073374 0.976235
vn 0.219165 -0.076091 0.972716
vn 0.396985 -0.181357 0.899729
vn 0.380658 -0.180043 0.907019
vn 0.577248 -0.253106 0.776352
vn 0.561339 -0.253696 0.787742
vn 0.739988 -0.290594 0.606608
vn 0.726111 -0.293319 0.621874
vn 0.866908 -0.298010 0.399575
vn 0.856761 -0.302674 0.417550
vn 0.944295 -0.282946 0.168075
vn 0.938714 -0.289139 0.187655
vn 0.253889 -0.101257 0.961919
vn 0.269466 -0.103569 0.957424
vn 0.449868 -0.199528 0.870522
vn 0.433507 -0.198760 0.878958
vn 0.611690 -0.262663 0.746220
vn 0.627144 -0.261445 0.733715
vn 0.768503 -0.293104 0.568765
vn 0.781487 -0.289762 0.552555
vn 0.886707 -0.295029 0.355962
vn 0.895663 -0.289847 0.337308
vn 0.957350 -0.270486 0.101577
vn 0.953176 -0.276996 0.121361
vn 0.305060 -0.126608 0.943880
vn 0.320986 -0.128485 0.938328
vn 0.502429 -0.214902 0.837485
vn 0.486195 -0.214711 0.847062
vn 0.675106 -0.266973 0.687718
vn 0.660145 -0.268833 0.701382
vn 0.807727 -0.290551 0.512989
vn 0.819694 -0.286621 0.495934
vn 0.920164 -0.280213 0.273459
vn 0.912487 -0.285860 0.292662
vn 0.965732 -0.257187 0.034881
vn 0.962985 -0.263943 0.054726
vn 0.198269 -0.041268 0.979278
vn 0.201723 -0.006570 0.979421
vn 0.179350 -0.013621 0.983691
vn 0.183586 -0.038617 0.982245
vn 0.373324 -0.150748 0.915371
vn 0.357143 -0.149346 0.922033
vn 0.538218 -0.227846 0.811423
vn 0.554181 -0.227440 0.800721
vn 0.720744 -0.269947 0.638480
vn 0.706557 -0.272424 0.653118
vn 0.854392 -0.281382 0.436850
vn 0.843515 -0.285874 0.454706
vn 0.940265 -0.269278 0.208303
vn 0.933984 -0.275290 0.227793
vn 0.232224 -0.067478 0.970319
vn 0.247441 -0.069783 0.966387
vn 0.409733 -0.169423 0.896334
vn 0.425931 -0.170302 0.888583
vn 0.604735 -0.237095 0.760317
vn 0.589122 -0.238114 0.772164
vn 0.750356 -0.273395 0.601848
vn 0.763732 -0.270302 0.586216
vn 0.885244 -0.274219 0.375696
vn 0.875565 -0.279228 0.394231
vn 0.955826 -0.257229 0.142235
vn 0.950904 -0.263620 0.162131
vn 0.282474 -0.093995 0.954659
vn 0.297975 -0.095886 0.949746
vn 0.478490 -0.186992 0.857952
vn 0.462378 -0.186664 0.866812
vn 0.653564 -0.244126 0.716419
vn 0.638543 -0.245752 0.729294
vn 0.803664 -0.268364 0.531135
vn 0.791298 -0.272027 0.547584
vn 0.903658 -0.270800 0.331768
vn 0.911984 -0.265371 0.312833
vn 0.966732 -0.244388 0.075521
vn 0.963277 -0.250996 0.095390
vn 0.333872 -0.117953 0.935209
vn 0.349570 -0.119391 0.929272
vn 0.514627 -0.201154 0.833484
vn 0.530529 -0.200910 0.823513
vn 0.700401 -0.248320 0.669160
vn 0.686043 -0.250553 0.683057
vn 0.840234 -0.264192 0.473508
vn 0.828922 -0.268408 0.490760
vn 0.927502 -0.260904 0.267709
vn 0.934501 -0.255058 0.248303
vn 0.971750 -0.235110 0.020615
vn 0.979335 -0.201841 0.012762
vn 0.973557 -0.228078 0.012921
vn 0.970893 -0.237808 0.028526
vn 0.228156 -0.002278 0.973622
vn 0.211115 -0.033222 0.976896
vn 0.207035 -0.012339 0.978256
vn 0.225782 -0.035475 0.973532
vn 0.385990 -0.139304 0.911924
vn 0.401819 -0.140258 0.904914
vn 0.581608 -0.212044 0.785347
vn 0.565988 -0.212876 0.796455
vn 0.744790 -0.250089 0.618663
vn 0.731134 -0.252932 0.633616
vn 0.873140 -0.257995 0.413599
vn 0.863034 -0.262701 0.431463
vn 0.946908 -0.249829 0.202365
vn 0.952478 -0.243677 0.182778
vn 0.275298 -0.062701 0.959312
vn 0.260200 -0.060816 0.963638
vn 0.438395 -0.157889 0.884806
vn 0.454272 -0.158328 0.876681
vn 0.616059 -0.221819 0.755823
vn 0.631287 -0.220386 0.743577
vn 0.786359 -0.249230 0.565265
vn 0.773596 -0.252654 0.581132
vn 0.893202 -0.255300 0.370151
vn 0.902170 -0.250076 0.351500
vn 0.965952 -0.231169 0.116179
vn 0.961770 -0.237650 0.136094
vn 0.326117 -0.087416 0.941279
vn 0.310669 -0.085941 0.946625
vn 0.506465 -0.173629 0.844598
vn 0.490597 -0.173736 0.853892
vn 0.664482 -0.228023 0.711666
vn 0.679193 -0.225982 0.698305
vn 0.824744 -0.246280 0.509062
vn 0.812901 -0.250280 0.525881
vn 0.926991 -0.240443 0.287879
vn 0.919311 -0.246105 0.307082
vn 0.971941 -0.224812 0.069205
vn 0.974678 -0.218121 0.049251
vn 0.377789 -0.109499 0.919394
vn 0.362116 -0.108480 0.925799
vn 0.557901 -0.186148 0.808762
vn 0.542252 -0.186820 0.819183
vn 0.710739 -0.231644 0.664222
vn 0.724767 -0.229006 0.649822
vn 0.859679 -0.241115 0.450351
vn 0.848852 -0.245674 0.468076
vn 0.947430 -0.229650 0.222793
vn 0.941114 -0.235683 0.242402
vn 0.254447 0.004960 0.967074
vn 0.238291 -0.027113 0.970815
vn 0.252976 -0.028976 0.967038
vn 0.264058 -0.021078 0.964276
vn 0.235098 -0.012667 0.971889
vn 0.429929 -0.128954 0.893606
vn 0.414127 -0.128423 0.901114
vn 0.592861 -0.197213 0.780783
vn 0.608202 -0.195958 0.769215
vn 0.767851 -0.229473 0.598120
vn 0.754639 -0.232692 0.613494
vn 0.881147 -0.239035 0.407973
vn 0.890717 -0.234021 0.389689
vn 0.958466 -0.223932 0.176630
vn 0.963367 -0.217596 0.156769
vn 0.280518 -0.018688 0.959667
vn 0.287708 -0.053410 0.956228
vn 0.279241 -0.019910 0.960015
vn 0.302786 -0.054894 0.951476
vn 0.466198 -0.145679 0.872604
vn 0.482017 -0.145691 0.863964
vn 0.656946 -0.202912 0.726119
vn 0.642108 -0.204752 0.738765
vn 0.807837 -0.227665 0.543662
vn 0.795536 -0.231448 0.559960
vn 0.917791 -0.225361 0.326912
vn 0.909520 -0.230792 0.345700
vn 0.974643 -0.204897 0.089937
vn 0.971189 -0.211460 0.109893
vn 0.338421 -0.077153 0.937827
vn 0.353715 -0.078208 0.932078
vn 0.518043 -0.160111 0.840236
vn 0.533669 -0.159579 0.830501
vn 0.703648 -0.207285 0.679642
vn 0.689468 -0.209701 0.693296
vn 0.833334 -0.227971 0.503571
vn 0.844574 -0.223669 0.486484
vn 0.933609 -0.221067 0.281963
vn 0.940596 -0.215220 0.262601
vn 0.984403 -0.175035 0.017694
vn 0.981155 -0.191795 0.023459
vn 0.979206 -0.198311 0.042769
vn 0.405356 -0.098945 0.908789
vn 0.389838 -0.098345 0.915617
vn 0.584380 -0.170679 0.793327
vn 0.569101 -0.171767 0.804127
vn 0.748092 -0.209030 0.629813
vn 0.734518 -0.212046 0.644608
vn 0.867628 -0.222401 0.444701
vn 0.877731 -0.217610 0.426889
vn 0.953401 -0.209952 0.216674
vn 0.958992 -0.203785 0.196995
vn 0.457191 -0.116965 0.881644
vn 0.441737 -0.116859 0.889501
vn 0.618994 -0.180726 0.764320
vn 0.633904 -0.179066 0.752397
vn 0.776952 -0.212065 0.592768
vn 0.789647 -0.208497 0.577050
vn 0.897987 -0.215023 0.383907
vn 0.907005 -0.209707 0.365191
vn 0.972802 -0.191363 0.130524
vn 0.968614 -0.197822 0.150508
vn 0.332105 -0.010552 0.943183
vn 0.306367 -0.015718 0.951784
vn 0.306601 -0.015411 0.951713
vn 0.314895 -0.045238 0.948048
vn 0.329832 -0.046311 0.942903
vn 0.493551 -0.132646 0.859542
vn 0.508961 -0.132236 0.850572
vn 0.667177 -0.187036 0.721036
vn 0.681646 -0.184794 0.707961
vn 0.816384 -0.209639 0.538116
vn 0.828150 -0.205524 0.521466
vn 0.932067 -0.200362 0.301838
vn 0.924403 -0.206046 0.320973
vn 0.979172 -0.185057 0.083520
vn 0.981920 -0.178374 0.063374
vn 0.365629 -0.067626 0.928301
vn 0.380783 -0.068269 0.922141
vn 0.560080 -0.144728 0.815699
vn 0.544817 -0.145676 0.825805
vn 0.727187 -0.187875 0.660228
vn 0.713366 -0.190688 0.674349
vn 0.863239 -0.200427 0.463301
vn 0.852553 -0.205043 0.480740
vn 0.952874 -0.189457 0.236933
vn 0.946583 -0.195479 0.256455
vn 0.988923 -0.148428 -0.000280
vn 0.985602 -0.167871 0.020177
vn 0.432373 -0.087594 0.897430
vn 0.417052 -0.087412 0.904670
vn 0.610167 -0.154509 0.777060
vn 0.595040 -0.156025 0.788406
vn 0.770202 -0.188548 0.609294
vn 0.757186 -0.191908 0.624372
vn 0.885013 -0.198697 0.421036
vn 0.894498 -0.193641 0.402960
vn 0.969146 -0.177666 0.170856
vn 0.964242 -0.183996 0.190744
vn 0.484021 -0.104203 0.868830
vn 0.468588 -0.104517 0.877212
vn 0.644088 -0.163632 0.747245
vn 0.658651 -0.161571 0.734897
vn 0.798208 -0.190680 0.571406
vn 0.810323 -0.186790 0.555415
vn 0.913600 -0.190518 0.359218
vn 0.921849 -0.185042 0.340520
vn 0.980794 -0.164975 0.104047
vn 0.977321 -0.171546 0.124159
vn 0.356348 -0.037026 0.933620
vn 0.357520 -0.004514 0.933895
vn 0.334377 -0.012681 0.942354
vn 0.341547 -0.036356 0.939161
vn 0.519987 -0.118917 0.845856
vn 0.535276 -0.118085 0.836383
vn 0.705282 -0.166020 0.689213
vn 0.691311 -0.168635 0.702603
vn 0.847268 -0.182819 0.498713
vn 0.836064 -0.187248 0.515688
vn 0.945016 -0.174791 0.276394
vn 0.938057 -0.180654 0.295658
vn 0.985717 -0.158518 0.056875
vn 0.987734 -0.151776 0.036679
vn 0.407518 -0.016766 0.913043
vn 0.392338 -0.057330 0.918033
vn 0.407356 -0.057565 0.911453
vn 0.585618 -0.129260 0.800215
vn 0.570649 -0.130617 0.810739
vn 0.749618 -0.167901 0.640220
vn 0.736276 -0.171078 0.654699
vn 0.880547 -0.176895 0.439710
vn 0.870477 -0.181784 0.457410
vn 0.958111 -0.169730 0.230686
vn 0.963710 -0.163543 0.210990
vn 0.443645 -0.075741 0.892997
vn 0.458652 -0.075511 0.885402
vn 0.634892 -0.137629 0.760244
vn 0.620324 -0.139524 0.771836
vn 0.791260 -0.167303 0.588148
vn 0.778768 -0.171005 0.603555
vn 0.901153 -0.174398 0.396873
vn 0.910025 -0.169080 0.378506
vn 0.977859 -0.151359 0.144508
vn 0.973674 -0.157802 0.164490
vn 0.494927 -0.091484 0.864106
vn 0.509956 -0.090763 0.855399
vn 0.682474 -0.143397 0.716705
vn 0.668280 -0.145854 0.729472
vn 0.829837 -0.164487 0.533212
vn 0.818263 -0.168701 0.549532
vn 0.935461 -0.159706 0.315290
vn 0.927836 -0.165427 0.334297
vn 0.984617 -0.144964 0.097542
vn 0.987355 -0.138333 0.077419
vn 0.382661 0.006426 0.923866
vn 0.389775 -0.019913 0.920695
vn 0.367683 -0.026761 0.929566
vn 0.363002 -0.012449 0.931705
vn 0.382393 -0.027034 0.923604
vn 0.560660 -0.103304 0.821577
vn 0.545759 -0.104536 0.831396
vn 0.727923 -0.146607 0.669802
vn 0.714360 -0.149602 0.683600
vn 0.854499 -0.164404 0.492751
vn 0.865080 -0.159695 0.475535
vn 0.956528 -0.149123 0.250631
vn 0.950232 -0.155186 0.270143
vn 0.995406 -0.094801 0.013412
vn 0.992511 -0.121423 0.013367
vn 0.990845 -0.131627 0.030020
vn 0.991506 -0.128436 0.020483
vn 0.433344 -0.046201 0.900044
vn 0.418444 -0.046372 0.907058
vn 0.408120 -0.017144 0.912767
vn 0.432091 -0.010174 0.901772
vn 0.610484 -0.112970 0.783931
vn 0.595753 -0.114742 0.794929
vn 0.770993 -0.147240 0.619589
vn 0.758141 -0.150773 0.634420
vn 0.887130 -0.158026 0.433621
vn 0.896632 -0.152845 0.415560
vn 0.968237 -0.143699 0.204616
vn 0.973138 -0.137362 0.184752
vn 0.484421 -0.062724 0.872584
vn 0.469468 -0.063365 0.880673
vn 0.480189 -0.019180 0.876955
vn 0.658741 -0.120111 0.742721
vn 0.644472 -0.122408 0.754766
vn 0.811169 -0.145612 0.566394
vn 0.799128 -0.149670 0.582231
vn 0.924236 -0.144266 0.353519
vn 0.915925 -0.149874 0.372316
vn 0.985160 -0.124720 0.117921
vn 0.981697 -0.131262 0.137990
vn 0.535201 -0.076579 0.841246
vn 0.520421 -0.077705 0.850367
vn 0.705248 -0.124659 0.697915
vn 0.691489 -0.127490 0.711048
vn 0.837063 -0.146340 0.527173
vn 0.848129 -0.141797 0.510461
vn 0.947611 -0.134360 0.289796
vn 0.940651 -0.140284 0.309025
vn 0.990472 -0.118132 0.070789
vn 0.992491 -0.111406 0.050511
vn 0.585330 -0.087721 0.806036
vn 0.570721 -0.089356 0.816268
vn 0.736436 -0.129874 0.663924
vn 0.749534 -0.126516 0.649763
vn 0.871678 -0.141003 0.469357
vn 0.881617 -0.136036 0.451935
vn 0.966640 -0.123149 0.224593
vn 0.961047 -0.129365 0.244241
vn 0.458572 -0.034127 0.888002
vn 0.436129 -0.013730 0.899779
vn 0.468965 -0.022146 0.882939
vn 0.444020 -0.034693 0.895345
vn 0.456477 -0.001767 0.889734
vn 0.619970 -0.098348 0.778437
vn 0.634274 -0.096194 0.767101
vn 0.791155 -0.126127 0.598470
vn 0.778844 -0.129989 0.613600
vn 0.911310 -0.128359 0.391200
vn 0.902561 -0.133719 0.409271
vn 0.981155 -0.110804 0.158298
vn 0.976983 -0.117240 0.178211
vn 0.482937 -0.020455 0.875416
vn 0.494780 -0.050282 0.867562
vn 0.509378 -0.049246 0.859133
vn 0.503922 -0.011599 0.863671
vn 0.681618 -0.102003 0.724564
vn 0.667727 -0.104684 0.737009
vn 0.818392 -0.127779 0.560274
vn 0.829802 -0.123434 0.544236
vn 0.929463 -0.124832 0.347153
vn 0.936981 -0.119104 0.328453
vn 0.988274 -0.104526 0.111308
vn 0.991016 -0.097892 0.091132
vn 0.545173 -0.063237 0.835935
vn 0.559687 -0.061710 0.826403
vn 0.549819 -0.018816 0.835072
vn 0.713756 -0.108353 0.691962
vn 0.727032 -0.105161 0.678502
vn 0.865165 -0.118517 0.487282
vn 0.854744 -0.123323 0.504186
vn 0.952148 -0.114608 0.283336
vn 0.958387 -0.108538 0.264033
vn 0.997549 -0.067601 0.018086
vn 0.994859 -0.091281 0.043856
vn 0.996134 -0.084580 0.023739
vn 0.594831 -0.073554 0.800479
vn 0.609090 -0.071530 0.789868
vn 0.757351 -0.109726 0.643723
vn 0.770017 -0.106006 0.629155
vn 0.887573 -0.117057 0.445547
vn 0.896932 -0.111807 0.427798
vn 0.970485 -0.103073 0.218023
vn 0.975369 -0.096718 0.198245
vn 0.643287 -0.081191 0.761308
vn 0.657128 -0.078670 0.749663
vn 0.798359 -0.108703 0.592290
vn 0.810237 -0.104482 0.576714
vn 0.924776 -0.103416 0.366188
vn 0.916546 -0.109088 0.384763
vn 0.984258 -0.090691 0.151697
vn 0.987728 -0.084123 0.131593
vn 0.519207 -0.036594 0.853865
vn 0.510557 -0.015929 0.859697
vn 0.543332 -0.021744 0.839236
vn 0.533635 -0.035158 0.844984
vn 0.527096 -0.001686 0.849804
vn 0.690084 -0.086231 0.718573
vn 0.703579 -0.083173 0.705733
vn 0.836383 -0.105385 0.537919
vn 0.847354 -0.100686 0.521396
vn 0.941504 -0.099556 0.321962
vn 0.948440 -0.093560 0.302834
vn 0.993388 -0.077733 0.084481
vn 0.995407 -0.071019 0.064192
vn 0.557393 -0.021251 0.829977
vn 0.583358 -0.046279 0.810896
vn 0.572299 -0.009999 0.819984
vn 0.569078 -0.048203 0.820870
vn 0.747688 -0.085283 0.658551
vn 0.734834 -0.088835 0.672404
vn 0.880976 -0.094869 0.463553
vn 0.871066 -0.099993 0.480880
vn 0.967796 -0.082309 0.237898
vn 0.962232 -0.088558 0.257422
vn 0.997942 -0.060804 0.020367
vn 0.999175 -0.040606 0.000149
vn 0.999584 -0.020394 0.020394
vn 0.618010 -0.057177 0.784088
vn 0.632032 -0.054753 0.773006
vn 0.615806 -0.016415 0.787727
vn 0.777233 -0.088960 0.622892
vn 0.789301 -0.084936 0.608104
vn 0.910852 -0.087412 0.403370
vn 0.902135 -0.092896 0.421334
vn 0.982635 -0.070255 0.171733
vn 0.978460 -0.076735 0.191643
vn 0.665543 -0.063480 0.743655
vn 0.679150 -0.060555 0.731498
vn 0.816838 -0.086759 0.570306
vn 0.828036 -0.082278 0.554606
vn 0.929282 -0.084139 0.359661
vn 0.936767 -0.078319 0.341078
vn 0.992841 -0.057351 0.104773
vn 0.992441 -0.017884 0.121414
vn 0.990099 -0.063995 0.124938
vn 0.711398 -0.067285 0.699561
vn 0.724342 -0.063897 0.686473
vn 0.853243 -0.082551 0.514938
vn 0.863549 -0.077603 0.498257
vn 0.958486 -0.067630 0.277002
vn 0.952278 -0.073765 0.296184
vn 0.998339 -0.044006 0.037197
vn 0.997057 -0.050743 0.057465
vn 0.999083 -0.013580 0.040602
vn 0.997620 -0.013548 0.067606
vn 0.999254 -0.023743 0.030452
vn 0.592257 -0.032477 0.805094
vn 0.612806 -0.018924 0.790006
vn 0.584801 -0.016008 0.811019
vn 0.606078 -0.030192 0.794832
vn 0.594356 0.002713 0.804197
vn 0.754940 -0.068611 0.652195
vn 0.767291 -0.064723 0.638025
vn 0.886181 -0.076257 0.457022
vn 0.895434 -0.070897 0.439512
vn 0.970892 -0.062399 0.231247
vn 0.975747 -0.056019 0.211614
vn 0.973496 -0.017123 0.228064
vn 0.653878 -0.037309 0.755679
vn 0.640458 -0.040063 0.766947
vn 0.630408 -0.018297 0.776048
vn 0.657648 -0.011674 0.753235
vn 0.636962 -0.007192 0.770862
vn 0.662088 -0.021720 0.749111
vn 0.807535 -0.063151 0.586429
vn 0.795954 -0.067509 0.601581
vn 0.923478 -0.062500 0.378527
vn 0.915401 -0.068213 0.396721
vn 0.988460 -0.043529 0.145091
vn 0.985018 -0.050083 0.165018
vn 0.988836 -0.013301 0.148415
vn 0.984470 -0.013304 0.175047
vn 0.990092 -0.023597 0.138421
vn 0.700108 -0.041869 0.712809
vn 0.697493 -0.009075 0.716534
vn 0.677641 -0.015225 0.735236
vn 0.686988 -0.045140 0.725266
vn 0.675189 -0.019796 0.737379
vn 0.835011 -0.018934 0.549908
vn 0.844679 -0.059540 0.531952
vn 0.833994 -0.064337 0.548010
vn 0.947470 -0.052590 0.315491
vn 0.940629 -0.058628 0.334336
vn 0.943152 -0.015171 0.332014
vn 0.993188 -0.020143 0.114773
vn 0.996507 -0.030352 0.077794
vn 0.997011 -0.020459 0.074498
vn 0.995495 0.000102 0.094809
vn 0.994493 -0.037063 0.098029
vn 0.731597 -0.047718 0.680065
vn 0.735175 -0.009075 0.677816
vn 0.744161 -0.043962 0.666553
vn 0.868833 -0.059090 0.491567
vn 0.878476 -0.053907 0.474735
vn 0.969374 -0.023043 0.244506
vn 0.961567 -0.047989 0.270343
vn 0.967003 -0.011856 0.254487
vn 0.959765 -0.012359 0.280532
vn 0.967127 -0.041649 0.250859
vn 0.762714 -0.023188 0.646320
vn 0.773914 -0.047860 0.631479
vn 0.770769 -0.011313 0.637014
vn 0.785806 -0.043629 0.616932
vn 0.908625 -0.046474 0.415019
vn 0.901771 -0.011309 0.432065
vn 0.899970 -0.052095 0.432828
vn 0.975226 -0.019875 0.220318
vn 0.983080 -0.020569 0.182017
vn 0.982292 -0.029482 0.185023
vn 0.979414 0.001052 0.201857
vn 0.978123 -0.036021 0.204886
vn 0.824547 -0.041113 0.564298
vn 0.829981 -0.023023 0.557316
vn 0.813450 -0.045799 0.579829
vn 0.819982 -0.008108 0.572331
vn 0.934786 -0.037275 0.353250
vn 0.920681 -0.022378 0.389673
vn 0.927313 -0.043239 0.371781
vn 0.933819 -0.008864 0.357637
vn 0.923862 -0.011145 0.382563
vn 0.937281 -0.022041 0.347878
vn 0.702203 -0.015435 0.711810
vn 0.707364 -0.026227 0.706363
vn 0.720713 -0.020934 0.692918
vn 0.719992 -0.022622 0.693614
vn 0.716555 0.012497 0.697419
vn 0.841476 -0.021268 0.539876
vn 0.864439 -0.019511 0.502359
vn 0.863690 -0.016561 0.503751
vn 0.849793 -0.005349 0.527089
vn 0.860151 -0.036418 0.508738
vn 0.849938 -0.041546 0.525242
vn 0.957506 -0.020796 0.287664
vn 0.950560 -0.033136 0.308768
vn 0.946781 -0.019242 0.321303
vn 0.951896 0.004544 0.306386
vn 0.956712 -0.026937 0.289788
vn 0.763505 -0.023276 0.645382
vn 0.745868 -0.017130 0.665873
vn 0.750805 -0.027577 0.659948
vn 0.753340 0.014990 0.657460
vn 0.894049 -0.020963 0.447479
vn 0.883038 -0.035402 0.467965
vn 0.875881 -0.017062 0.482225
vn 0.889772 -0.002469 0.456398
vn 0.876973 -0.011648 0.480398
vn 0.892137 -0.029931 0.450772
vn 0.791760 -0.026680 0.610249
vn 0.785825 -0.013862 0.618293
vn 0.803066 -0.022162 0.595478
vn 0.804603 -0.017309 0.593561
vn 0.804169 -0.010991 0.594299
vn 0.787821 0.005540 0.615880
vn 0.919265 -0.022487 0.392997
vn 0.912496 -0.027407 0.408166
vn 0.909202 -0.018035 0.415965
vn 0.913015 0.017925 0.407533
vn 0.013549 0.013550 0.999816
vn 0.013501 0.999818 0.013502
vn 0.999815 0.013599 0.013599
vn 0.000766 0.040606 0.999175
vn 0.018380 0.018382 0.999662
vn 0.027637 0.021535 0.999386
vn 0.040599 0.016311 0.999042
vn 0.028495 0.054419 0.998112
vn 0.020197 0.057706 0.998129
vn 0.012634 0.067655 0.997629
vn 0.067655 0.015523 0.997588
vn 0.055355 0.021038 0.998245
vn 0.017101 0.093632 0.995460
vn 0.003064 0.121577 0.992577
vn 0.014812 0.094654 0.995400
vn 0.042987 0.059273 0.997316
vn 0.057034 0.053266 0.996950
vn 0.094655 0.014296 0.995407
vn 0.082990 0.020223 0.996345
vn 0.029623 0.098153 0.994730
vn 0.044215 0.091981 0.994779
vn 0.071608 0.057720 0.995761
vn 0.085424 0.051357 0.995020
vn 0.121562 0.012624 0.992504
vn 0.110600 0.019076 0.993682
vn 0.020737 0.134346 0.990717
vn 0.012733 0.148376 0.988849
vn 0.030394 0.130312 0.991007
vn 0.059192 0.096947 0.993528
vn 0.073650 0.090363 0.993182
vn 0.113684 0.048656 0.992325
vn 0.100041 0.055406 0.993439
vn 0.019478 0.169811 0.985284
vn 0.006418 0.201713 0.979424
vn 0.009651 0.175140 0.984496
vn 0.148380 0.010527 0.988874
vn 0.138239 0.017657 0.990241
vn 0.060732 0.129072 0.989774
vn 0.045775 0.135792 0.989679
vn 0.088655 0.094902 0.991531
vn 0.102892 0.087939 0.990798
vn 0.141825 0.045196 0.988859
vn 0.128394 0.052318 0.990342
vn 0.031413 0.174343 0.984184
vn 0.046865 0.167514 0.984755
vn 0.165791 0.016035 0.986031
vn 0.175160 0.007794 0.984509
vn 0.090968 0.127039 0.987718
vn 0.076241 0.134143 0.988025
vn 0.118041 0.092091 0.988729
vn 0.132051 0.084749 0.987613
vn 0.020636 0.210445 0.977388
vn 0.013461 0.228168 0.973529
vn 0.032093 0.205470 0.978137
vn 0.156533 0.048450 0.986484
vn 0.169691 0.040985 0.984645
vn 0.078055 0.165805 0.983065
vn 0.062734 0.173074 0.982909
vn 0.201725 0.004321 0.979433
vn 0.193404 0.014217 0.981016
vn 0.106552 0.131689 0.985548
vn 0.121119 0.124162 0.984842
vn 0.020902 0.244719 0.969369
vn 0.010770 0.280538 0.959783
vn 0.006337 0.254409 0.967076
vn 0.147240 0.088488 0.985135
vn 0.160993 0.080780 0.983644
vn 0.048317 0.211516 0.976180
vn 0.064093 0.204171 0.976835
vn 0.197374 0.036000 0.979667
vn 0.184435 0.043845 0.981866
vn 0.094033 0.170939 0.980784
vn 0.109087 0.163288 0.980529
vn 0.228157 -0.000675 0.973624
vn 0.221067 0.012665 0.975177
vn 0.136785 0.128395 0.982245
vn 0.151083 0.120496 0.981150
vn 0.033012 0.249480 0.967817
vn 0.049269 0.242077 0.969005
vn 0.189690 0.076043 0.978895
vn 0.176215 0.084110 0.980752
vn 0.096067 0.201986 0.974666
vn 0.080432 0.209781 0.974435
vn 0.212094 0.038459 0.976492
vn 0.224734 0.030278 0.973950
vn 0.125118 0.167986 0.977817
vn 0.140035 0.159883 0.977153
vn 0.249109 0.012631 0.968393
vn 0.254427 -0.013462 0.966998
vn 0.020043 0.285467 0.958179
vn 0.014708 0.306415 0.951784
vn 0.033601 0.279434 0.959577
vn 0.180812 0.115989 0.976654
vn 0.166736 0.124291 0.978136
vn 0.082015 0.240299 0.967228
vn 0.065928 0.248145 0.966477
vn 0.204925 0.078963 0.975587
vn 0.218141 0.070523 0.973366
vn 0.127826 0.198970 0.971633
vn 0.112472 0.207150 0.971823
vn 0.251724 0.023814 0.967506
vn 0.239383 0.032333 0.970387
vn 0.021446 0.317963 0.947861
vn 0.015937 0.357495 0.933779
vn 0.004475 0.332121 0.943226
vn 0.170699 0.155683 0.972946
vn 0.156102 0.164145 0.974007
vn 0.067104 0.278077 0.958212
vn 0.050574 0.285946 0.956910
vn 0.210266 0.110680 0.971359
vn 0.196466 0.119358 0.973219
vn 0.114689 0.237643 0.964558
vn 0.098794 0.245928 0.964240
vn 0.233308 0.073023 0.969657
vn 0.246212 0.064238 0.967085
vn 0.144309 0.203698 0.968340
vn 0.159484 0.195072 0.967736
vn 0.275044 0.019165 0.961241
vn 0.280528 0.016575 0.959703
vn 0.266446 0.025487 0.963513
vn 0.034368 0.323147 0.945724
vn 0.051388 0.315265 0.947611
vn 0.201141 0.150666 0.967906
vn 0.186817 0.159516 0.969358
vn 0.100556 0.275812 0.955937
vn 0.084194 0.284137 0.955080
vn 0.239397 0.104619 0.965269
vn 0.225941 0.113634 0.967491
vn 0.131460 0.242794 0.961129
vn 0.147146 0.234068 0.961020
vn 0.274039 0.057165 0.960018
vn 0.261395 0.066336 0.962950
vn 0.034866 0.351821 0.935418
vn 0.016372 0.382601 0.923769
vn 0.019042 0.358935 0.933168
vn 0.190857 0.190295 0.962996
vn 0.175933 0.199336 0.964009
vn 0.306383 0.012042 0.951832
vn 0.293578 0.020182 0.955722
vn 0.068741 0.321731 0.944333
vn 0.085550 0.313408 0.945757
vn 0.217198 0.154051 0.963895
vn 0.231309 0.144765 0.962050
vn 0.117662 0.281393 0.952352
vn 0.133805 0.272631 0.952769
vn 0.254995 0.107142 0.960988
vn 0.268207 0.097716 0.958393
vn 0.020968 0.388964 0.921014
vn 0.003917 0.407554 0.913172
vn 0.163996 0.238777 0.957126
vn 0.179398 0.229652 0.956596
vn 0.289098 0.058846 0.955489
vn 0.301322 0.049401 0.952242
vn 0.052526 0.358696 0.931975
vn 0.069737 0.350428 0.933990
vn 0.221902 0.184743 0.957408
vn 0.207357 0.194124 0.958811
vn 0.321296 0.016869 0.946829
vn 0.332117 0.006644 0.943215
vn 0.119560 0.310674 0.942967
vn 0.103013 0.319416 0.941999
vn 0.261057 0.138125 0.955390
vn 0.247359 0.147719 0.957597
vn 0.151045 0.277776 0.948697
vn 0.166927 0.268594 0.948679
vn 0.283768 0.099818 0.953683
vn 0.296636 0.090045 0.950736
vn 0.053204 0.386673 0.920681
vn 0.035579 0.394864 0.918051
vn 0.196296 0.233913 0.952236
vn 0.211441 0.224362 0.951291
vn 0.328256 0.040875 0.943704
vn 0.316346 0.050679 0.947289
vn 0.087413 0.356800 0.930082
vn 0.104504 0.348036 0.931638
vn 0.252720 0.178309 0.950967
vn 0.238401 0.188131 0.952771
vn 0.357524 -0.000977 0.933904
vn 0.349167 0.013994 0.936956
vn 0.137033 0.316196 0.938745
vn 0.153476 0.306941 0.939272
vn 0.277115 0.140656 0.950486
vn 0.290521 0.130670 0.947904
vn 0.019995 0.429351 0.902916
vn 0.018483 0.456340 0.889613
vn 0.017825 0.432083 0.901658
vn 0.035988 0.422177 0.905799
vn 0.184123 0.273256 0.944156
vn 0.199800 0.263613 0.943710
vn 0.324587 0.081640 0.942326
vn 0.312112 0.091727 0.945607
vn 0.071110 0.393397 0.916615
vn 0.088543 0.384744 0.918767
vn 0.228258 0.228150 0.946491
vn 0.243092 0.218205 0.945142
vn 0.343122 0.041745 0.938363
vn 0.354704 0.031586 0.934445
vn 0.139014 0.344727 0.928353
vn 0.122198 0.353916 0.927260
vn 0.269132 0.181243 0.945896
vn 0.283114 0.171047 0.943711
vn 0.004421 0.480313 0.877086
vn 0.019299 0.457276 0.889115
vn 0.187081 0.302307 0.934672
vn 0.170933 0.311977 0.934587
vn 0.319547 0.122415 0.939630
vn 0.306485 0.132764 0.942571
vn 0.071927 0.420734 0.904328
vn 0.054154 0.429245 0.901563
vn 0.232330 0.257723 0.937871
vn 0.216928 0.267794 0.938738
vn 0.339944 0.082903 0.936784
vn 0.352060 0.072475 0.933167
vn 0.106546 0.390995 0.914205
vn 0.123781 0.381878 0.915886
vn 0.259896 0.221543 0.939879
vn 0.274427 0.211188 0.938131
vn 0.382598 0.019327 0.923713
vn 0.369461 0.032054 0.928693
vn 0.383541 0.018868 0.923331
vn 0.173410 0.340528 0.924105
vn 0.156839 0.350160 0.923466
vn 0.299471 0.173539 0.938191
vn 0.313112 0.162963 0.935630
vn 0.054700 0.455855 0.888372
vn 0.036574 0.464202 0.884974
vn 0.204633 0.306897 0.929484
vn 0.220427 0.296847 0.929136
vn 0.348029 0.113330 0.930609
vn 0.335293 0.124065 0.933909
vn 0.107770 0.418299 0.901893
vn 0.090142 0.427303 0.899604
vn 0.249485 0.261452 0.932416
vn 0.264532 0.250999 0.931140
vn 0.367349 0.073328 0.927188
vn 0.379096 0.062558 0.923240
vn 0.158868 0.378044 0.912055
vn 0.141819 0.387642 0.910835
vn 0.291146 0.214068 0.932421
vn 0.305359 0.203308 0.930280
vn 0.407539 0.013448 0.913089
vn 0.395254 0.021943 0.918310
vn 0.021620 0.496848 0.867568
vn 0.036894 0.490096 0.870887
vn 0.016964 0.503820 0.863642
vn 0.191201 0.345468 0.918746
vn 0.207596 0.335340 0.918940
vn 0.329349 0.165009 0.929678
vn 0.342558 0.154124 0.926768
vn 0.091049 0.453854 0.886412
vn 0.073060 0.462696 0.883502
vn 0.237898 0.300952 0.923489
vn 0.253508 0.290406 0.922712
vn 0.363772 0.114564 0.924416
vn 0.376083 0.103519 0.920785
vn 0.125998 0.424366 0.896682
vn 0.143446 0.414880 0.898497
vn 0.281626 0.254264 0.925222
vn 0.296343 0.243411 0.923543
vn 0.394133 0.062995 0.916892
vn 0.405467 0.051917 0.912634
vn 0.006048 0.549928 0.835190
vn 0.014594 0.527041 0.849715
vn 0.020454 0.524155 0.851377
vn 0.193672 0.373275 0.907280
vn 0.176896 0.383312 0.906521
vn 0.335829 0.194634 0.921594
vn 0.322017 0.205741 0.924108
vn 0.432104 0.006563 0.901800
vn 0.422762 0.017242 0.906077
vn 0.055463 0.497212 0.865855
vn 0.073701 0.488618 0.869380
vn 0.225296 0.339780 0.913122
vn 0.241336 0.329260 0.912877
vn 0.371652 0.144418 0.917071
vn 0.358731 0.155739 0.920357
vn 0.127268 0.450915 0.883447
vn 0.109498 0.460215 0.881029
vn 0.286164 0.283083 0.915409
vn 0.270894 0.294032 0.916603
vn 0.403522 0.092999 0.910231
vn 0.391665 0.104327 0.914174
vn 0.178927 0.410513 0.894128
vn 0.161707 0.420462 0.892783
vn 0.327769 0.234959 0.915075
vn 0.313386 0.246220 0.917151
vn 0.420444 0.051948 0.905830
vn 0.431287 0.040640 0.901299
vn 0.055877 0.522400 0.850868
vn 0.037316 0.530758 0.846702
vn 0.228215 0.367566 0.901561
vn 0.211690 0.378061 0.901253
vn 0.365789 0.185182 0.912089
vn 0.352399 0.196619 0.914962
vn 0.450583 0.013286 0.892636
vn 0.456472 -0.004783 0.889725
vn 0.092312 0.495229 0.863844
vn 0.110458 0.486113 0.866887
vn 0.274813 0.322269 0.905881
vn 0.259054 0.333236 0.906557
vn 0.387628 0.145591 0.910246
vn 0.400141 0.133928 0.906615
vn 0.145741 0.456779 0.877561
vn 0.163339 0.446982 0.879504
vn 0.303536 0.286250 0.908805
vn 0.318436 0.274913 0.907205
vn 0.430453 0.081669 0.898911
vn 0.418943 0.093389 0.903197
vn 0.022313 0.561764 0.826996
vn 0.016588 0.572271 0.819896
vn 0.037550 0.555218 0.830857
vn 0.197142 0.415591 0.887930
vn 0.214118 0.405175 0.888812
vn 0.358689 0.225649 0.905773
vn 0.344664 0.237304 0.908236
vn 0.456515 0.028589 0.889256
vn 0.446032 0.040271 0.894111
vn 0.074636 0.529230 0.845189
vn 0.093004 0.520403 0.848841
vn 0.246165 0.371859 0.895055
vn 0.262406 0.360918 0.894920
vn 0.382213 0.186722 0.905013
vn 0.395266 0.174873 0.901767
vn 0.129088 0.492220 0.860846
vn 0.147018 0.482635 0.863394
vn 0.307925 0.314357 0.897977
vn 0.292464 0.325769 0.899077
vn 0.427998 0.122717 0.895410
vn 0.415952 0.134671 0.899360
vn 0.008624 0.615866 0.787804
vn 0.010473 0.594302 0.804173
vn 0.021769 0.588098 0.808497
vn 0.199131 0.442086 0.874590
vn 0.181782 0.452341 0.873123
vn 0.335654 0.277602 0.900152
vn 0.350217 0.265846 0.898150
vn 0.445603 0.081643 0.891500
vn 0.456630 0.069662 0.886925
vn 0.056472 0.562249 0.825037
vn 0.075103 0.553719 0.829310
vn 0.248991 0.398919 0.882535
vn 0.232320 0.409768 0.882110
vn 0.389022 0.215521 0.895663
vn 0.375413 0.227532 0.898495
vn 0.480209 0.016867 0.876992
vn 0.480214 0.016863 0.876989
vn 0.471019 0.027824 0.881684
vn 0.130052 0.517356 0.845830
vn 0.111759 0.526719 0.842661
vn 0.280320 0.364732 0.887914
vn 0.296249 0.353355 0.887343
vn 0.424149 0.163746 0.890665
vn 0.411491 0.175967 0.894266
vn 0.165621 0.488233 0.856853
vn 0.183374 0.478150 0.858922
vn 0.340509 0.305597 0.889193
vn 0.325455 0.317376 0.890703
vn 0.455251 0.110761 0.883447
vn 0.443646 0.123034 0.887717
vn 0.037876 0.594163 0.803452
vn 0.056758 0.585961 0.808349
vn 0.234663 0.436203 0.868712
vn 0.217530 0.446947 0.867709
vn 0.367235 0.268061 0.890664
vn 0.381454 0.255882 0.888267
vn 0.471646 0.069227 0.879067
vn 0.482223 0.056946 0.874196
vn 0.112459 0.551176 0.826776
vn 0.093958 0.560208 0.823006
vn 0.283533 0.391678 0.875327
vn 0.267098 0.403015 0.875350
vn 0.418825 0.204588 0.884720
vn 0.405633 0.216957 0.887914
vn 0.496945 0.018568 0.867583
vn 0.503932 0.009746 0.863688
vn 0.148844 0.523177 0.839125
vn 0.166861 0.513374 0.841787
vn 0.329668 0.344870 0.878853
vn 0.314059 0.356685 0.879854
vn 0.452382 0.151855 0.878800
vn 0.440173 0.164402 0.882734
vn 0.016679 0.636937 0.770735
vn 0.022263 0.623618 0.781412
vn 0.038023 0.617133 0.785940
vn 0.219434 0.472690 0.853471
vn 0.201931 0.483241 0.851882
vn 0.357892 0.308141 0.881455
vn 0.372557 0.295973 0.879546
vn 0.481849 0.098060 0.870750
vn 0.470687 0.110656 0.875334
vn 0.075707 0.592596 0.801935
vn 0.094433 0.583906 0.806311
vn 0.252965 0.440558 0.861346
vn 0.269793 0.429372 0.861888
vn 0.398485 0.257656 0.880240
vn 0.412177 0.245209 0.877487
vn 0.496998 0.056108 0.865936
vn 0.507122 0.043523 0.860774
vn 0.149775 0.547585 0.823236
vn 0.131338 0.557165 0.819950
vn 0.317662 0.383564 0.867162
vn 0.301608 0.395297 0.867625
vn 0.435249 0.205578 0.876525
vn 0.448025 0.192841 0.872975
vn 0.549899 0.007896 0.835194
vn 0.527097 0.000758 0.849805
vn 0.523872 0.012338 0.851707
vn 0.022431 0.648379 0.760987
vn 0.012188 0.677741 0.735199
vn 0.007501 0.657626 0.753307
vn 0.203444 0.508346 0.836776
vn 0.185566 0.518674 0.834591
vn 0.347282 0.347708 0.870916
vn 0.362521 0.335482 0.869500
vn 0.479957 0.139238 0.866172
vn 0.468229 0.152080 0.870421
vn 0.076004 0.615588 0.784395
vn 0.057087 0.623894 0.779421
vn 0.237932 0.477283 0.845925
vn 0.255181 0.466261 0.847044
vn 0.404254 0.285383 0.868985
vn 0.389849 0.298057 0.871309
vn 0.507756 0.084672 0.857329
vn 0.497088 0.097539 0.862200
vn 0.132003 0.580852 0.803235
vn 0.113421 0.590041 0.799367
vn 0.304649 0.421574 0.854087
vn 0.288069 0.433248 0.853998
vn 0.442263 0.233612 0.865927
vn 0.428899 0.246515 0.869066
vn 0.531204 0.029404 0.846734
vn 0.521539 0.042296 0.852179
vn 0.186726 0.543050 0.818676
vn 0.168602 0.553056 0.815906
vn 0.335496 0.386675 0.859025
vn 0.351264 0.374468 0.858130
vn 0.464267 0.193388 0.864325
vn 0.476587 0.180317 0.860436
vn 0.057246 0.646129 0.761078
vn 0.038206 0.654002 0.755528
vn 0.222089 0.513140 0.829074
vn 0.239714 0.502344 0.830775
vn 0.380010 0.337847 0.861076
vn 0.394880 0.325203 0.859251
vn 0.495596 0.139037 0.857353
vn 0.506877 0.125855 0.852782
vn 0.113864 0.613026 0.781815
vn 0.095065 0.621835 0.777357
vn 0.290588 0.458853 0.839650
vn 0.273595 0.470355 0.838994
vn 0.421230 0.286986 0.860351
vn 0.435098 0.274038 0.857667
vn 0.522701 0.083746 0.848393
vn 0.532856 0.070629 0.843253
vn 0.150971 0.586479 0.795771
vn 0.169457 0.576756 0.799147
vn 0.338885 0.412895 0.845384
vn 0.322729 0.424940 0.845737
vn 0.458839 0.234471 0.857024
vn 0.471747 0.221224 0.853531
vn 0.545417 0.027780 0.837704
vn 0.552178 0.018099 0.833530
vn 0.021554 0.681958 0.731074
vn 0.017176 0.697371 0.716505
vn 0.038270 0.675469 0.736394
vn 0.223477 0.537467 0.813135
vn 0.205474 0.548012 0.810841
vn 0.369063 0.377114 0.849457
vn 0.384378 0.364557 0.848146
vn 0.492611 0.180428 0.851340
vn 0.504445 0.167051 0.847130
vn 0.076356 0.652452 0.753973
vn 0.095328 0.644061 0.759011
vn 0.275643 0.495347 0.823804
vn 0.258253 0.506633 0.822574
vn 0.412266 0.327105 0.850317
vn 0.426689 0.314104 0.848101
vn 0.522187 0.125235 0.843586
vn 0.532979 0.111754 0.838716
vn 0.132866 0.618751 0.774270
vn 0.151561 0.609419 0.778227
vn 0.325554 0.450498 0.831304
vn 0.308876 0.462449 0.831105
vn 0.465469 0.261814 0.845454
vn 0.451974 0.275192 0.848521
vn 0.547599 0.069295 0.833866
vn 0.557281 0.055872 0.828442
vn 0.016795 0.735126 0.677722
vn 0.005613 0.716623 0.697438
vn 0.022354 0.704681 0.709172
vn 0.206516 0.571684 0.794058
vn 0.188306 0.581854 0.791194
vn 0.356840 0.415780 0.836536
vn 0.372784 0.403194 0.835743
vn 0.500531 0.208000 0.840360
vn 0.488046 0.221634 0.844209
vn 0.594343 0.007117 0.804180
vn 0.572286 0.012038 0.819966
vn 0.570083 0.016334 0.821425
vn 0.076483 0.673924 0.734831
vn 0.057420 0.681841 0.729243
vn 0.259869 0.530955 0.806570
vn 0.242191 0.541932 0.804769
vn 0.416999 0.353656 0.837281
vn 0.401960 0.366720 0.839014
vn 0.520159 0.166732 0.837637
vn 0.531520 0.153027 0.833108
vn 0.133235 0.640971 0.755913
vn 0.114394 0.649863 0.751394
vn 0.311191 0.487417 0.815834
vn 0.294123 0.499146 0.815074
vn 0.443859 0.315537 0.838705
vn 0.457835 0.302176 0.836108
vn 0.548091 0.110719 0.829058
vn 0.558354 0.096984 0.823915
vn 0.189041 0.604797 0.773617
vn 0.170508 0.614631 0.770166
vn 0.343686 0.453599 0.822270
vn 0.359964 0.441253 0.822023
vn 0.482125 0.262513 0.835848
vn 0.495109 0.248834 0.832435
vn 0.571598 0.054158 0.818745
vn 0.580789 0.040439 0.813049
vn 0.057452 0.702543 0.709318
vn 0.038296 0.709972 0.703188
vn 0.225329 0.576288 0.785570
vn 0.243419 0.565574 0.787955
vn 0.406011 0.392688 0.825198
vn 0.390571 0.405592 0.826407
vn 0.516584 0.207971 0.830596
vn 0.528522 0.194078 0.826437
vn 0.114584 0.671332 0.732246
vn 0.095579 0.679772 0.727169
vn 0.295962 0.523415 0.799026
vn 0.278467 0.534916 0.797697
vn 0.434360 0.355341 0.827686
vn 0.448945 0.341913 0.825557
vn 0.546900 0.152290 0.823230
vn 0.557854 0.138158 0.818359
vn 0.170980 0.636835 0.751803
vn 0.152230 0.646256 0.747783
vn 0.329466 0.490706 0.806635
vn 0.346261 0.478491 0.806938
vn 0.474729 0.303146 0.826278
vn 0.488370 0.289304 0.823285
vn 0.582818 0.081535 0.808502
vn 0.573065 0.095553 0.813920
vn 0.038275 0.729894 0.682488
vn 0.020290 0.736374 0.676271
vn 0.018089 0.753205 0.657537
vn 0.226209 0.599197 0.767979
vn 0.207916 0.609501 0.765035
vn 0.393997 0.431026 0.811778
vn 0.377986 0.443876 0.812466
vn 0.511551 0.249087 0.822357
vn 0.524080 0.235045 0.818593
vn 0.604314 0.023079 0.796412
vn 0.615767 0.019929 0.787676
vn 0.594867 0.038328 0.802910
vn 0.095632 0.700454 0.707261
vn 0.076534 0.708398 0.701651
vn 0.279876 0.558474 0.780882
vn 0.262053 0.569657 0.778986
vn 0.423644 0.394615 0.815355
vn 0.438747 0.381250 0.813726
vn 0.544271 0.193620 0.816260
vn 0.555700 0.179425 0.811791
vn 0.133595 0.676658 0.724077
vn 0.152483 0.667709 0.728639
vn 0.331527 0.514926 0.790532
vn 0.314364 0.526867 0.789675
vn 0.466067 0.343130 0.815502
vn 0.480166 0.329366 0.812994
vn 0.583299 0.122794 0.802922
vn 0.573024 0.136999 0.808007
vn 0.021362 0.756617 0.653510
vn 0.004756 0.770834 0.637019
vn 0.208493 0.631688 0.746660
vn 0.189907 0.641611 0.743149
vn 0.364378 0.481289 0.797238
vn 0.380812 0.468645 0.797091
vn 0.505015 0.289818 0.812998
vn 0.518162 0.275642 0.809648
vn 0.597325 0.079696 0.798030
vn 0.606550 0.065410 0.792350
vn 0.076492 0.728333 0.680941
vn 0.057366 0.735740 0.674830
vn 0.244955 0.603390 0.758892
vn 0.263078 0.592568 0.761349
vn 0.411713 0.433150 0.801794
vn 0.427347 0.419868 0.800678
vn 0.540087 0.234858 0.808175
vn 0.552157 0.220443 0.804069
vn 0.616378 0.020243 0.787190
vn 0.636945 0.010129 0.770842
vn 0.133668 0.697369 0.704138
vn 0.114700 0.705805 0.699059
vn 0.315957 0.550413 0.772798
vn 0.298421 0.562062 0.771383
vn 0.456037 0.382692 0.803478
vn 0.470767 0.368879 0.801440
vn 0.582280 0.163993 0.796277
vn 0.571330 0.178535 0.801066
vn 0.190222 0.663091 0.723965
vn 0.171484 0.672540 0.719919
vn 0.349746 0.517880 0.780690
vn 0.366657 0.505432 0.781090
vn 0.497103 0.330126 0.802437
vn 0.510808 0.315927 0.799541
vn 0.598153 0.121228 0.792160
vn 0.607982 0.106627 0.786758
vn 0.057271 0.754894 0.653342
vn 0.038191 0.761725 0.646773
vn 0.227276 0.635949 0.737506
vn 0.245634 0.625546 0.740511
vn 0.398731 0.470958 0.786900
vn 0.414797 0.457882 0.786313
vn 0.534516 0.275708 0.798923
vn 0.547083 0.261291 0.795253
vn 0.629307 0.048742 0.775627
vn 0.620678 0.063187 0.781516
vn 0.095567 0.733677 0.672745
vn 0.114638 0.725757 0.678333
vn 0.299588 0.584933 0.753724
vn 0.281684 0.596257 0.751753
vn 0.444905 0.421519 0.790178
vn 0.460033 0.407913 0.788655
vn 0.579597 0.205102 0.788670
vn 0.568052 0.219819 0.793093
vn 0.657685 -0.004659 0.753278
vn 0.644004 0.015919 0.764856
vn 0.152652 0.702209 0.695414
vn 0.171579 0.693231 0.699994
vn 0.351519 0.541383 0.763766
vn 0.334285 0.553495 0.762822
vn 0.502108 0.355698 0.788268
vn 0.487864 0.369859 0.790691
vn 0.607774 0.147855 0.780224
vn 0.597343 0.162704 0.785308
vn 0.038085 0.780060 0.624544
vn 0.019435 0.804066 0.594223
vn 0.018564 0.787697 0.615783
vn 0.020604 0.785816 0.618117
vn 0.209005 0.667386 0.714782
vn 0.227653 0.657392 0.718339
vn 0.384731 0.507900 0.770727
vn 0.401227 0.495056 0.770673
vn 0.527429 0.316231 0.788554
vn 0.540653 0.301676 0.785294
vn 0.622483 0.104666 0.775603
vn 0.631752 0.089825 0.769949
vn 0.076279 0.760188 0.645210
vn 0.095408 0.752811 0.651285
vn 0.264304 0.629307 0.730832
vn 0.282464 0.618400 0.733345
vn 0.432498 0.459713 0.775635
vn 0.448237 0.446159 0.774613
vn 0.563221 0.260918 0.784030
vn 0.575402 0.246032 0.779988
vn 0.651228 0.031298 0.758236
vn 0.643060 0.046146 0.764425
vn 0.133555 0.730568 0.669652
vn 0.152568 0.722122 0.674731
vn 0.318003 0.588115 0.743636
vn 0.335593 0.576343 0.745122
vn 0.492141 0.394966 0.775757
vn 0.477310 0.409094 0.777700
vn 0.595024 0.204060 0.777371
vn 0.606002 0.189093 0.772661
vn 0.004932 0.819999 0.572343
vn 0.019287 0.803950 0.594385
vn 0.190369 0.697540 0.690794
vn 0.209120 0.688072 0.694857
vn 0.386682 0.531378 0.753734
vn 0.369718 0.543982 0.753254
vn 0.518996 0.356220 0.777014
vn 0.532750 0.341713 0.774216
vn 0.632502 0.131046 0.763393
vn 0.622636 0.146146 0.768743
vn 0.057040 0.785289 0.616496
vn 0.076068 0.778525 0.622987
vn 0.246343 0.661191 0.708620
vn 0.264742 0.650728 0.711663
vn 0.419026 0.497033 0.759852
vn 0.435201 0.483714 0.759355
vn 0.569672 0.286655 0.770261
vn 0.556963 0.301535 0.773866
vn 0.654514 0.072434 0.752572
vn 0.645827 0.087485 0.758455
vn 0.133335 0.749721 0.648182
vn 0.114320 0.757588 0.642644
vn 0.300937 0.621654 0.723175
vn 0.318884 0.610243 0.725201
vn 0.480879 0.433602 0.762066
vn 0.465623 0.447508 0.763500
vn 0.591043 0.245235 0.768458
vn 0.602709 0.230013 0.764091
vn 0.664513 0.028351 0.746739
vn 0.677656 0.013641 0.735252
vn 0.668369 0.020755 0.743540
vn 0.171395 0.726428 0.665527
vn 0.190264 0.717486 0.670084
vn 0.353799 0.579029 0.734542
vn 0.371161 0.566739 0.735559
vn 0.509179 0.395683 0.764312
vn 0.523541 0.381182 0.761975
vn 0.631645 0.172246 0.755881
vn 0.621118 0.187636 0.760924
vn 0.056819 0.802820 0.593508
vn 0.037825 0.808994 0.586598
vn 0.227856 0.691893 0.685103
vn 0.246478 0.681902 0.688664
vn 0.404524 0.533472 0.742811
vn 0.421148 0.520410 0.742838
vn 0.549268 0.341782 0.762555
vn 0.562580 0.326867 0.759382
vn 0.656220 0.113580 0.745973
vn 0.646907 0.128952 0.751586
vn 0.114003 0.775936 0.620425
vn 0.094928 0.783241 0.614428
vn 0.283239 0.654020 0.701451
vn 0.301435 0.643055 0.704000
vn 0.452782 0.485216 0.748033
vn 0.468541 0.471492 0.747104
vn 0.585599 0.286079 0.758441
vn 0.597824 0.270828 0.754492
vn 0.668290 0.069701 0.740628
vn 0.676399 0.054435 0.734521
vn 0.171111 0.745587 0.644066
vn 0.152127 0.753989 0.639029
vn 0.337125 0.612994 0.714552
vn 0.354779 0.601114 0.716096
vn 0.512992 0.420128 0.748553
vn 0.498110 0.434491 0.750402
vn 0.618150 0.228784 0.752030
vn 0.629154 0.213427 0.747405
vn 0.716501 0.017458 0.697367
vn 0.697522 0.001141 0.716563
vn 0.688840 0.017757 0.724696
vn 0.021883 0.830352 0.556809
vn 0.017109 0.835083 0.549858
vn 0.037635 0.825692 0.562865
vn 0.227730 0.711837 0.664400
vn 0.208980 0.721293 0.660352
vn 0.406105 0.556245 0.725031
vn 0.389150 0.568935 0.724482
vn 0.540230 0.381439 0.750103
vn 0.554076 0.366609 0.747394
vn 0.646430 0.170379 0.743706
vn 0.656293 0.154874 0.738440
vn 0.075594 0.807448 0.585075
vn 0.094558 0.800773 0.591457
vn 0.264995 0.685209 0.678429
vn 0.283395 0.674736 0.681482
vn 0.438837 0.522032 0.731372
vn 0.455075 0.508541 0.730953
vn 0.591504 0.311243 0.743808
vn 0.578707 0.326495 0.747328
vn 0.679052 0.095531 0.727847
vn 0.670352 0.111080 0.733682
vn 0.132755 0.780142 0.611354
vn 0.151707 0.772351 0.616814
vn 0.319737 0.645850 0.693287
vn 0.337684 0.634400 0.695346
vn 0.485844 0.472522 0.735309
vn 0.501225 0.458347 0.733956
vn 0.625265 0.254276 0.737826
vn 0.613597 0.269812 0.742092
vn 0.689774 0.051333 0.722203
vn 0.697340 0.035767 0.715848
vn 0.006174 0.863750 0.503883
vn 0.013943 0.849723 0.527046
vn 0.020700 0.847576 0.530270
vn 0.189767 0.749349 0.634401
vn 0.208634 0.740439 0.638922
vn 0.372875 0.603383 0.704907
vn 0.390230 0.591034 0.705973
vn 0.544281 0.405806 0.734220
vn 0.529864 0.420552 0.736465
vn 0.654790 0.195936 0.729972
vn 0.644199 0.211788 0.734951
vn 0.075213 0.824156 0.561347
vn 0.056323 0.830217 0.554587
vn 0.264850 0.705142 0.657746
vn 0.246216 0.715128 0.654194
vn 0.423842 0.557959 0.713470
vn 0.440553 0.544737 0.713564
vn 0.583782 0.351236 0.732006
vn 0.570436 0.366419 0.735079
vn 0.670738 0.152604 0.725825
vn 0.680082 0.136754 0.720268
vn 0.132238 0.797704 0.588372
vn 0.113264 0.804906 0.582493
vn 0.301697 0.677543 0.670757
vn 0.319913 0.666555 0.673320
vn 0.488303 0.495775 0.718169
vn 0.472469 0.509688 0.719022
vn 0.607492 0.310427 0.731156
vn 0.619785 0.294820 0.727288
vn 0.700867 0.076838 0.709141
vn 0.692728 0.092664 0.715221
vn 0.189242 0.767723 0.612200
vn 0.170309 0.776053 0.607237
vn 0.373492 0.624758 0.685697
vn 0.355786 0.636707 0.684120
vn 0.533176 0.444309 0.719940
vn 0.518210 0.458911 0.721706
vn 0.640498 0.252853 0.725140
vn 0.651599 0.237041 0.720576
vn 0.710202 0.032331 0.703255
vn 0.716605 0.017864 0.697251
vn 0.037247 0.851486 0.523053
vn 0.055973 0.846065 0.530133
vn 0.245809 0.734293 0.632766
vn 0.227106 0.743696 0.628760
vn 0.408019 0.592812 0.694330
vn 0.425018 0.580028 0.694930
vn 0.560755 0.405778 0.721733
vn 0.574707 0.390640 0.719105
vn 0.679376 0.177823 0.711918
vn 0.669392 0.193900 0.717160
vn 0.093809 0.828182 0.552553
vn 0.112693 0.821612 0.558796
vn 0.301532 0.697469 0.650089
vn 0.283131 0.707933 0.647045
vn 0.458034 0.545974 0.701511
vn 0.474316 0.532354 0.701159
vn 0.612803 0.334950 0.715738
vn 0.599864 0.350606 0.719194
vn 0.693967 0.134126 0.707404
vn 0.702749 0.117985 0.701587
vn 0.169646 0.793615 0.584290
vn 0.150749 0.801320 0.578931
vn 0.355983 0.657393 0.664161
vn 0.338009 0.668871 0.662089
vn 0.520835 0.482108 0.704488
vn 0.505399 0.496454 0.705765
vn 0.646945 0.277641 0.710196
vn 0.635174 0.293594 0.714392
vn 0.714014 0.073631 0.696249
vn 0.721606 0.057483 0.689914
vn 0.015997 0.876982 0.480257
vn 0.022120 0.870333 0.491967
vn 0.036970 0.866474 0.497851
vn 0.207678 0.770924 0.602118
vn 0.226477 0.762096 0.606562
vn 0.391309 0.626572 0.674006
vn 0.408694 0.614166 0.675107
vn 0.549808 0.444417 0.707251
vn 0.564265 0.429474 0.705094
vn 0.677106 0.219023 0.702536
vn 0.666516 0.235202 0.707415
vn 0.753407 0.006919 0.657518
vn 0.735178 0.008718 0.677818
vn 0.731834 0.017530 0.681258
vn 0.093226 0.844043 0.528111
vn 0.074454 0.849975 0.521535
vn 0.282662 0.727156 0.625577
vn 0.264125 0.737059 0.622079
vn 0.442520 0.581328 0.682813
vn 0.459304 0.567985 0.682958
vn 0.604352 0.374697 0.703108
vn 0.590924 0.390167 0.706101
vn 0.702939 0.159206 0.693203
vn 0.693631 0.175386 0.698653
vn 0.131114 0.825131 0.549516
vn 0.149989 0.818045 0.555252
vn 0.319644 0.699777 0.638858
vn 0.337823 0.688823 0.641404
vn 0.491495 0.533122 0.688632
vn 0.507376 0.519077 0.687843
vn 0.640730 0.317985 0.698821
vn 0.628387 0.333895 0.702598
vn 0.716255 0.114976 0.688302
vn 0.724369 0.098739 0.682305
vn 0.021452 0.886015 0.463160
vn 0.008607 0.901777 0.432117
vn 0.009678 0.889714 0.456417
vn 0.206870 0.788504 0.579194
vn 0.188011 0.796737 0.574336
vn 0.391525 0.647256 0.654039
vn 0.373813 0.659222 0.652450
vn 0.537566 0.482328 0.691652
vn 0.552593 0.467542 0.689961
vn 0.673212 0.259772 0.692317
vn 0.662026 0.275994 0.696814
vn 0.734452 0.053884 0.676518
vn 0.741328 0.037775 0.670079
vn 0.055316 0.870257 0.489483
vn 0.073902 0.864976 0.496341
vn 0.244701 0.764799 0.595990
vn 0.263396 0.755449 0.599933
vn 0.426201 0.615501 0.662957
vn 0.443252 0.602639 0.663592
vn 0.580583 0.429137 0.691929
vn 0.594620 0.413749 0.689376
vn 0.691518 0.216799 0.689058
vn 0.701602 0.200219 0.683862
vn 0.111550 0.847451 0.519021
vn 0.130298 0.841018 0.525082
vn 0.300712 0.729424 0.614420
vn 0.319114 0.718992 0.617428
vn 0.492858 0.555108 0.670034
vn 0.476545 0.568815 0.670339
vn 0.620158 0.373792 0.689697
vn 0.633104 0.357933 0.686340
vn 0.725532 0.139855 0.673828
vn 0.716757 0.156390 0.679560
vn 0.168260 0.821071 0.545464
vn 0.187064 0.813482 0.550685
vn 0.355670 0.690642 0.629693
vn 0.373607 0.679200 0.631748
vn 0.524171 0.519384 0.674897
vn 0.539667 0.504887 0.673683
vn 0.667822 0.300249 0.681076
vn 0.656008 0.316505 0.685185
vn 0.745098 0.078695 0.662296
vn 0.737499 0.095351 0.668583
vn 0.036447 0.888992 0.456469
vn 0.054835 0.884355 0.463584
vn 0.243749 0.782394 0.573102
vn 0.225013 0.791127 0.568759
vn 0.426436 0.636217 0.642946
vn 0.409092 0.648605 0.641837
vn 0.568950 0.467314 0.676693
vn 0.583517 0.452130 0.674601
vn 0.698475 0.241212 0.673758
vn 0.687860 0.257725 0.678547
vn 0.753647 0.033854 0.656407
vn 0.770727 0.015411 0.636979
vn 0.758637 0.020934 0.651177
vn 0.092092 0.868260 0.487488
vn 0.110721 0.862469 0.493850
vn 0.281373 0.757658 0.588884
vn 0.299882 0.747816 0.592319
vn 0.460587 0.603510 0.650873
vn 0.477335 0.590160 0.651047
vn 0.610541 0.412974 0.675790
vn 0.624035 0.397266 0.672874
vn 0.715556 0.197611 0.670022
vn 0.724961 0.180911 0.664608
vn 0.148485 0.843937 0.515482
vn 0.167213 0.836995 0.521037
vn 0.336893 0.720773 0.605797
vn 0.355081 0.709844 0.608308
vn 0.509696 0.555474 0.657007
vn 0.525624 0.541325 0.656267
vn 0.648542 0.356603 0.672479
vn 0.660934 0.340430 0.668785
vn 0.738852 0.136681 0.659860
vn 0.747023 0.119906 0.653895
vn 0.015386 0.913071 0.407509
vn 0.036083 0.902183 0.429842
vn 0.021540 0.905413 0.423985
vn 0.223877 0.807923 0.545104
vn 0.205157 0.816017 0.540395
vn 0.408867 0.668574 0.621157
vn 0.391139 0.680538 0.619579
vn 0.571180 0.489863 0.658626
vn 0.556149 0.504744 0.660251
vn 0.693894 0.281866 0.662618
vn 0.682689 0.298360 0.667021
vn 0.764524 0.058266 0.641957
vn 0.757599 0.075001 0.648396
vn 0.091293 0.882385 0.461586
vn 0.072902 0.887508 0.454989
vn 0.261670 0.784530 0.562176
vn 0.280278 0.775288 0.566015
vn 0.460841 0.624154 0.630918
vn 0.443695 0.637097 0.630271
vn 0.599588 0.451459 0.660817
vn 0.613633 0.435935 0.658343
vn 0.722781 0.221916 0.654478
vn 0.712714 0.238770 0.659567
vn 0.787832 0.001416 0.615888
vn 0.774048 0.017845 0.632875
vn 0.147382 0.858977 0.490343
vn 0.128770 0.865265 0.484494
vn 0.317641 0.749545 0.580764
vn 0.335963 0.739206 0.583698
vn 0.494154 0.590561 0.638004
vn 0.510540 0.576755 0.637733
vn 0.639536 0.396068 0.658881
vn 0.652588 0.379912 0.655589
vn 0.738533 0.177916 0.650319
vn 0.747317 0.160999 0.644668
vn 0.012200 0.933834 0.357497
vn 0.006218 0.923868 0.382662
vn 0.021759 0.919080 0.393470
vn 0.203880 0.831972 0.515999
vn 0.185196 0.839423 0.510952
vn 0.390493 0.699755 0.598213
vn 0.372588 0.711147 0.596194
vn 0.542136 0.541241 0.642765
vn 0.557690 0.526627 0.641597
vn 0.687810 0.322112 0.650508
vn 0.675908 0.338693 0.654550
vn 0.767419 0.099377 0.633397
vn 0.759863 0.116379 0.639581
vn 0.072174 0.900714 0.428375
vn 0.053970 0.905196 0.421553
vn 0.260348 0.801384 0.538518
vn 0.241758 0.809972 0.534320
vn 0.443452 0.657026 0.609646
vn 0.426059 0.669438 0.608545
vn 0.587283 0.489278 0.644753
vn 0.601933 0.473914 0.642715
vn 0.718965 0.262745 0.643470
vn 0.708304 0.279584 0.648181
vn 0.782980 0.037302 0.620927
vn 0.776701 0.054186 0.627535
vn 0.109170 0.885048 0.452517
vn 0.127652 0.879409 0.458634
vn 0.298021 0.776947 0.554559
vn 0.316403 0.767239 0.557882
vn 0.494427 0.611239 0.618005
vn 0.477721 0.624567 0.617818
vn 0.642773 0.418933 0.641356
vn 0.629217 0.434841 0.644204
vn 0.736590 0.219086 0.639872
vn 0.746002 0.202062 0.634548
vn 0.183822 0.854485 0.485865
vn 0.165213 0.861284 0.480514
vn 0.371559 0.729609 0.574120
vn 0.353427 0.740456 0.571676
vn 0.543033 0.562505 0.623461
vn 0.527093 0.576704 0.624168
vn 0.667708 0.378293 0.641141
vn 0.680128 0.361915 0.637529
vn 0.760433 0.157638 0.629993
vn 0.768587 0.140518 0.624123
vn 0.053358 0.917446 0.394266
vn 0.035475 0.921274 0.387294
vn 0.221588 0.833910 0.505463
vn 0.240259 0.825925 0.510023
vn 0.407663 0.700587 0.585653
vn 0.425355 0.688676 0.587195
vn 0.588911 0.511127 0.626046
vn 0.573853 0.526099 0.627624
vn 0.713591 0.303083 0.631607
vn 0.702251 0.319988 0.635965
vn 0.779845 0.095483 0.618648
vn 0.786765 0.078287 0.612268
vn 0.089858 0.903238 0.419628
vn 0.108080 0.898271 0.425944
vn 0.296519 0.793810 0.530983
vn 0.277957 0.802951 0.527266
vn 0.477458 0.644554 0.597146
vn 0.460388 0.657430 0.596513
vn 0.617567 0.472901 0.628471
vn 0.631677 0.457210 0.626054
vn 0.732937 0.260074 0.628621
vn 0.743048 0.242884 0.623608
vn 0.798538 0.020947 0.601579
vn 0.804125 0.015162 0.594267
vn 0.794539 0.032941 0.606319
vn 0.163779 0.875467 0.454680
vn 0.145353 0.881590 0.449078
vn 0.352050 0.758179 0.548840
vn 0.333793 0.768418 0.546001
vn 0.510980 0.611202 0.604427
vn 0.527384 0.597370 0.604166
vn 0.657982 0.417418 0.626755
vn 0.671088 0.401065 0.623529
vn 0.768108 0.181532 0.614049
vn 0.759268 0.198880 0.619644
vn 0.015194 0.943137 0.332058
vn 0.020110 0.935315 0.353244
vn 0.035021 0.932580 0.359260
vn 0.219942 0.849026 0.480396
vn 0.201431 0.856311 0.475559
vn 0.388701 0.730390 0.561643
vn 0.406536 0.719090 0.563594
vn 0.574804 0.547363 0.608272
vn 0.559254 0.562010 0.609409
vn 0.694797 0.359894 0.622683
vn 0.706657 0.343203 0.618747
vn 0.781212 0.136808 0.609090
vn 0.788789 0.119356 0.602965
vn 0.070903 0.919839 0.385836
vn 0.088838 0.915531 0.392315
vn 0.276232 0.818941 0.503022
vn 0.257760 0.827389 0.498987
vn 0.459628 0.676682 0.575190
vn 0.442257 0.689049 0.574126
vn 0.619284 0.494771 0.609662
vn 0.604665 0.510168 0.611645
vn 0.727676 0.300554 0.616567
vn 0.738401 0.283398 0.611923
vn 0.798575 0.074101 0.597317
vn 0.804837 0.056769 0.590775
vn 0.125637 0.900324 0.416691
vn 0.143901 0.894857 0.422520
vn 0.313767 0.794897 0.519316
vn 0.332114 0.785283 0.522524
vn 0.494013 0.644505 0.583579
vn 0.510698 0.631204 0.583755
vn 0.660555 0.439722 0.608532
vn 0.646959 0.455774 0.611323
vn 0.765904 0.222418 0.603258
vn 0.756405 0.239869 0.608535
vn 0.835089 0.013104 0.549959
vn 0.820009 0.000973 0.572350
vn 0.814480 0.018129 0.579908
vn 0.021384 0.946622 0.321636
vn 0.003815 0.951885 0.306431
vn 0.181235 0.877169 0.444667
vn 0.199684 0.870529 0.449784
vn 0.387184 0.748172 0.538820
vn 0.369159 0.758891 0.536475
vn 0.543578 0.596887 0.590126
vn 0.559562 0.582639 0.589425
vn 0.685783 0.399151 0.608589
vn 0.698304 0.382508 0.605028
vn 0.780899 0.177990 0.598763
vn 0.789087 0.160463 0.592954
vn 0.069997 0.931157 0.357837
vn 0.052330 0.934831 0.351217
vn 0.237385 0.850385 0.469568
vn 0.255841 0.842589 0.473909
vn 0.423441 0.719412 0.550585
vn 0.441032 0.707618 0.552057
vn 0.590537 0.546438 0.593862
vn 0.605664 0.531358 0.592308
vn 0.720897 0.340786 0.603467
vn 0.732250 0.323692 0.599194
vn 0.807741 0.097747 0.581377
vn 0.800834 0.115330 0.587676
vn 0.106191 0.917448 0.383423
vn 0.124211 0.912642 0.389429
vn 0.311811 0.811004 0.495022
vn 0.293497 0.819937 0.491491
vn 0.476149 0.676601 0.561688
vn 0.493197 0.663771 0.562285
vn 0.648756 0.477585 0.592476
vn 0.634599 0.493392 0.594852
vn 0.751993 0.280496 0.596514
vn 0.762069 0.263145 0.591613
vn 0.821826 0.034752 0.568678
vn 0.816220 0.052230 0.575375
vn 0.161200 0.896433 0.412821
vn 0.179424 0.890483 0.418146
vn 0.367299 0.775830 0.513010
vn 0.349187 0.785911 0.510306
vn 0.526892 0.630711 0.569726
vn 0.543278 0.616906 0.569452
vn 0.675415 0.437874 0.593364
vn 0.688476 0.421482 0.590216
vn 0.778884 0.219015 0.587684
vn 0.787731 0.201374 0.582175
vn 0.051584 0.945139 0.322570
vn 0.034259 0.948186 0.315863
vn 0.216945 0.871764 0.439275
vn 0.235328 0.864628 0.443890
vn 0.421794 0.737184 0.527872
vn 0.403950 0.748426 0.526006
vn 0.575334 0.581724 0.574967
vn 0.590862 0.567086 0.573843
vn 0.724532 0.363283 0.585730
vn 0.712615 0.380189 0.589607
vn 0.801301 0.156600 0.577401
vn 0.808900 0.138746 0.571341
vn 0.087099 0.932937 0.349345
vn 0.104835 0.928783 0.355488
vn 0.291318 0.835147 0.466544
vn 0.272904 0.843472 0.462686
vn 0.474829 0.695215 0.539642
vn 0.457521 0.707488 0.538642
vn 0.620973 0.530014 0.577476
vn 0.635646 0.514522 0.575518
vn 0.756721 0.303513 0.579011
vn 0.745957 0.320904 0.583583
vn 0.819291 0.093389 0.565721
vn 0.825566 0.075570 0.559223
vn 0.141348 0.914091 0.380076
vn 0.159371 0.908802 0.385590
vn 0.328761 0.811536 0.483039
vn 0.347014 0.802057 0.486092
vn 0.526024 0.649960 0.548499
vn 0.509319 0.663248 0.548358
vn 0.663577 0.475801 0.577303
vn 0.677284 0.459555 0.574540
vn 0.784721 0.242154 0.570591
vn 0.775200 0.259870 0.575788
vn 0.849733 0.013004 0.527052
vn 0.835976 0.017815 0.548477
vn 0.832527 0.029972 0.553172
vn 0.017584 0.959812 0.280092
vn 0.015577 0.966954 0.254474
vn 0.017976 0.959683 0.280509
vn 0.033715 0.957481 0.286521
vn 0.196567 0.891598 0.407939
vn 0.214775 0.885150 0.412773
vn 0.401915 0.765418 0.502594
vn 0.383993 0.776000 0.500373
vn 0.558992 0.615984 0.555060
vn 0.575018 0.601708 0.554348
vn 0.702804 0.419247 0.574716
vn 0.715408 0.402399 0.571198
vn 0.808337 0.179878 0.560567
vn 0.800177 0.197631 0.566267
vn 0.085856 0.943277 0.320715
vn 0.068467 0.946791 0.314484
vn 0.252306 0.865398 0.432930
vn 0.270537 0.857796 0.437031
vn 0.438198 0.736986 0.514620
vn 0.455743 0.725285 0.516004
vn 0.606244 0.565746 0.558927
vn 0.621316 0.550712 0.557389
vn 0.749712 0.343272 0.565770
vn 0.738300 0.360594 0.569987
vn 0.820638 0.134538 0.555386
vn 0.827543 0.116587 0.549163
vn 0.121774 0.930104 0.346521
vn 0.139544 0.925471 0.352180
vn 0.326323 0.826786 0.458190
vn 0.308119 0.835572 0.454843
vn 0.490900 0.694644 0.525820
vn 0.507909 0.681892 0.526357
vn 0.664675 0.496968 0.557879
vn 0.650563 0.512762 0.560216
vn 0.780056 0.282673 0.558219
vn 0.769881 0.300370 0.563082
vn 0.836502 0.070932 0.543353
vn 0.842074 0.053085 0.536744
vn 0.002456 0.973635 0.228096
vn 0.020250 0.968495 0.248208
vn 0.194339 0.903997 0.380817
vn 0.176274 0.909789 0.375780
vn 0.381606 0.792193 0.476243
vn 0.363595 0.802134 0.473688
vn 0.558068 0.635313 0.533796
vn 0.541784 0.649003 0.534102
vn 0.691664 0.457371 0.558939
vn 0.704750 0.440880 0.555835
vn 0.806168 0.220585 0.549032
vn 0.797279 0.238543 0.554476
vn 0.863796 -0.005509 0.503812
vn 0.851271 0.015116 0.524509
vn 0.050354 0.959008 0.278868
vn 0.067380 0.956110 0.285155
vn 0.231601 0.885802 0.402139
vn 0.249782 0.878850 0.406488
vn 0.435987 0.754067 0.491221
vn 0.418291 0.765140 0.489482
vn 0.605911 0.585695 0.538362
vn 0.590342 0.600362 0.539501
vn 0.741190 0.382694 0.551528
vn 0.729209 0.399788 0.555359
vn 0.820233 0.175809 0.544343
vn 0.827844 0.157623 0.538358
vn 0.120036 0.940490 0.317915
vn 0.102582 0.944476 0.312157
vn 0.287257 0.858112 0.425590
vn 0.305442 0.849991 0.429210
vn 0.488987 0.712539 0.503169
vn 0.471827 0.724646 0.502263
vn 0.636173 0.548972 0.542138
vn 0.650923 0.533389 0.540181
vn 0.762969 0.340217 0.549664
vn 0.773759 0.322643 0.545159
vn 0.844972 0.094025 0.526480
vn 0.838760 0.112055 0.532847
vn 0.156275 0.926338 0.342748
vn 0.174022 0.921234 0.347913
vn 0.360895 0.817476 0.448874
vn 0.342838 0.826760 0.446016
vn 0.523652 0.680886 0.512038
vn 0.540281 0.667708 0.512116
vn 0.679115 0.494812 0.542184
vn 0.692812 0.478541 0.539454
vn 0.792673 0.279185 0.541964
vn 0.802261 0.261157 0.536818
vn 0.857506 0.029980 0.513599
vn 0.852565 0.048104 0.520402
vn 0.049472 0.967249 0.248962
vn 0.032845 0.969555 0.242662
vn 0.211000 0.904530 0.370547
vn 0.228977 0.898267 0.375082
vn 0.415692 0.781383 0.465447
vn 0.397866 0.791824 0.463375
vn 0.589364 0.619770 0.518205
vn 0.573427 0.633934 0.518950
vn 0.718636 0.438315 0.539853
vn 0.731233 0.421410 0.536388
vn 0.818152 0.216651 0.532624
vn 0.826360 0.198554 0.526978
vn 0.100955 0.953834 0.282859
vn 0.083863 0.957191 0.277042
vn 0.266318 0.879049 0.395408
vn 0.284387 0.871616 0.399261
vn 0.451957 0.753352 0.477698
vn 0.469450 0.741760 0.478966
vn 0.620812 0.583936 0.523078
vn 0.635823 0.568973 0.521536
vn 0.765966 0.362320 0.531056
vn 0.754585 0.379693 0.535196
vn 0.839165 0.153244 0.521841
vn 0.846106 0.134884 0.515666
vn 0.136545 0.941238 0.308911
vn 0.154046 0.936776 0.314200
vn 0.339858 0.841252 0.420465
vn 0.321825 0.849857 0.417339
vn 0.521615 0.698802 0.489483
vn 0.504629 0.711474 0.489034
vn 0.665361 0.531243 0.524477
vn 0.679489 0.515419 0.522148
vn 0.786545 0.319220 0.528626
vn 0.796683 0.301444 0.523859
vn 0.855547 0.089229 0.509978
vn 0.861153 0.070849 0.503384
vn 0.016595 0.984405 0.175133
vn 0.015195 0.979321 0.201741
vn 0.032210 0.976726 0.212061
vn 0.019681 0.978099 0.207209
vn 0.190516 0.921652 0.338026
vn 0.208303 0.916051 0.342725
vn 0.394912 0.807245 0.438635
vn 0.377055 0.817008 0.436265
vn 0.555558 0.666285 0.497414
vn 0.571839 0.652644 0.497047
vn 0.719829 0.459467 0.520324
vn 0.706736 0.476002 0.523399
vn 0.814402 0.257312 0.520135
vn 0.823279 0.239188 0.514782
vn 0.889606 0.019470 0.456313
vn 0.876999 0.008779 0.480412
vn 0.868110 0.021722 0.495895
vn 0.867383 0.024736 0.497027
vn 0.082395 0.965464 0.247163
vn 0.065683 0.968221 0.241319
vn 0.263298 0.891600 0.368406
vn 0.245372 0.898353 0.364356
vn 0.431573 0.780579 0.452151
vn 0.449151 0.769662 0.453743
vn 0.619785 0.603345 0.501838
vn 0.604210 0.617987 0.503013
vn 0.744644 0.418466 0.519992
vn 0.756676 0.401232 0.516193
vn 0.837810 0.194295 0.510220
vn 0.845435 0.175822 0.504307
vn 0.134380 0.950643 0.279679
vn 0.117207 0.954470 0.274317
vn 0.300618 0.871372 0.387736
vn 0.318612 0.863436 0.391108
vn 0.502086 0.728645 0.465817
vn 0.485013 0.740617 0.465025
vn 0.650240 0.566821 0.505867
vn 0.664996 0.551243 0.503897
vn 0.789633 0.341239 0.509937
vn 0.778809 0.358969 0.514391
vn 0.856851 0.130206 0.498851
vn 0.863049 0.111887 0.492573
vn 0.002364 0.988920 0.148428
vn 0.017870 0.984630 0.173739
vn 0.170303 0.937079 0.304761
vn 0.187800 0.932146 0.309573
vn 0.373775 0.831599 0.410774
vn 0.355926 0.840679 0.408137
vn 0.553403 0.684215 0.474968
vn 0.536790 0.697322 0.474973
vn 0.707125 0.496606 0.503345
vn 0.693428 0.512890 0.506065
vn 0.818530 0.279505 0.501883
vn 0.808942 0.297676 0.506953
vn 0.871191 0.065749 0.486522
vn 0.876114 0.047229 0.479786
vn 0.064415 0.975414 0.210757
vn 0.048102 0.977596 0.204919
vn 0.224488 0.916025 0.332422
vn 0.242238 0.909941 0.336642
vn 0.410709 0.806344 0.425591
vn 0.428367 0.796092 0.427481
vn 0.586601 0.650823 0.482005
vn 0.602541 0.636702 0.481201
vn 0.733236 0.456561 0.503902
vn 0.745878 0.439557 0.500455
vn 0.843055 0.216678 0.492249
vn 0.834818 0.235036 0.497833
vn 0.098360 0.965997 0.239111
vn 0.115157 0.962785 0.244507
vn 0.279374 0.891247 0.357253
vn 0.297209 0.884012 0.360819
vn 0.464659 0.768432 0.440005
vn 0.481998 0.757024 0.441125
vn 0.649164 0.586246 0.484667
vn 0.634169 0.601164 0.486242
vn 0.780957 0.380350 0.495419
vn 0.769472 0.397953 0.499546
vn 0.863263 0.152644 0.481121
vn 0.856329 0.171251 0.487210
vn 0.167604 0.946542 0.275620
vn 0.150379 0.950841 0.270715
vn 0.334504 0.862756 0.379156
vn 0.352379 0.854325 0.382045
vn 0.534084 0.714586 0.451798
vn 0.517228 0.727089 0.451461
vn 0.678879 0.548712 0.487892
vn 0.693048 0.532852 0.485545
vn 0.801833 0.337575 0.493059
vn 0.812098 0.319472 0.488297
vn 0.873209 0.106926 0.475471
vn 0.878820 0.088171 0.468937
vn 0.031240 0.985285 0.168038
vn 0.047082 0.983651 0.173821
vn 0.221286 0.926603 0.304039
vn 0.203796 0.932013 0.299698
vn 0.389432 0.830599 0.398056
vn 0.407142 0.821012 0.400218
vn 0.568178 0.682324 0.460009
vn 0.584320 0.668859 0.459563
vn 0.733638 0.477122 0.483870
vn 0.720510 0.493714 0.486942
vn 0.839046 0.257098 0.479482
vn 0.830132 0.275443 0.484781
vn 0.890137 0.021341 0.455193
vn 0.885488 0.041900 0.462770
vn 0.096459 0.973234 0.208595
vn 0.080083 0.975855 0.203207
vn 0.258173 0.909478 0.325878
vn 0.275804 0.902936 0.329605
vn 0.461203 0.784047 0.415406
vn 0.443800 0.794766 0.413992
vn 0.616951 0.634468 0.465642
vn 0.632413 0.619978 0.464415
vn 0.770751 0.419075 0.479915
vn 0.758756 0.436293 0.483671
vn 0.861695 0.193505 0.469083
vn 0.854061 0.212202 0.474921
vn 0.130997 0.962889 0.235976
vn 0.147740 0.959243 0.240885
vn 0.312995 0.883225 0.349209
vn 0.330704 0.875515 0.352289
vn 0.514013 0.743582 0.427640
vn 0.497073 0.755380 0.426988
vn 0.663094 0.583677 0.468643
vn 0.677752 0.568234 0.466651
vn 0.793279 0.376710 0.478329
vn 0.804054 0.358990 0.473944
vn 0.873519 0.147805 0.463809
vn 0.879733 0.129161 0.457588
vn 0.012827 0.992506 0.121519
vn 0.030514 0.990195 0.136319
vn 0.020626 0.990948 0.132652
vn 0.200566 0.941556 0.270639
vn 0.183377 0.946311 0.266212
vn 0.385549 0.844351 0.372053
vn 0.367928 0.853219 0.369658
vn 0.565311 0.699682 0.436886
vn 0.548820 0.712619 0.437001
vn 0.720113 0.513776 0.466339
vn 0.706517 0.529930 0.469050
vn 0.823781 0.315467 0.471026
vn 0.833375 0.297178 0.466016
vn 0.888401 0.082927 0.451517
vn 0.893275 0.064207 0.444902
vn 0.062481 0.984015 0.166768
vn 0.078385 0.981954 0.172109
vn 0.237013 0.926040 0.293725
vn 0.254492 0.920146 0.297598
vn 0.422473 0.819587 0.387031
vn 0.439942 0.809538 0.388714
vn 0.614546 0.652603 0.443219
vn 0.598724 0.666559 0.444104
vn 0.746499 0.473874 0.467100
vn 0.759174 0.456814 0.463656
vn 0.858367 0.234049 0.456539
vn 0.850051 0.252737 0.462102
vn 0.913143 0.006365 0.407590
vn 0.901776 0.010830 0.432068
vn 0.899403 0.020133 0.436657
vn 0.128469 0.970179 0.205547
vn 0.111986 0.973254 0.200590
vn 0.309001 0.895000 0.321705
vn 0.291382 0.902049 0.318441
vn 0.476198 0.782311 0.401528
vn 0.493375 0.771099 0.402476
vn 0.646232 0.617379 0.448583
vn 0.661263 0.602472 0.446944
vn 0.794598 0.397806 0.458655
vn 0.783101 0.415463 0.462757
vn 0.879000 0.169942 0.445509
vn 0.872068 0.188753 0.451519
vn 0.003690 0.997698 0.067708
vn 0.012439 0.995437 0.094609
vn 0.017935 0.995113 0.097104
vn 0.180157 0.954800 0.236432
vn 0.163297 0.958923 0.231952
vn 0.346150 0.874305 0.340251
vn 0.363742 0.866107 0.342857
vn 0.528690 0.741532 0.413058
vn 0.545406 0.729215 0.413254
vn 0.705348 0.549428 0.447898
vn 0.691142 0.565300 0.450288
vn 0.826069 0.336878 0.451799
vn 0.815821 0.355020 0.456505
vn 0.889421 0.124033 0.439938
vn 0.895035 0.104965 0.433469
vn 0.045631 0.990493 0.129771
vn 0.061026 0.988961 0.135027
vn 0.233254 0.935687 0.264730
vn 0.216117 0.940898 0.260776
vn 0.400762 0.842825 0.359216
vn 0.418261 0.833447 0.361142
vn 0.579548 0.697327 0.421733
vn 0.595716 0.683912 0.421173
vn 0.732940 0.510525 0.449625
vn 0.746088 0.493919 0.446538
vn 0.844492 0.292859 0.448405
vn 0.853383 0.274456 0.443184
vn 0.902195 0.058736 0.427310
vn 0.906400 0.039803 0.420541
vn 0.093621 0.981903 0.164626
vn 0.109611 0.979409 0.169538
vn 0.269885 0.919163 0.286883
vn 0.287229 0.912821 0.290272
vn 0.472058 0.797196 0.376351
vn 0.454840 0.807707 0.375141
vn 0.643715 0.635571 0.426240
vn 0.628310 0.649947 0.427546
vn 0.783530 0.435951 0.442750
vn 0.771514 0.453214 0.446501
vn 0.868834 0.229370 0.438768
vn 0.876470 0.210505 0.432999
vn 0.143685 0.969782 0.197171
vn 0.160152 0.966272 0.201666
vn 0.341736 0.886183 0.312883
vn 0.324274 0.893691 0.310100
vn 0.524764 0.757328 0.388685
vn 0.507933 0.768963 0.388200
vn 0.689232 0.584160 0.428621
vn 0.674640 0.599490 0.430664
vn 0.817169 0.375945 0.436921
vn 0.806273 0.393900 0.441323
vn 0.894971 0.145898 0.421592
vn 0.888694 0.164953 0.427800
vn 0.029447 0.995285 0.092415
vn 0.044475 0.994230 0.097617
vn 0.195437 0.954062 0.227089
vn 0.212326 0.949474 0.231121
vn 0.396210 0.855808 0.332580
vn 0.378767 0.864489 0.330446
vn 0.575934 0.714054 0.398029
vn 0.559620 0.726772 0.398281
vn 0.731730 0.530016 0.428549
vn 0.718117 0.546160 0.431296
vn 0.846836 0.314189 0.429132
vn 0.837210 0.332610 0.434109
vn 0.908935 0.080606 0.409072
vn 0.904075 0.099595 0.415608
vn 0.091448 0.986887 0.133012
vn 0.075829 0.988854 0.128132
vn 0.265600 0.928932 0.257959
vn 0.248484 0.934614 0.254464
vn 0.433056 0.831516 0.347913
vn 0.450304 0.821688 0.349363
vn 0.609492 0.681173 0.405615
vn 0.625145 0.667434 0.404631
vn 0.758479 0.490296 0.429326
vn 0.771089 0.473332 0.425886
vn 0.872242 0.251016 0.419744
vn 0.863915 0.269837 0.425252
vn 0.914669 0.034114 0.402762
vn 0.923836 0.013449 0.382552
vn 0.917061 0.021357 0.398174
vn 0.124581 0.978949 0.161671
vn 0.140634 0.976020 0.166152
vn 0.302373 0.911417 0.279085
vn 0.319645 0.904599 0.282007
vn 0.486513 0.794969 0.362395
vn 0.503518 0.783960 0.363147
vn 0.672014 0.617742 0.408402
vn 0.657039 0.632535 0.410121
vn 0.795290 0.432028 0.425282
vn 0.806717 0.414467 0.421218
vn 0.886323 0.205549 0.414948
vn 0.893205 0.186711 0.409052
vn 0.040597 0.999003 0.018590
vn 0.010897 0.999116 0.040604
vn 0.028631 0.997799 0.059813
vn 0.019177 0.999632 0.019179
vn 0.020315 0.998173 0.056905
vn 0.175189 0.965464 0.192841
vn 0.191672 0.961507 0.196891
vn 0.373940 0.876486 0.303218
vn 0.356603 0.884472 0.300904
vn 0.555466 0.742667 0.374037
vn 0.538883 0.754802 0.374005
vn 0.716125 0.565160 0.409585
vn 0.702060 0.580828 0.412009
vn 0.838594 0.353513 0.414473
vn 0.828345 0.371699 0.419148
vn 0.904153 0.140591 0.403412
vn 0.909737 0.121386 0.397045
vn 0.073905 0.992629 0.096048
vn 0.058887 0.994082 0.091289
vn 0.244133 0.943285 0.224972
vn 0.227278 0.948329 0.221398
vn 0.428142 0.844618 0.321425
vn 0.410858 0.853786 0.319758
vn 0.589643 0.711238 0.382703
vn 0.605691 0.698002 0.382010
vn 0.757226 0.509803 0.408300
vn 0.744088 0.526370 0.411421
vn 0.857322 0.309649 0.411237
vn 0.866300 0.290994 0.406014
vn 0.917332 0.075006 0.390993
vn 0.921513 0.055832 0.384313
vn 0.106107 0.986379 0.125691
vn 0.121686 0.984003 0.130118
vn 0.280500 0.927451 0.247293
vn 0.297578 0.921293 0.250331
vn 0.481659 0.809081 0.336738
vn 0.464664 0.819365 0.335751
vn 0.653728 0.650113 0.387289
vn 0.638422 0.664328 0.388698
vn 0.782774 0.469424 0.408542
vn 0.794854 0.452080 0.404760
vn 0.882104 0.246144 0.401628
vn 0.889791 0.227041 0.395883
vn 0.933819 -0.008774 0.357637
vn 0.928949 0.018533 0.369743
vn 0.155423 0.975155 0.157852
vn 0.171465 0.971799 0.161885
vn 0.351506 0.895523 0.272913
vn 0.334378 0.902797 0.270461
vn 0.534209 0.769895 0.349118
vn 0.517508 0.781350 0.348823
vn 0.684768 0.614363 0.391982
vn 0.699332 0.599121 0.389858
vn 0.817925 0.410221 0.403382
vn 0.828802 0.392286 0.398997
vn 0.902445 0.181490 0.390710
vn 0.908740 0.162211 0.384552
vn 0.042790 0.997625 0.053985
vn 0.067701 0.997549 0.017687
vn 0.057253 0.996637 0.058617
vn 0.041427 0.998958 0.019160
vn 0.206448 0.960294 0.187654
vn 0.222891 0.955899 0.191248
vn 0.405619 0.865925 0.292656
vn 0.388460 0.874373 0.290812
vn 0.585275 0.727220 0.358615
vn 0.569068 0.739772 0.359026
vn 0.728425 0.561481 0.392601
vn 0.742025 0.545398 0.389795
vn 0.858746 0.330596 0.391486
vn 0.849162 0.348974 0.396409
vn 0.918236 0.115864 0.378705
vn 0.923084 0.096671 0.372250
vn 0.088318 0.992087 0.089243
vn 0.103413 0.990225 0.093594
vn 0.258835 0.941733 0.214811
vn 0.275588 0.936249 0.217918
vn 0.442359 0.842207 0.308229
vn 0.459396 0.832591 0.309431
vn 0.618829 0.694838 0.366403
vn 0.634456 0.681200 0.365284
vn 0.768954 0.505849 0.390931
vn 0.781477 0.489031 0.387481
vn 0.876276 0.286127 0.387648
vn 0.884552 0.267348 0.382221
vn 0.929314 0.049975 0.365893
vn 0.932782 0.030749 0.359128
vn 0.136123 0.983101 0.122404
vn 0.151818 0.980290 0.126426
vn 0.312110 0.919418 0.239288
vn 0.329079 0.912803 0.241864
vn 0.495568 0.806377 0.322750
vn 0.512342 0.795610 0.323281
vn 0.666453 0.646662 0.371037
vn 0.681315 0.632048 0.369222
vn 0.817477 0.430233 0.382924
vn 0.806015 0.447840 0.387013
vn 0.899005 0.221920 0.377546
vn 0.905957 0.202774 0.371652
vn 0.185868 0.970548 0.153263
vn 0.202074 0.966721 0.156898
vn 0.365858 0.893330 0.260978
vn 0.382911 0.885563 0.262976
vn 0.564122 0.755021 0.334229
vn 0.547765 0.766904 0.334383
vn 0.725600 0.579812 0.370572
vn 0.711558 0.595398 0.373077
vn 0.849631 0.369522 0.376273
vn 0.839354 0.387765 0.380949
vn 0.922897 0.137368 0.359711
vn 0.917311 0.156760 0.366014
vn 0.094604 0.995380 0.016398
vn 0.069081 0.997437 0.018628
vn 0.085869 0.994695 0.056638
vn 0.071282 0.996079 0.052389
vn 0.253838 0.949432 0.184784
vn 0.237360 0.954292 0.181622
vn 0.436700 0.854534 0.281185
vn 0.419795 0.863411 0.279809
vn 0.598418 0.723955 0.343200
vn 0.614230 0.710995 0.342357
vn 0.753708 0.541410 0.372558
vn 0.766825 0.524916 0.369382
vn 0.868679 0.325787 0.373174
vn 0.877726 0.306948 0.367941
vn 0.930939 0.090923 0.353673
vn 0.935127 0.071434 0.347036
vn 0.117467 0.989304 0.086475
vn 0.132669 0.987027 0.090429
vn 0.289933 0.934308 0.207382
vn 0.306641 0.928361 0.210042
vn 0.473168 0.829804 0.295869
vn 0.489958 0.819733 0.296612
vn 0.662310 0.663654 0.347720
vn 0.647138 0.677670 0.349252
vn 0.792639 0.484761 0.369770
vn 0.804679 0.467505 0.365965
vn 0.901506 0.243093 0.358041
vn 0.893823 0.262258 0.363733
vn 0.951852 0.010699 0.306372
vn 0.943195 0.011842 0.332029
vn 0.939877 0.024725 0.340616
vn 0.940293 0.021990 0.339654
vn 0.165921 0.979008 0.118375
vn 0.181555 0.975789 0.121955
vn 0.343281 0.910533 0.230408
vn 0.360057 0.903491 0.232516
vn 0.542295 0.781312 0.308979
vn 0.525811 0.792530 0.308900
vn 0.707966 0.613200 0.350386
vn 0.693517 0.628255 0.352605
vn 0.828054 0.425690 0.364849
vn 0.838893 0.407825 0.360468
vn 0.920889 0.178002 0.346812
vn 0.914610 0.197361 0.352898
vn 0.216284 0.965073 0.147837
vn 0.232332 0.960843 0.151005
vn 0.396886 0.882983 0.250645
vn 0.413811 0.874736 0.252187
vn 0.593229 0.739311 0.318588
vn 0.577147 0.751681 0.319181
vn 0.737289 0.575755 0.353426
vn 0.750779 0.559858 0.350558
vn 0.869157 0.346313 0.353034
vn 0.859562 0.364724 0.357952
vn 0.930772 0.131723 0.341046
vn 0.935648 0.112230 0.334614
vn 0.096627 0.995161 0.017800
vn 0.121510 0.992481 0.014730
vn 0.114207 0.991992 0.053941
vn 0.099575 0.993768 0.050093
vn 0.267951 0.947442 0.174802
vn 0.284339 0.942146 0.177516
vn 0.450346 0.851666 0.268057
vn 0.467115 0.842290 0.268983
vn 0.626853 0.707382 0.326597
vn 0.642326 0.693959 0.325327
vn 0.777958 0.520606 0.351782
vn 0.790444 0.503883 0.348282
vn 0.895301 0.283060 0.343967
vn 0.887027 0.301876 0.349361
vn 0.942286 0.065508 0.328338
vn 0.945749 0.045999 0.321625
vn 0.161702 0.983046 0.086443
vn 0.146529 0.985725 0.082916
vn 0.337268 0.919630 0.201323
vn 0.320651 0.926033 0.199112
vn 0.519845 0.806072 0.282860
vn 0.503383 0.816553 0.282571
vn 0.689199 0.645387 0.329365
vn 0.674491 0.659775 0.331298
vn 0.815258 0.462929 0.347924
vn 0.826680 0.445413 0.343813
vn 0.917149 0.218437 0.333350
vn 0.910170 0.237735 0.339223
vn 0.211252 0.970457 0.116557
vn 0.195604 0.974105 0.113398
vn 0.373874 0.900843 0.220681
vn 0.390594 0.893307 0.222347
vn 0.555231 0.777887 0.294297
vn 0.571387 0.766236 0.293938
vn 0.719594 0.609087 0.333464
vn 0.733572 0.593638 0.330858
vn 0.859088 0.384863 0.337414
vn 0.848870 0.402994 0.342075
vn 0.928826 0.172403 0.327962
vn 0.934408 0.152895 0.321720
vn 0.246256 0.958812 0.141554
vn 0.262266 0.954147 0.144288
vn 0.427309 0.871795 0.239543
vn 0.443930 0.863150 0.240623
vn 0.605800 0.735608 0.303129
vn 0.621413 0.722894 0.302110
vn 0.761883 0.555494 0.333107
vn 0.774935 0.539137 0.329860
vn 0.878480 0.341243 0.334403
vn 0.887518 0.322410 0.329186
vn 0.942903 0.106347 0.315634
vn 0.947068 0.086757 0.309088
vn 0.148424 0.988843 0.012625
vn 0.124207 0.992116 0.016682
vn 0.127764 0.990691 0.046995
vn 0.142460 0.988514 0.050450
vn 0.298167 0.939770 0.167120
vn 0.314460 0.934035 0.169389
vn 0.496948 0.829198 0.255877
vn 0.480406 0.839035 0.255403
vn 0.669492 0.676147 0.307581
vn 0.654390 0.690020 0.309268
vn 0.813007 0.482064 0.326550
vn 0.800958 0.499289 0.330419
vn 0.911675 0.258475 0.319438
vn 0.903969 0.277738 0.325117
vn 0.959712 0.016242 0.280517
vn 0.954731 0.022488 0.296621
vn 0.952272 0.039855 0.302639
vn 0.175372 0.981366 0.078523
vn 0.190643 0.978258 0.081655
vn 0.367334 0.910096 0.191810
vn 0.350872 0.916935 0.190050
vn 0.532717 0.802555 0.268547
vn 0.548924 0.791610 0.268395
vn 0.700805 0.641192 0.312643
vn 0.715105 0.626365 0.310309
vn 0.836560 0.440599 0.325637
vn 0.847469 0.422648 0.321192
vn 0.925126 0.212872 0.314369
vn 0.931407 0.193427 0.308328
vn 0.224836 0.968422 0.107738
vn 0.240538 0.964331 0.110487
vn 0.420510 0.882334 0.211325
vn 0.404038 0.890283 0.210118
vn 0.599753 0.750326 0.278042
vn 0.583882 0.762450 0.278840
vn 0.744629 0.589213 0.313616
vn 0.758043 0.573468 0.310653
vn 0.868347 0.379816 0.318925
vn 0.877998 0.361309 0.313967
vn 0.946577 0.127364 0.296262
vn 0.941676 0.147092 0.302671
vn 0.291841 0.946638 0.136766
vn 0.275868 0.951744 0.134463
vn 0.457124 0.859817 0.227491
vn 0.473557 0.850708 0.228122
vn 0.648696 0.705718 0.284878
vn 0.633455 0.718859 0.286316
vn 0.785435 0.534482 0.312123
vn 0.797841 0.517919 0.308561
vn 0.904466 0.298208 0.304980
vn 0.896157 0.317115 0.310386
vn 0.953640 0.080689 0.289931
vn 0.957101 0.060960 0.283271
vn 0.175157 0.984490 0.009940
vn 0.155763 0.986851 0.043153
vn 0.170506 0.984272 0.046215
vn 0.151760 0.988300 0.015239
vn 0.327934 0.931289 0.158620
vn 0.344085 0.925129 0.160442
vn 0.525918 0.815359 0.242073
vn 0.509682 0.825615 0.242043
vn 0.695617 0.657678 0.289097
vn 0.681022 0.671881 0.291178
vn 0.822908 0.477189 0.308405
vn 0.834243 0.459849 0.304266
vn 0.919659 0.252940 0.300414
vn 0.926654 0.233553 0.294560
vn 0.967069 -0.002320 0.254505
vn 0.962251 0.019560 0.271458
vn 0.219121 0.972727 0.076083
vn 0.204006 0.976215 0.073390
vn 0.380665 0.907011 0.180072
vn 0.396957 0.899736 0.181383
vn 0.577241 0.776364 0.253083
vn 0.561359 0.787735 0.253672
vn 0.739988 0.606608 0.290594
vn 0.726111 0.621874 0.293319
vn 0.866907 0.399584 0.298000
vn 0.856768 0.417546 0.302660
vn 0.944296 0.168069 0.282944
vn 0.938714 0.187655 0.289139
vn 0.253889 0.961919 0.101257
vn 0.269466 0.957424 0.103569
vn 0.433507 0.878958 0.198760
vn 0.449868 0.870522 0.199528
vn 0.627138 0.733727 0.261424
vn 0.611708 0.746213 0.262639
vn 0.781476 0.552560 0.289780
vn 0.768506 0.568753 0.293119
vn 0.895663 0.337308 0.289847
vn 0.886707 0.355961 0.295029
vn 0.953175 0.121365 0.276997
vn 0.957350 0.101577 0.270486
vn 0.320978 0.938335 0.128455
vn 0.305093 0.943872 0.126582
vn 0.486202 0.847051 0.214737
vn 0.502406 0.837493 0.214928
vn 0.660161 0.701376 0.268811
vn 0.675101 0.687731 0.266954
vn 0.819705 0.495918 0.286618
vn 0.807727 0.512989 0.290551
vn 0.912487 0.292662 0.285860
vn 0.920167 0.273449 0.280210
vn 0.965731 0.034882 0.257189
vn 0.962984 0.054724 0.263944
vn 0.201769 0.979411 0.006621
vn 0.198349 0.979264 0.041218
vn 0.179361 0.983688 0.013683
vn 0.183574 0.982250 0.038550
vn 0.373324 0.915371 0.150748
vn 0.357143 0.922033 0.149346
vn 0.554209 0.800702 0.227439
vn 0.538218 0.811423 0.227846
vn 0.706570 0.653112 0.272403
vn 0.720739 0.638493 0.269930
vn 0.843506 0.454721 0.285878
vn 0.854401 0.436836 0.281378
vn 0.940266 0.208308 0.269273
vn 0.933984 0.227798 0.275284
vn 0.232179 0.970330 0.067472
vn 0.247441 0.966387 0.069783
vn 0.409761 0.896326 0.169397
vn 0.425924 0.888592 0.170274
vn 0.604759 0.760298 0.237094
vn 0.589096 0.772183 0.238116
vn 0.763729 0.586228 0.270286
vn 0.750368 0.601843 0.273375
vn 0.875558 0.394244 0.279231
vn 0.885244 0.375696 0.274219
vn 0.950904 0.162127 0.263624
vn 0.955824 0.142236 0.257234
vn 0.282474 0.954659 0.093995
vn 0.298016 0.949732 0.095891
vn 0.478490 0.857952 0.186992
vn 0.462378 0.866812 0.186664
vn 0.638520 0.729313 0.245754
vn 0.653585 0.716401 0.244124
vn 0.791298 0.547584 0.272027
vn 0.803664 0.531135 0.268364
vn 0.911984 0.312833 0.265371
vn 0.903658 0.331768 0.270800
vn 0.963277 0.095390 0.250996
vn 0.966732 0.075521 0.244388
vn 0.333832 0.935224 0.117949
vn 0.349570 0.929272 0.119391
vn 0.514627 0.833484 0.201154
vn 0.530529 0.823513 0.200910
vn 0.700420 0.669141 0.248317
vn 0.686024 0.683076 0.250556
vn 0.828933 0.490744 0.268404
vn 0.840224 0.473523 0.264196
vn 0.927502 0.267703 0.260911
vn 0.934500 0.248297 0.255064
vn 0.979335 0.012762 0.201841
vn 0.973557 0.012921 0.228078
vn 0.970893 0.028526 0.237808
vn 0.971750 0.020615 0.235110
vn 0.228064 0.973643 0.002322
vn 0.211115 0.976896 0.033222
vn 0.207035 0.978256 0.012339
vn 0.225737 0.973542 0.035468
vn 0.385990 0.911924 0.139304
vn 0.401855 0.904897 0.140260
vn 0.565995 0.796444 0.212900
vn 0.581589 0.785354 0.212069
vn 0.731117 0.633634 0.252935
vn 0.744806 0.618645 0.250085
vn 0.873133 0.413613 0.257999
vn 0.863042 0.431449 0.262697
vn 0.946905 0.202372 0.249831
vn 0.952478 0.182778 0.243677
vn 0.275298 0.959312 0.062701
vn 0.260200 0.963638 0.060816
vn 0.438360 0.884823 0.157888
vn 0.454272 0.876681 0.158328
vn 0.616065 0.755811 0.221841
vn 0.631270 0.743585 0.220410
vn 0.773582 0.581150 0.252657
vn 0.786359 0.565265 0.249230
vn 0.902170 0.351500 0.250076
vn 0.893202 0.370151 0.255300
vn 0.961770 0.136094 0.237650
vn 0.965952 0.116179 0.231169
vn 0.326085 0.941288 0.087443
vn 0.310677 0.946620 0.085972
vn 0.490597 0.853892 0.173736
vn 0.506465 0.844598 0.173629
vn 0.664488 0.711654 0.228044
vn 0.679178 0.698312 0.226005
vn 0.824755 0.509046 0.246276
vn 0.812901 0.525881 0.250280
vn 0.919311 0.307082 0.246105
vn 0.926991 0.287879 0.240443
vn 0.971941 0.069205 0.224812
vn 0.974678 0.049251 0.218121
vn 0.377789 0.919394 0.109499
vn 0.362116 0.925799 0.108480
vn 0.542251 0.819183 0.186820
vn 0.557901 0.808762 0.186148
vn 0.724755 0.649829 0.229028
vn 0.710745 0.664210 0.231662
vn 0.859688 0.450336 0.241111
vn 0.848842 0.468091 0.245678
vn 0.941114 0.242396 0.235689
vn 0.947428 0.222796 0.229658
vn 0.254538 0.967051 -0.004715
vn 0.235159 0.971871 0.012940
vn 0.264047 0.964280 0.021048
vn 0.238284 0.970818 0.027081
vn 0.252969 0.967041 0.028943
vn 0.429894 0.893623 0.128953
vn 0.414164 0.901097 0.128424
vn 0.608194 0.769226 0.195935
vn 0.592880 0.780775 0.197188
vn 0.754643 0.613482 0.232709
vn 0.767840 0.598126 0.229493
vn 0.890717 0.389689 0.234021
vn 0.881140 0.407986 0.239039
vn 0.958466 0.176630 0.223932
vn 0.963367 0.156769 0.217596
vn 0.280518 0.959668 0.018651
vn 0.279234 0.960017 0.019880
vn 0.287708 0.956228 0.053410
vn 0.302786 0.951476 0.054894
vn 0.482017 0.863964 0.145691
vn 0.466198 0.872604 0.145679
vn 0.642108 0.738765 0.204752
vn 0.656945 0.726119 0.202912
vn 0.807837 0.543662 0.227665
vn 0.795536 0.559960 0.231448
vn 0.917790 0.326920 0.225353
vn 0.909525 0.345696 0.230780
vn 0.974643 0.089937 0.204897
vn 0.971189 0.109893 0.211460
vn 0.338421 0.937827 0.077153
vn 0.353715 0.932078 0.078208
vn 0.533669 0.830501 0.159579
vn 0.518043 0.840236 0.160111
vn 0.689482 0.693289 0.209678
vn 0.703642 0.679654 0.207266
vn 0.833337 0.503560 0.227984
vn 0.844567 0.486489 0.223685
vn 0.933609 0.281963 0.221067
vn 0.940596 0.262601 0.215220
vn 0.984403 0.017694 0.175035
vn 0.981155 0.023459 0.191795
vn 0.979206 0.042769 0.198311
vn 0.389838 0.915617 0.098345
vn 0.405393 0.908772 0.098947
vn 0.569101 0.804127 0.171767
vn 0.584407 0.793308 0.170677
vn 0.748092 0.629813 0.209030
vn 0.734518 0.644608 0.212046
vn 0.867631 0.444691 0.222413
vn 0.877725 0.426894 0.217625
vn 0.958992 0.197000 0.203780
vn 0.953403 0.216672 0.209944
vn 0.457191 0.881644 0.116965
vn 0.441701 0.889519 0.116859
vn 0.633897 0.752408 0.179044
vn 0.618987 0.764331 0.180703
vn 0.776962 0.592762 0.212045
vn 0.789642 0.577062 0.208482
vn 0.897987 0.383907 0.215023
vn 0.907011 0.365178 0.209703
vn 0.972802 0.130527 0.191359
vn 0.968616 0.150506 0.197817
vn 0.332062 0.943198 0.010561
vn 0.306367 0.951784 0.015718
vn 0.306632 0.951704 0.015370
vn 0.314930 0.948038 0.045210
vn 0.329823 0.942908 0.046280
vn 0.493575 0.859532 0.132619
vn 0.508952 0.850581 0.132210
vn 0.681667 0.707942 0.184791
vn 0.667177 0.721036 0.187036
vn 0.816384 0.538116 0.209639
vn 0.828150 0.521466 0.205524
vn 0.924399 0.320984 0.206049
vn 0.932067 0.301838 0.200362
vn 0.979172 0.083520 0.185057
vn 0.981920 0.063374 0.178374
vn 0.365629 0.928301 0.067626
vn 0.380783 0.922141 0.068269
vn 0.560080 0.815699 0.144728
vn 0.544817 0.825805 0.145676
vn 0.727188 0.660228 0.187875
vn 0.713347 0.674368 0.190692
vn 0.863239 0.463301 0.200427
vn 0.852553 0.480740 0.205043
vn 0.946583 0.256455 0.195479
vn 0.952876 0.236925 0.189455
vn 0.988923 -0.000280 0.148428
vn 0.985603 0.020177 0.167870
vn 0.432346 0.897440 0.087622
vn 0.417061 0.904663 0.087441
vn 0.610167 0.777060 0.154509
vn 0.595067 0.788386 0.156022
vn 0.770217 0.609275 0.188544
vn 0.757186 0.624372 0.191908
vn 0.894498 0.402960 0.193641
vn 0.885013 0.421036 0.198697
vn 0.964240 0.190750 0.183999
vn 0.969147 0.170850 0.177664
vn 0.484054 0.868811 0.104202
vn 0.468588 0.877212 0.104517
vn 0.644064 0.747265 0.163636
vn 0.658651 0.734897 0.161571
vn 0.798194 0.571424 0.190684
vn 0.810323 0.555415 0.186790
vn 0.913606 0.359206 0.190514
vn 0.921844 0.340531 0.185045
vn 0.977320 0.124163 0.171547
vn 0.980794 0.104047 0.164975
vn 0.356348 0.933620 0.037026
vn 0.357520 0.933894 0.004514
vn 0.334339 0.942367 0.012694
vn 0.341505 0.939177 0.036354
vn 0.519978 0.845865 0.118891
vn 0.535267 0.836392 0.118059
vn 0.691332 0.702583 0.168631
vn 0.705262 0.689232 0.166024
vn 0.836064 0.515688 0.187248
vn 0.847268 0.498713 0.182819
vn 0.938057 0.295658 0.180654
vn 0.945016 0.276394 0.174791
vn 0.987734 0.036677 0.151776
vn 0.985717 0.056875 0.158518
vn 0.407518 0.913043 0.016766
vn 0.392338 0.918033 0.057330
vn 0.407356 0.911453 0.057565
vn 0.570649 0.810739 0.130617
vn 0.585645 0.800195 0.129258
vn 0.749618 0.640220 0.167901
vn 0.736276 0.654699 0.171078
vn 0.870477 0.457410 0.181784
vn 0.880547 0.439710 0.176895
vn 0.963708 0.210992 0.163551
vn 0.958111 0.230680 0.169736
vn 0.443645 0.892997 0.075741
vn 0.458652 0.885402 0.075511
vn 0.634876 0.760253 0.137654
vn 0.620307 0.771846 0.139550
vn 0.778783 0.603536 0.171001
vn 0.791245 0.588166 0.167307
vn 0.901153 0.396873 0.174398
vn 0.910031 0.378493 0.169076
vn 0.973676 0.164484 0.157800
vn 0.977858 0.144513 0.151360
vn 0.494936 0.864097 0.091510
vn 0.509966 0.855390 0.090790
vn 0.682496 0.716685 0.143393
vn 0.668280 0.729472 0.145854
vn 0.818263 0.549532 0.168701
vn 0.829837 0.533212 0.164487
vn 0.935461 0.315290 0.159706
vn 0.927831 0.334308 0.165430
vn 0.984618 0.097541 0.144961
vn 0.987355 0.077421 0.138331
vn 0.382661 0.923866 -0.006426
vn 0.389775 0.920695 0.019913
vn 0.367683 0.929566 0.026761
vn 0.363002 0.931705 0.012449
vn 0.382393 0.923604 0.027034
vn 0.560660 0.821577 0.103304
vn 0.545728 0.831416 0.104538
vn 0.727923 0.669802 0.146607
vn 0.714340 0.683620 0.149606
vn 0.854499 0.492751 0.164404
vn 0.865080 0.475535 0.159695
vn 0.950232 0.270143 0.155186
vn 0.956528 0.250631 0.149123
vn 0.995406 0.013412 0.094801
vn 0.992511 0.013367 0.121423
vn 0.990844 0.030020 0.131628
vn 0.991506 0.020484 0.128437
vn 0.433333 0.900050 0.046172
vn 0.418472 0.907046 0.046343
vn 0.408171 0.912744 0.017176
vn 0.432091 0.901772 0.010220
vn 0.595762 0.794919 0.114766
vn 0.610466 0.783940 0.112997
vn 0.758141 0.634420 0.150773
vn 0.771009 0.619570 0.147236
vn 0.896632 0.415560 0.152845
vn 0.887130 0.433621 0.158026
vn 0.973140 0.184746 0.137360
vn 0.968237 0.204616 0.143699
vn 0.484421 0.872584 0.062724
vn 0.469468 0.880673 0.063365
vn 0.480189 0.876955 0.019180
vn 0.644472 0.754766 0.122408
vn 0.658741 0.742721 0.120111
vn 0.799114 0.582249 0.149675
vn 0.811169 0.566394 0.145612
vn 0.924231 0.353531 0.144269
vn 0.915931 0.372303 0.149870
vn 0.985160 0.117917 0.124719
vn 0.981696 0.137995 0.131263
vn 0.535170 0.841266 0.076581
vn 0.520454 0.850347 0.077703
vn 0.691496 0.711037 0.127510
vn 0.705236 0.697923 0.124683
vn 0.837063 0.527173 0.146340
vn 0.848129 0.510461 0.141797
vn 0.940654 0.309022 0.140273
vn 0.947609 0.289803 0.134353
vn 0.990472 0.070790 0.118130
vn 0.992491 0.050512 0.111404
vn 0.570721 0.816268 0.089356
vn 0.585330 0.806036 0.087721
vn 0.736447 0.663916 0.129850
vn 0.749527 0.649775 0.126498
vn 0.881617 0.451935 0.136036
vn 0.871678 0.469357 0.141003
vn 0.966639 0.224598 0.123143
vn 0.961049 0.244238 0.129356
vn 0.458572 0.888002 0.034127
vn 0.436098 0.899794 0.013749
vn 0.468965 0.882939 0.022146
vn 0.443983 0.895364 0.034694
vn 0.456477 0.889734 0.001767
vn 0.619970 0.778437 0.098348
vn 0.634274 0.767101 0.096194
vn 0.778850 0.613589 0.130005
vn 0.791146 0.598477 0.126148
vn 0.911317 0.391186 0.128355
vn 0.902561 0.409271 0.133719
vn 0.981154 0.158300 0.110810
vn 0.976983 0.178207 0.117245
vn 0.482937 0.875416 0.020455
vn 0.509411 0.859113 0.049244
vn 0.494780 0.867562 0.050282
vn 0.503922 0.863671 0.011599
vn 0.681618 0.724564 0.102003
vn 0.667727 0.737009 0.104684
vn 0.829802 0.544236 0.123434
vn 0.818392 0.560274 0.127779
vn 0.936984 0.328449 0.119092
vn 0.929461 0.347161 0.124823
vn 0.988274 0.111305 0.104528
vn 0.991016 0.091130 0.097894
vn 0.545141 0.835956 0.063240
vn 0.559687 0.826403 0.061710
vn 0.549819 0.835072 0.018816
vn 0.727044 0.678493 0.105138
vn 0.713769 0.691953 0.108328
vn 0.865165 0.487282 0.118517
vn 0.854744 0.504186 0.123323
vn 0.958389 0.264030 0.108529
vn 0.952147 0.283343 0.114601
vn 0.997549 0.018086 0.067601
vn 0.994859 0.043858 0.091282
vn 0.996134 0.023739 0.084580
vn 0.609090 0.789868 0.071530
vn 0.594831 0.800479 0.073554
vn 0.757334 0.643743 0.109731
vn 0.770017 0.629155 0.106006
vn 0.887573 0.445547 0.117057
vn 0.896932 0.427798 0.111807
vn 0.975368 0.198250 0.096713
vn 0.970485 0.218029 0.103068
vn 0.643287 0.761308 0.081191
vn 0.657128 0.749663 0.078670
vn 0.810237 0.576714 0.104482
vn 0.798359 0.592290 0.108703
vn 0.916549 0.384754 0.109098
vn 0.924778 0.366180 0.103426
vn 0.984258 0.151697 0.090691
vn 0.987728 0.131593 0.084123
vn 0.519240 0.853845 0.036591
vn 0.510606 0.859667 0.015961
vn 0.543289 0.839264 0.021764
vn 0.533603 0.845004 0.035161
vn 0.527096 0.849804 0.001759
vn 0.690084 0.718573 0.086231
vn 0.703600 0.705713 0.083168
vn 0.836383 0.537919 0.105385
vn 0.847354 0.521396 0.100686
vn 0.948441 0.302827 0.093568
vn 0.941501 0.321966 0.099568
vn 0.993388 0.084478 0.077735
vn 0.995407 0.064192 0.071022
vn 0.583358 0.810896 0.046279
vn 0.569078 0.820870 0.048203
vn 0.557393 0.829977 0.021251
vn 0.572299 0.819984 0.009999
vn 0.734823 0.672413 0.088859
vn 0.747677 0.658560 0.085306
vn 0.880976 0.463553 0.094869
vn 0.871066 0.480880 0.099993
vn 0.967797 0.237893 0.082314
vn 0.962231 0.257425 0.088567
vn 0.999175 0.000149 0.040606
vn 0.997942 0.020367 0.060804
vn 0.999584 0.020394 0.020394
vn 0.618027 0.784077 0.057150
vn 0.632022 0.773015 0.054730
vn 0.615806 0.787726 0.016444
vn 0.777233 0.622892 0.088960
vn 0.789301 0.608104 0.084936
vn 0.902135 0.421334 0.092896
vn 0.910852 0.403370 0.087412
vn 0.978459 0.191650 0.076737
vn 0.982635 0.171733 0.070255
vn 0.665543 0.743655 0.063480
vn 0.679150 0.731498 0.060555
vn 0.816838 0.570306 0.086759
vn 0.828036 0.554606 0.082278
vn 0.929284 0.359653 0.084148
vn 0.936764 0.341083 0.078331
vn 0.990099 0.124938 0.063995
vn 0.992441 0.121414 0.017884
vn 0.992841 0.104773 0.057351
vn 0.711418 0.699541 0.067280
vn 0.724323 0.686494 0.063902
vn 0.853243 0.514938 0.082551
vn 0.863549 0.498257 0.077603
vn 0.958483 0.277012 0.067633
vn 0.952282 0.296174 0.073762
vn 0.999083 0.040602 0.013580
vn 0.997620 0.067606 0.013548
vn 0.998339 0.037197 0.044006
vn 0.999254 0.030452 0.023743
vn 0.997057 0.057465 0.050743
vn 0.612821 0.789995 0.018941
vn 0.584801 0.811019 0.016008
vn 0.592257 0.805094 0.032477
vn 0.606105 0.794811 0.030188
vn 0.594356 0.804197 -0.002713
vn 0.754940 0.652195 0.068611
vn 0.767291 0.638025 0.064723
vn 0.886181 0.457022 0.076257
vn 0.895434 0.439512 0.070897
vn 0.970893 0.231242 0.062405
vn 0.973496 0.228064 0.017123
vn 0.975745 0.211617 0.056027
vn 0.653878 0.755679 0.037309
vn 0.640432 0.766969 0.040068
vn 0.630392 0.776061 0.018324
vn 0.657648 0.753235 0.011674
vn 0.636962 0.770862 0.007192
vn 0.662089 0.749111 0.021720
vn 0.795954 0.601581 0.067509
vn 0.807535 0.586429 0.063151
vn 0.915401 0.396721 0.068213
vn 0.923478 0.378527 0.062500
vn 0.985018 0.165018 0.050083
vn 0.988835 0.148422 0.013294
vn 0.984472 0.175039 0.013295
vn 0.988460 0.145091 0.043529
vn 0.990092 0.138421 0.023597
vn 0.700129 0.712788 0.041864
vn 0.697469 0.716558 0.009042
vn 0.677667 0.735212 0.015175
vn 0.686988 0.725266 0.045140
vn 0.675189 0.737379 0.019796
vn 0.844679 0.531952 0.059540
vn 0.835011 0.549908 0.018934
vn 0.833994 0.548010 0.064337
vn 0.940629 0.334336 0.058628
vn 0.947474 0.315480 0.052587
vn 0.943158 0.331999 0.015164
vn 0.993188 0.114773 0.020143
vn 0.994493 0.098029 0.037063
vn 0.996507 0.077794 0.030352
vn 0.995495 0.094809 -0.000102
vn 0.997011 0.074498 0.020459
vn 0.731578 0.680086 0.047724
vn 0.735175 0.677816 0.009075
vn 0.744161 0.666553 0.043962
vn 0.868832 0.491567 0.059090
vn 0.878476 0.474735 0.053907
vn 0.961565 0.270352 0.047993
vn 0.969374 0.244506 0.023043
vn 0.967003 0.254487 0.011856
vn 0.959765 0.280532 0.012359
vn 0.967127 0.250859 0.041649
vn 0.785806 0.616932 0.043629
vn 0.762714 0.646320 0.023188
vn 0.773914 0.631479 0.047860
vn 0.770769 0.637014 0.011313
vn 0.899970 0.432828 0.052095
vn 0.908625 0.415019 0.046474
vn 0.901762 0.432084 0.011301
vn 0.975226 0.220318 0.019875
vn 0.978123 0.204886 0.036021
vn 0.983080 0.182017 0.020569
vn 0.979414 0.201857 -0.001052
vn 0.982292 0.185023 0.029482
vn 0.824547 0.564298 0.041113
vn 0.829981 0.557316 0.023023
vn 0.813450 0.579829 0.045799
vn 0.819982 0.572331 0.008108
vn 0.937276 0.347891 0.022046
vn 0.927316 0.371776 0.043225
vn 0.920688 0.389657 0.022378
vn 0.934783 0.353258 0.037266
vn 0.933812 0.357653 0.008865
vn 0.923869 0.382545 0.011143
vn 0.702203 0.711810 0.015435
vn 0.707373 0.706353 0.026247
vn 0.720713 0.692918 0.020934
vn 0.719981 0.693624 0.022648
vn 0.716555 0.697419 -0.012497
vn 0.860151 0.508738 0.036418
vn 0.841476 0.539876 0.021268
vn 0.864439 0.502359 0.019511
vn 0.863690 0.503751 0.016561
vn 0.849793 0.527089 0.005349
vn 0.849938 0.525242 0.041546
vn 0.956710 0.289792 0.026947
vn 0.950562 0.308761 0.033144
vn 0.946776 0.321319 0.019224
vn 0.951892 0.306401 -0.004563
vn 0.957506 0.287664 0.020796
vn 0.763505 0.645382 0.023276
vn 0.745868 0.665874 0.017130
vn 0.750805 0.659948 0.027577
vn 0.753340 0.657460 -0.014990
vn 0.894054 0.447469 0.020936
vn 0.883038 0.467965 0.035402
vn 0.875881 0.482225 0.017062
vn 0.889782 0.456378 0.002461
vn 0.876973 0.480398 0.011648
vn 0.892137 0.450772 0.029931
vn 0.791760 0.610249 0.026680
vn 0.785825 0.618293 0.013862
vn 0.803066 0.595478 0.022162
vn 0.804603 0.593561 0.017309
vn 0.804169 0.594299 0.010991
vn 0.787821 0.615880 -0.005540
vn 0.919265 0.392997 0.022487
vn 0.912496 0.408166 0.027407
vn 0.909202 0.415965 0.018035
vn 0.913015 0.407533 -0.017925
vn 0.000000 -0.999908 0.013552
vn 0.000000 -0.999908 0.013552
vn 0.000000 -0.999175 0.040606
vn 0.000000 -0.997708 0.067660
vn 0.000000 -0.999175 0.040606
vn 0.000000 -0.997708 0.067660
vn 0.000000 -0.995509 0.094665
vn 0.000000 -0.992582 0.121577
vn 0.000000 -0.995509 0.094665
vn 0.000000 -0.992582 0.121577
vn 0.000000 -0.988930 0.148381
vn 0.000000 -0.988930 0.148381
vn 0.000000 -0.984541 0.175157
vn 0.000000 -0.979444 0.201717
vn 0.000000 -0.984541 0.175157
vn 0.000000 -0.973617 0.228189
vn 0.000000 -0.979444 0.201717
vn 0.000000 -0.967095 0.254414
vn 0.000000 -0.973617 0.228189
vn 0.000000 -0.967095 0.254414
vn 0.000000 -0.959838 0.280554
vn 0.000000 -0.959838 0.280554
vn 0.000000 -0.951892 0.306434
vn 0.000000 -0.951892 0.306434
vn 0.000000 -0.943230 0.332139
vn 0.000000 -0.933904 0.357524
vn 0.000000 -0.943230 0.332139
vn 0.000000 -0.933904 0.357524
vn 0.000000 -0.923885 0.382669
vn 0.000000 -0.923885 0.382669
vn 0.000000 -0.913180 0.407558
vn 0.000000 -0.913180 0.407558
vn 0.000000 -0.901810 0.432133
vn 0.000000 -0.889755 0.456438
vn 0.000000 -0.901810 0.432133
vn 0.000000 -0.877094 0.480318
vn 0.000000 -0.889755 0.456438
vn 0.000000 -0.877094 0.480318
vn 0.000000 -0.863767 0.503892
vn 0.000000 -0.863767 0.503892
vn 0.000000 -0.849805 0.527097
vn 0.000000 -0.849805 0.527097
vn 0.000000 -0.835205 0.549938
vn 0.000000 -0.835205 0.549938
vn 0.000000 -0.820009 0.572350
vn 0.000000 -0.820009 0.572350
vn 0.000000 -0.804218 0.594335
vn 0.000000 -0.804218 0.594335
vn 0.000000 -0.787833 0.615889
vn 0.000000 -0.787833 0.615889
vn 0.000000 -0.770842 0.637026
vn 0.000000 -0.770842 0.637026
vn 0.000000 -0.753328 0.657645
vn 0.000000 -0.735254 0.677792
vn 0.000000 -0.753328 0.657645
vn 0.000000 -0.735254 0.677792
vn 0.000000 -0.716610 0.697474
vn 0.000000 -0.716610 0.697474
vn 0.000000 -0.697474 0.716610
vn 0.000000 -0.677792 0.735254
vn 0.000000 -0.697474 0.716610
vn 0.000000 -0.657645 0.753328
vn 0.000000 -0.677792 0.735254
vn 0.000000 -0.657645 0.753328
vn 0.000000 -0.637026 0.770842
vn 0.000000 -0.615889 0.787833
vn 0.000000 -0.637026 0.770842
vn 0.000000 -0.615889 0.787833
vn 0.000000 -0.594335 0.804218
vn 0.000000 -0.594335 0.804218
vn 0.000000 -0.572350 0.820009
vn 0.000000 -0.572350 0.820009
vn 0.000000 -0.549938 0.835205
vn 0.000000 -0.549938 0.835205
vn 0.000000 -0.527097 0.849805
vn 0.000000 -0.527097 0.849805
vn 0.000000 -0.503892 0.863767
vn 0.000000 -0.503892 0.863767
vn 0.000000 -0.480318 0.877094
vn 0.000000 -0.456438 0.889755
vn 0.000000 -0.480318 0.877094
vn 0.000000 -0.432133 0.901810
vn 0.000000 -0.456438 0.889755
vn 0.000000 -0.407558 0.913180
vn 0.000000 -0.432133 0.901810
vn 0.000000 -0.382669 0.923885
vn 0.000000 -0.407558 0.913180
vn 0.000000 -0.382669 0.923885
vn 0.000000 -0.357524 0.933904
vn 0.000000 -0.332139 0.943230
vn 0.000000 -0.357524 0.933904
vn 0.000000 -0.332139 0.943230
vn 0.000000 -0.306434 0.951892
vn 0.000000 -0.306434 0.951892
vn 0.000000 -0.280554 0.959838
vn 0.000000 -0.280554 0.959838
vn 0.000000 -0.254414 0.967095
vn 0.000000 -0.254414 0.967095
vn 0.000000 -0.228189 0.973617
vn 0.000000 -0.228189 0.973617
vn 0.000000 -0.201717 0.979444
vn 0.000000 -0.201717 0.979444
vn 0.000000 -0.175157 0.984541
vn 0.000000 -0.175157 0.984541
vn 0.000000 -0.148381 0.988930
vn 0.000000 -0.148381 0.988930
vn 0.000000 -0.121577 0.992582
vn 0.000000 -0.121577 0.992582
vn 0.000000 -0.094665 0.995509
vn 0.000000 -0.094665 0.995509
vn 0.000000 -0.067660 0.997708
vn 0.000000 -0.067660 0.997708
vn 0.000000 -0.040606 0.999175
vn 0.000000 -0.040606 0.999175
vn 0.000000 -0.013552 0.999908
vn 0.000000 -0.013552 0.999908
vn -0.013550 -0.013550 0.999816
vn -0.013550 -0.999816 0.013550
vn -0.999817 -0.013538 0.013538
vn -0.000766 -0.040606 0.999175
vn -0.018381 -0.018381 0.999662
vn -0.040601 -0.016309 0.999042
vn -0.027638 -0.021534 0.999386
vn -0.012632 -0.067655 0.997629
vn -0.020197 -0.057706 0.998129
vn -0.028495 -0.054419 0.998111
vn -0.055353 -0.021034 0.998245
vn -0.067652 -0.015518 0.997588
vn -0.003064 -0.121577 0.992577
vn -0.014815 -0.094654 0.995400
vn -0.017099 -0.093634 0.995460
vn -0.057032 -0.053266 0.996950
vn -0.042985 -0.059273 0.997316
vn -0.082997 -0.020220 0.996345
vn -0.094656 -0.014296 0.995407
vn -0.029619 -0.098155 0.994730
vn -0.044213 -0.091981 0.994779
vn -0.085430 -0.051355 0.995020
vn -0.071607 -0.057721 0.995761
vn -0.110595 -0.019074 0.993683
vn -0.121565 -0.012616 0.992503
vn -0.012738 -0.148369 0.988850
vn -0.020738 -0.134345 0.990718
vn -0.030390 -0.130312 0.991007
vn -0.073649 -0.090360 0.993182
vn -0.059191 -0.096946 0.993528
vn -0.113677 -0.048660 0.992325
vn -0.100047 -0.055404 0.993439
vn -0.006418 -0.201713 0.979424
vn -0.009649 -0.175149 0.984495
vn -0.019487 -0.169814 0.985284
vn -0.138235 -0.017646 0.990242
vn -0.148379 -0.010512 0.988875
vn -0.060731 -0.129072 0.989774
vn -0.045773 -0.135793 0.989679
vn -0.088668 -0.094903 0.991530
vn -0.102900 -0.087942 0.990797
vn -0.128383 -0.052321 0.990344
vn -0.141824 -0.045194 0.988860
vn -0.031413 -0.174342 0.984184
vn -0.046863 -0.167513 0.984755
vn -0.165780 -0.016015 0.986033
vn -0.175143 -0.007776 0.984512
vn -0.090980 -0.127034 0.987717
vn -0.076241 -0.134143 0.988025
vn -0.132041 -0.084755 0.987614
vn -0.118040 -0.092092 0.988729
vn -0.013461 -0.228168 0.973529
vn -0.020636 -0.210446 0.977388
vn -0.032093 -0.205471 0.978137
vn -0.156528 -0.048447 0.986485
vn -0.169682 -0.040984 0.984646
vn -0.078055 -0.165801 0.983065
vn -0.062730 -0.173072 0.982909
vn -0.201718 -0.004320 0.979434
vn -0.193406 -0.014204 0.981016
vn -0.121119 -0.124163 0.984842
vn -0.106565 -0.131682 0.985547
vn -0.010769 -0.280538 0.959783
vn -0.006336 -0.254409 0.967076
vn -0.020902 -0.244717 0.969369
vn -0.160989 -0.080782 0.983645
vn -0.147228 -0.088494 0.985136
vn -0.048319 -0.211518 0.976179
vn -0.064088 -0.204178 0.976834
vn -0.184439 -0.043847 0.981865
vn -0.197379 -0.036002 0.979666
vn -0.109101 -0.163290 0.980527
vn -0.094046 -0.170940 0.980783
vn -0.221073 -0.012670 0.975175
vn -0.228188 0.000716 0.973617
vn -0.136788 -0.128397 0.982244
vn -0.151071 -0.120507 0.981150
vn -0.033012 -0.249479 0.967817
vn -0.049270 -0.242074 0.969006
vn -0.176218 -0.084114 0.980751
vn -0.189695 -0.076046 0.978894
vn -0.080436 -0.209792 0.974432
vn -0.096081 -0.201992 0.974663
vn -0.212101 -0.038461 0.976491
vn -0.224740 -0.030282 0.973948
vn -0.125124 -0.167985 0.977816
vn -0.140038 -0.159884 0.977152
vn -0.249123 -0.012573 0.968390
vn -0.254399 0.013313 0.967008
vn -0.014712 -0.306401 0.951789
vn -0.020044 -0.285468 0.958178
vn -0.033601 -0.279437 0.959576
vn -0.180815 -0.116004 0.976652
vn -0.166737 -0.124306 0.978134
vn -0.065928 -0.248141 0.966478
vn -0.082018 -0.240292 0.967229
vn -0.204932 -0.078967 0.975586
vn -0.218148 -0.070527 0.973364
vn -0.112454 -0.207146 0.971825
vn -0.127831 -0.198953 0.971636
vn -0.239390 -0.032336 0.970385
vn -0.251750 -0.023804 0.967500
vn -0.015931 -0.357478 0.933786
vn -0.004483 -0.332136 0.943221
vn -0.021463 -0.317969 0.947858
vn -0.156100 -0.164144 0.974007
vn -0.170698 -0.155682 0.972947
vn -0.050572 -0.285950 0.956909
vn -0.067104 -0.278081 0.958211
vn -0.196441 -0.119369 0.973222
vn -0.210271 -0.110671 0.971359
vn -0.114670 -0.237643 0.964560
vn -0.098796 -0.245918 0.964242
vn -0.233308 -0.073026 0.969657
vn -0.246219 -0.064237 0.967083
vn -0.159482 -0.195072 0.967736
vn -0.144331 -0.203685 0.968339
vn -0.266426 -0.025472 0.963519
vn -0.274940 -0.019211 0.961269
vn -0.280512 -0.016579 0.959707
vn -0.051387 -0.315266 0.947611
vn -0.034369 -0.323147 0.945724
vn -0.186795 -0.159510 0.969363
vn -0.201114 -0.150662 0.967912
vn -0.100558 -0.275805 0.955939
vn -0.084180 -0.284137 0.955081
vn -0.225934 -0.113622 0.967494
vn -0.239394 -0.104603 0.965271
vn -0.131473 -0.242803 0.961125
vn -0.147171 -0.234072 0.961016
vn -0.261390 -0.066333 0.962951
vn -0.274022 -0.057171 0.960023
vn -0.016385 -0.382618 0.923761
vn -0.034867 -0.351822 0.935417
vn -0.019057 -0.358929 0.933170
vn -0.175927 -0.199335 0.964010
vn -0.190837 -0.190303 0.962999
vn -0.293572 -0.020190 0.955724
vn -0.306417 -0.012025 0.951822
vn -0.068738 -0.321732 0.944332
vn -0.085535 -0.313415 0.945756
vn -0.231305 -0.144774 0.962049
vn -0.217202 -0.154053 0.963894
vn -0.133817 -0.272628 0.952768
vn -0.117676 -0.281389 0.952351
vn -0.255025 -0.107131 0.960981
vn -0.268205 -0.097727 0.958392
vn -0.003917 -0.407554 0.913172
vn -0.020969 -0.388963 0.921015
vn -0.164000 -0.238774 0.957126
vn -0.179392 -0.229654 0.956597
vn -0.301315 -0.049404 0.952244
vn -0.289087 -0.058852 0.955492
vn -0.052521 -0.358695 0.931976
vn -0.069734 -0.350424 0.933991
vn -0.221906 -0.184749 0.957406
vn -0.207350 -0.194136 0.958810
vn -0.321317 -0.016847 0.946822
vn -0.332122 -0.006635 0.943213
vn -0.102999 -0.319424 0.941998
vn -0.119574 -0.310666 0.942968
vn -0.261088 -0.138114 0.955384
vn -0.247358 -0.147729 0.957596
vn -0.166929 -0.268573 0.948685
vn -0.151032 -0.277765 0.948702
vn -0.283763 -0.099830 0.953684
vn -0.296626 -0.090061 0.950738
vn -0.035580 -0.394861 0.918051
vn -0.053199 -0.386673 0.920681
vn -0.211434 -0.224369 0.951291
vn -0.196292 -0.233916 0.952236
vn -0.316361 -0.050685 0.947284
vn -0.328284 -0.040870 0.943694
vn -0.087413 -0.356797 0.930083
vn -0.104489 -0.348040 0.931639
vn -0.238386 -0.188133 0.952774
vn -0.252717 -0.178302 0.950969
vn -0.349119 -0.013963 0.936974
vn -0.357536 0.001118 0.933899
vn -0.137057 -0.316191 0.938743
vn -0.153464 -0.306957 0.939269
vn -0.290508 -0.130642 0.947912
vn -0.277093 -0.140635 0.950495
vn -0.019995 -0.429351 0.902916
vn -0.035988 -0.422177 0.905799
vn -0.018500 -0.456360 0.889603
vn -0.017840 -0.432064 0.901667
vn -0.184134 -0.273236 0.944159
vn -0.199795 -0.263602 0.943714
vn -0.312113 -0.091744 0.945605
vn -0.324601 -0.081648 0.942320
vn -0.071110 -0.393398 0.916614
vn -0.088543 -0.384746 0.918766
vn -0.228246 -0.228157 0.946493
vn -0.243078 -0.218212 0.945144
vn -0.343150 -0.041740 0.938353
vn -0.354679 -0.031627 0.934453
vn -0.139039 -0.344730 0.928348
vn -0.122206 -0.353928 0.927254
vn -0.269134 -0.181236 0.945897
vn -0.283096 -0.171053 0.943715
vn -0.019298 -0.457275 0.889116
vn -0.004421 -0.480313 0.877086
vn -0.170930 -0.311997 0.934581
vn -0.187097 -0.302317 0.934665
vn -0.319538 -0.122393 0.939636
vn -0.306486 -0.132737 0.942575
vn -0.054155 -0.429245 0.901563
vn -0.071927 -0.420735 0.904328
vn -0.216944 -0.267788 0.938736
vn -0.232318 -0.257735 0.937871
vn -0.352087 -0.072460 0.933158
vn -0.339946 -0.082910 0.936783
vn -0.123789 -0.381874 0.915887
vn -0.106545 -0.390997 0.914204
vn -0.274434 -0.211211 0.938124
vn -0.259912 -0.221558 0.939871
vn -0.369425 -0.032097 0.928706
vn -0.382581 -0.019300 0.923720
vn -0.383642 -0.018783 0.923291
vn -0.156829 -0.350152 0.923471
vn -0.173405 -0.340516 0.924110
vn -0.299480 -0.173549 0.938186
vn -0.313123 -0.162973 0.935625
vn -0.054701 -0.455857 0.888370
vn -0.036578 -0.464202 0.884974
vn -0.204610 -0.306897 0.929488
vn -0.220441 -0.296824 0.929140
vn -0.348029 -0.113333 0.930608
vn -0.335320 -0.124047 0.933902
vn -0.090146 -0.427306 0.899602
vn -0.107769 -0.418306 0.901890
vn -0.264546 -0.251001 0.931136
vn -0.249480 -0.261466 0.932414
vn -0.379048 -0.062569 0.923259
vn -0.367334 -0.073310 0.927196
vn -0.141834 -0.387640 0.910834
vn -0.158859 -0.378056 0.912051
vn -0.305370 -0.203324 0.930273
vn -0.291146 -0.214091 0.932416
vn -0.395265 -0.021921 0.918305
vn -0.407528 -0.013441 0.913094
vn -0.021619 -0.496849 0.867568
vn -0.036897 -0.490095 0.870888
vn -0.016963 -0.503820 0.863642
vn -0.191215 -0.345460 0.918746
vn -0.207573 -0.335355 0.918940
vn -0.329339 -0.165017 0.929680
vn -0.342584 -0.154102 0.926762
vn -0.073060 -0.462699 0.883500
vn -0.091054 -0.453857 0.886410
vn -0.253496 -0.290384 0.922722
vn -0.237898 -0.300924 0.923498
vn -0.363782 -0.114567 0.924412
vn -0.376078 -0.103537 0.920785
vn -0.143462 -0.414876 0.898497
vn -0.125992 -0.424373 0.896679
vn -0.281626 -0.254264 0.925222
vn -0.296339 -0.243414 0.923544
vn -0.394160 -0.063008 0.916880
vn -0.405492 -0.051933 0.912622
vn -0.020454 -0.524155 0.851377
vn -0.006048 -0.549928 0.835190
vn -0.014594 -0.527041 0.849715
vn -0.193686 -0.373273 0.907278
vn -0.176883 -0.383325 0.906518
vn -0.322031 -0.205759 0.924099
vn -0.335825 -0.194668 0.921589
vn -0.432133 -0.006580 0.901786
vn -0.422800 -0.017247 0.906059
vn -0.055465 -0.497210 0.865856
vn -0.073702 -0.488616 0.869381
vn -0.225283 -0.339798 0.913118
vn -0.241342 -0.329267 0.912873
vn -0.358766 -0.155717 0.920347
vn -0.371661 -0.144419 0.917067
vn -0.127262 -0.450913 0.883449
vn -0.109493 -0.460214 0.881030
vn -0.286163 -0.283070 0.915414
vn -0.270904 -0.294013 0.916607
vn -0.403541 -0.092984 0.910225
vn -0.391648 -0.104345 0.914179
vn -0.178912 -0.410496 0.894138
vn -0.161691 -0.420447 0.892793
vn -0.313360 -0.246219 0.917159
vn -0.327775 -0.234933 0.915079
vn -0.431308 -0.040593 0.901291
vn -0.420403 -0.051965 0.905848
vn -0.037318 -0.530759 0.846701
vn -0.055880 -0.522401 0.850867
vn -0.211690 -0.378054 0.901256
vn -0.228199 -0.367569 0.901564
vn -0.365823 -0.185149 0.912082
vn -0.352358 -0.196650 0.914971
vn -0.450572 -0.013289 0.892641
vn -0.456418 0.004644 0.889753
vn -0.110453 -0.486113 0.866888
vn -0.092312 -0.495226 0.863846
vn -0.259066 -0.333245 0.906550
vn -0.274827 -0.322278 0.905874
vn -0.400121 -0.133937 0.906622
vn -0.387618 -0.145591 0.910250
vn -0.145733 -0.456777 0.877563
vn -0.163323 -0.446987 0.879505
vn -0.303524 -0.286233 0.908814
vn -0.318409 -0.274908 0.907216
vn -0.430412 -0.081687 0.898929
vn -0.418935 -0.093372 0.903203
vn -0.022314 -0.561765 0.826996
vn -0.037551 -0.555219 0.830856
vn -0.016589 -0.572271 0.819896
vn -0.214118 -0.405171 0.888814
vn -0.197150 -0.415581 0.887933
vn -0.358641 -0.225652 0.905791
vn -0.344657 -0.237275 0.908247
vn -0.446062 -0.040223 0.894098
vn -0.456501 -0.028589 0.889263
vn -0.074636 -0.529231 0.845189
vn -0.093004 -0.520404 0.848840
vn -0.246160 -0.371864 0.895055
vn -0.262418 -0.360911 0.894919
vn -0.382228 -0.186686 0.905014
vn -0.395254 -0.174862 0.901775
vn -0.147009 -0.482641 0.863392
vn -0.129088 -0.492222 0.860845
vn -0.307917 -0.314377 0.897972
vn -0.292470 -0.325777 0.899072
vn -0.428001 -0.122734 0.895406
vn -0.415961 -0.134681 0.899354
vn -0.021770 -0.588098 0.808497
vn -0.008625 -0.615866 0.787804
vn -0.010473 -0.594302 0.804173
vn -0.199140 -0.442088 0.874586
vn -0.181780 -0.452350 0.873118
vn -0.335655 -0.277601 0.900152
vn -0.350215 -0.265847 0.898151
vn -0.445603 -0.081660 0.891499
vn -0.456670 -0.069636 0.886907
vn -0.056470 -0.562249 0.825038
vn -0.075103 -0.553717 0.829311
vn -0.232318 -0.409764 0.882112
vn -0.248985 -0.398918 0.882537
vn -0.375431 -0.227543 0.898485
vn -0.389047 -0.215526 0.895651
vn -0.480260 -0.016877 0.876964
vn -0.480126 -0.016978 0.877035
vn -0.471028 -0.027823 0.881679
vn -0.111761 -0.526720 0.842660
vn -0.130053 -0.517359 0.845829
vn -0.280338 -0.364727 0.887911
vn -0.296254 -0.353358 0.887339
vn -0.424156 -0.163749 0.890661
vn -0.411511 -0.175958 0.894258
vn -0.165627 -0.488244 0.856847
vn -0.183373 -0.478164 0.858914
vn -0.340510 -0.305593 0.889194
vn -0.325429 -0.317394 0.890706
vn -0.443664 -0.123052 0.887705
vn -0.455255 -0.110795 0.883441
vn -0.037874 -0.594162 0.803453
vn -0.056756 -0.585959 0.808351
vn -0.234663 -0.436195 0.868716
vn -0.217522 -0.446943 0.867713
vn -0.367268 -0.268067 0.890648
vn -0.381473 -0.255901 0.888253
vn -0.482226 -0.056927 0.874195
vn -0.471655 -0.069201 0.879064
vn -0.112460 -0.551170 0.826779
vn -0.093956 -0.560205 0.823008
vn -0.283553 -0.391684 0.875318
vn -0.267120 -0.403020 0.875341
vn -0.405640 -0.216961 0.887910
vn -0.418846 -0.204578 0.884712
vn -0.503863 -0.009785 0.863728
vn -0.496906 -0.018568 0.867606
vn -0.166866 -0.513350 0.841800
vn -0.148816 -0.523172 0.839133
vn -0.314036 -0.356683 0.879863
vn -0.329641 -0.344871 0.878864
vn -0.452396 -0.151855 0.878794
vn -0.440182 -0.164405 0.882729
vn -0.022262 -0.623617 0.781413
vn -0.038022 -0.617131 0.785941
vn -0.016678 -0.636937 0.770735
vn -0.201924 -0.483255 0.851875
vn -0.219426 -0.472706 0.853464
vn -0.372586 -0.295951 0.879541
vn -0.357898 -0.308137 0.881454
vn -0.470698 -0.110691 0.875323
vn -0.481875 -0.098080 0.870734
vn -0.094432 -0.583894 0.806319
vn -0.075693 -0.592589 0.801941
vn -0.269815 -0.429370 0.861883
vn -0.252987 -0.440555 0.861341
vn -0.412175 -0.245174 0.877497
vn -0.398433 -0.257667 0.880261
vn -0.496981 -0.056089 0.865947
vn -0.507084 -0.043530 0.860796
vn -0.131346 -0.557161 0.819951
vn -0.149747 -0.547599 0.823232
vn -0.301577 -0.395293 0.867638
vn -0.317638 -0.383554 0.867175
vn -0.435260 -0.205566 0.876522
vn -0.448032 -0.192835 0.872973
vn -0.549913 -0.007921 0.835184
vn -0.527102 -0.000781 0.849802
vn -0.523870 -0.012387 0.851708
vn -0.022431 -0.648381 0.760985
vn -0.012190 -0.677741 0.735199
vn -0.007502 -0.657626 0.753307
vn -0.185573 -0.518650 0.834605
vn -0.203436 -0.508331 0.836788
vn -0.347297 -0.347715 0.870907
vn -0.362529 -0.335495 0.869491
vn -0.479957 -0.139238 0.866172
vn -0.468229 -0.152080 0.870421
vn -0.057069 -0.623887 0.779428
vn -0.075989 -0.615580 0.784403
vn -0.237945 -0.477304 0.845910
vn -0.255205 -0.466276 0.847029
vn -0.389849 -0.298030 0.871318
vn -0.404201 -0.285401 0.869004
vn -0.507741 -0.084659 0.857340
vn -0.497042 -0.097562 0.862224
vn -0.132011 -0.580856 0.803231
vn -0.113442 -0.590037 0.799366
vn -0.304618 -0.421572 0.854099
vn -0.288051 -0.433237 0.854010
vn -0.442273 -0.233596 0.865926
vn -0.428928 -0.246481 0.869062
vn -0.521578 -0.042296 0.852154
vn -0.531203 -0.029459 0.846732
vn -0.186735 -0.543056 0.818670
vn -0.168586 -0.553076 0.815896
vn -0.351280 -0.374478 0.858120
vn -0.335525 -0.386674 0.859015
vn -0.464256 -0.193382 0.864332
vn -0.476584 -0.180304 0.860441
vn -0.038203 -0.654004 0.755526
vn -0.057227 -0.646138 0.761072
vn -0.239724 -0.502322 0.830786
vn -0.222088 -0.513127 0.829083
vn -0.394890 -0.325230 0.859236
vn -0.380031 -0.337863 0.861061
vn -0.495570 -0.139037 0.857367
vn -0.506830 -0.125880 0.852806
vn -0.113886 -0.613024 0.781814
vn -0.095082 -0.621837 0.777354
vn -0.273595 -0.470365 0.838989
vn -0.290573 -0.458874 0.839644
vn -0.421236 -0.287011 0.860340
vn -0.435135 -0.274034 0.857650
vn -0.522699 -0.083731 0.848396
vn -0.532877 -0.070583 0.843243
vn -0.169440 -0.576751 0.799155
vn -0.150950 -0.586475 0.795777
vn -0.338912 -0.412876 0.845383
vn -0.322725 -0.424945 0.845737
vn -0.471738 -0.221225 0.853535
vn -0.458849 -0.234454 0.857023
vn -0.552199 -0.018155 0.833515
vn -0.545439 -0.027834 0.837689
vn -0.021554 -0.681956 0.731076
vn -0.038267 -0.675467 0.736396
vn -0.017175 -0.697371 0.716505
vn -0.205494 -0.548019 0.810831
vn -0.223478 -0.537484 0.813123
vn -0.384389 -0.364513 0.848160
vn -0.369020 -0.377116 0.849475
vn -0.504413 -0.167030 0.847153
vn -0.492573 -0.180415 0.851365
vn -0.095345 -0.644055 0.759014
vn -0.076338 -0.652462 0.753967
vn -0.275642 -0.495339 0.823809
vn -0.258273 -0.506612 0.822581
vn -0.426687 -0.314096 0.848105
vn -0.412229 -0.327127 0.850326
vn -0.522191 -0.125259 0.843580
vn -0.532989 -0.111770 0.838707
vn -0.132853 -0.618737 0.774284
vn -0.151539 -0.609409 0.778239
vn -0.308858 -0.462470 0.831100
vn -0.325551 -0.450508 0.831300
vn -0.452011 -0.275187 0.848503
vn -0.465487 -0.261828 0.845439
vn -0.547564 -0.069253 0.833893
vn -0.557257 -0.055813 0.828462
vn -0.016811 -0.735150 0.677696
vn -0.005599 -0.716599 0.697463
vn -0.022338 -0.704659 0.709194
vn -0.188310 -0.581855 0.791192
vn -0.206535 -0.571677 0.794058
vn -0.356876 -0.415761 0.836530
vn -0.372745 -0.403234 0.835741
vn -0.500510 -0.208046 0.840361
vn -0.488066 -0.221636 0.844197
vn -0.594314 -0.007191 0.804201
vn -0.572317 -0.012096 0.819943
vn -0.570114 -0.016391 0.821402
vn -0.057400 -0.681834 0.729252
vn -0.076464 -0.673916 0.734840
vn -0.259891 -0.530954 0.806564
vn -0.242182 -0.541949 0.804761
vn -0.416959 -0.353665 0.837297
vn -0.401980 -0.366676 0.839024
vn -0.531506 -0.152999 0.833122
vn -0.520140 -0.166711 0.837653
vn -0.133222 -0.640968 0.755918
vn -0.114395 -0.649853 0.751402
vn -0.311171 -0.487419 0.815840
vn -0.294118 -0.499138 0.815080
vn -0.443845 -0.315528 0.838716
vn -0.457863 -0.302126 0.836111
vn -0.548060 -0.110738 0.829076
vn -0.558336 -0.096986 0.823927
vn -0.170526 -0.614632 0.770161
vn -0.189047 -0.604804 0.773611
vn -0.360000 -0.441232 0.822018
vn -0.343681 -0.453610 0.822266
vn -0.495123 -0.248812 0.832434
vn -0.482104 -0.262527 0.835856
vn -0.580780 -0.040406 0.813057
vn -0.571611 -0.054093 0.818740
vn -0.057431 -0.702552 0.709311
vn -0.038319 -0.709964 0.703195
vn -0.243408 -0.565573 0.787959
vn -0.225335 -0.576277 0.785576
vn -0.406038 -0.392681 0.825188
vn -0.390537 -0.405636 0.826402
vn -0.528516 -0.194099 0.826436
vn -0.516554 -0.208018 0.830603
vn -0.095576 -0.679769 0.727172
vn -0.114584 -0.671326 0.732251
vn -0.295957 -0.523398 0.799040
vn -0.278451 -0.534908 0.797709
vn -0.434349 -0.355353 0.827687
vn -0.448936 -0.341924 0.825557
vn -0.546960 -0.152257 0.823196
vn -0.557839 -0.138224 0.818358
vn -0.170999 -0.636849 0.751787
vn -0.152258 -0.646265 0.747769
vn -0.346257 -0.478509 0.806930
vn -0.329475 -0.490713 0.806627
vn -0.474750 -0.303094 0.826285
vn -0.488344 -0.289299 0.823302
vn -0.573095 -0.095550 0.813899
vn -0.582854 -0.081524 0.808477
vn -0.020289 -0.736392 0.676251
vn -0.038298 -0.729903 0.682477
vn -0.018090 -0.753205 0.657537
vn -0.207909 -0.609505 0.765035
vn -0.226215 -0.599193 0.767981
vn -0.393955 -0.431026 0.811798
vn -0.377981 -0.443848 0.812483
vn -0.511502 -0.249063 0.822394
vn -0.524030 -0.235022 0.818631
vn -0.615773 -0.019932 0.787672
vn -0.594837 -0.038298 0.802934
vn -0.604251 -0.023101 0.796459
vn -0.076542 -0.708416 0.701632
vn -0.095629 -0.700477 0.707239
vn -0.262066 -0.569660 0.778979
vn -0.279862 -0.558494 0.780872
vn -0.423633 -0.394603 0.815367
vn -0.438732 -0.381238 0.813739
vn -0.555769 -0.179417 0.811745
vn -0.544317 -0.193639 0.816225
vn -0.152511 -0.667716 0.728626
vn -0.133631 -0.676661 0.724067
vn -0.331534 -0.514901 0.790546
vn -0.314363 -0.526849 0.789687
vn -0.480198 -0.329364 0.812975
vn -0.466083 -0.343144 0.815487
vn -0.583328 -0.122787 0.802902
vn -0.572997 -0.137068 0.808014
vn -0.021363 -0.756617 0.653510
vn -0.004756 -0.770834 0.637019
vn -0.208485 -0.631682 0.746667
vn -0.189882 -0.641615 0.743152
vn -0.380810 -0.468635 0.797098
vn -0.364345 -0.481304 0.797245
vn -0.505012 -0.289814 0.813001
vn -0.518127 -0.275671 0.809660
vn -0.597332 -0.079688 0.798025
vn -0.606541 -0.065429 0.792355
vn -0.057366 -0.735743 0.674827
vn -0.076500 -0.728334 0.680939
vn -0.263091 -0.592554 0.761356
vn -0.244956 -0.603384 0.758897
vn -0.427343 -0.419906 0.800660
vn -0.411743 -0.433159 0.801774
vn -0.552198 -0.220444 0.804041
vn -0.540150 -0.234833 0.808141
vn -0.616442 -0.020275 0.787139
vn -0.636978 -0.010179 0.770815
vn -0.133705 -0.697371 0.704128
vn -0.114691 -0.705828 0.699037
vn -0.298410 -0.562084 0.771371
vn -0.315958 -0.550429 0.772787
vn -0.456087 -0.382686 0.803453
vn -0.470786 -0.368903 0.801419
vn -0.582223 -0.163980 0.796321
vn -0.571264 -0.178534 0.801113
vn -0.190197 -0.663073 0.723988
vn -0.171445 -0.672530 0.719937
vn -0.349768 -0.517857 0.780696
vn -0.366624 -0.505450 0.781094
vn -0.510806 -0.315928 0.799541
vn -0.497106 -0.330122 0.802437
vn -0.598166 -0.121223 0.792151
vn -0.607992 -0.106626 0.786750
vn -0.057272 -0.754891 0.653345
vn -0.038190 -0.761724 0.646775
vn -0.227284 -0.635946 0.737505
vn -0.245635 -0.625548 0.740509
vn -0.398734 -0.470948 0.786905
vn -0.414822 -0.457852 0.786317
vn -0.547142 -0.261247 0.795227
vn -0.534509 -0.275738 0.798917
vn -0.629327 -0.048676 0.775615
vn -0.620645 -0.063210 0.781539
vn -0.095559 -0.733673 0.672750
vn -0.114629 -0.725752 0.678339
vn -0.281684 -0.596239 0.751767
vn -0.299575 -0.584924 0.753737
vn -0.444867 -0.421556 0.790180
vn -0.460079 -0.407875 0.788648
vn -0.568017 -0.219822 0.793117
vn -0.579539 -0.205134 0.788704
vn -0.657649 0.004731 0.753309
vn -0.643940 -0.015891 0.764911
vn -0.171539 -0.693237 0.699998
vn -0.152647 -0.702199 0.695424
vn -0.334273 -0.553509 0.762817
vn -0.351541 -0.541374 0.763762
vn -0.502115 -0.355716 0.788256
vn -0.487864 -0.369882 0.790681
vn -0.597383 -0.162682 0.785282
vn -0.607792 -0.147862 0.780209
vn -0.038083 -0.780059 0.624546
vn -0.020604 -0.785815 0.618118
vn -0.019434 -0.804066 0.594223
vn -0.018563 -0.787697 0.615783
vn -0.227661 -0.657402 0.718326
vn -0.209038 -0.667382 0.714775
vn -0.384714 -0.507922 0.770721
vn -0.401231 -0.495064 0.770666
vn -0.527399 -0.316232 0.788573
vn -0.540636 -0.301663 0.785310
vn -0.622465 -0.104668 0.775618
vn -0.631720 -0.089850 0.769972
vn -0.076286 -0.760186 0.645211
vn -0.095400 -0.752816 0.651281
vn -0.264301 -0.629308 0.730833
vn -0.282465 -0.618399 0.733346
vn -0.448195 -0.446179 0.774626
vn -0.432517 -0.459682 0.775643
vn -0.575360 -0.246010 0.780026
vn -0.563198 -0.260874 0.784061
vn -0.651189 -0.031321 0.758269
vn -0.643069 -0.046080 0.764421
vn -0.133561 -0.730567 0.669652
vn -0.152563 -0.722126 0.674728
vn -0.317994 -0.588108 0.743646
vn -0.335579 -0.576338 0.745132
vn -0.492138 -0.394974 0.775755
vn -0.477356 -0.409054 0.777692
vn -0.606038 -0.189059 0.772641
vn -0.595014 -0.204089 0.777371
vn -0.019288 -0.803951 0.594383
vn -0.004933 -0.819999 0.572343
vn -0.209154 -0.688079 0.694839
vn -0.190383 -0.697558 0.690773
vn -0.369712 -0.543969 0.753267
vn -0.386662 -0.531373 0.753748
vn -0.518956 -0.356237 0.777033
vn -0.532720 -0.341718 0.774234
vn -0.622634 -0.146156 0.768743
vn -0.632491 -0.131070 0.763397
vn -0.057016 -0.785282 0.616508
vn -0.076075 -0.778506 0.623009
vn -0.246342 -0.661200 0.708612
vn -0.264739 -0.650739 0.711654
vn -0.419043 -0.497043 0.759836
vn -0.435225 -0.483720 0.759338
vn -0.556952 -0.301522 0.773880
vn -0.569658 -0.286645 0.770275
vn -0.645844 -0.087502 0.758438
vn -0.654548 -0.072425 0.752544
vn -0.133341 -0.749718 0.648184
vn -0.114308 -0.757593 0.642640
vn -0.318877 -0.610239 0.725208
vn -0.300931 -0.621651 0.723181
vn -0.480930 -0.433588 0.762042
vn -0.465632 -0.447532 0.763480
vn -0.591091 -0.245208 0.768430
vn -0.602702 -0.230059 0.764083
vn -0.668388 -0.020815 0.743521
vn -0.677722 -0.013665 0.735191
vn -0.664559 -0.028356 0.746697
vn -0.171391 -0.726433 0.665522
vn -0.190278 -0.717484 0.670083
vn -0.371157 -0.566746 0.735555
vn -0.353809 -0.579027 0.734539
vn -0.523503 -0.381214 0.761985
vn -0.509165 -0.395690 0.764317
vn -0.631648 -0.172272 0.755872
vn -0.621164 -0.187600 0.760895
vn -0.037821 -0.808996 0.586597
vn -0.056794 -0.802828 0.593499
vn -0.227853 -0.691892 0.685104
vn -0.246477 -0.681900 0.688666
vn -0.421166 -0.520427 0.742815
vn -0.404563 -0.533473 0.742789
vn -0.549260 -0.341788 0.762558
vn -0.562574 -0.326871 0.759386
vn -0.646941 -0.128969 0.751554
vn -0.656244 -0.113615 0.745946
vn -0.094961 -0.783228 0.614439
vn -0.113992 -0.775939 0.620422
vn -0.283234 -0.654031 0.701443
vn -0.301429 -0.643068 0.703992
vn -0.452781 -0.485219 0.748032
vn -0.468546 -0.471489 0.747102
vn -0.597877 -0.270825 0.754451
vn -0.585660 -0.286065 0.758399
vn -0.668286 -0.069699 0.740632
vn -0.676421 -0.054381 0.734505
vn -0.171107 -0.745590 0.644064
vn -0.152135 -0.753986 0.639030
vn -0.337147 -0.612994 0.714543
vn -0.354790 -0.601123 0.716083
vn -0.498104 -0.434473 0.750417
vn -0.512976 -0.420119 0.748569
vn -0.618119 -0.228832 0.752040
vn -0.629196 -0.213373 0.747385
vn -0.688775 -0.017733 0.724758
vn -0.716514 -0.017434 0.697355
vn -0.697479 -0.001071 0.716604
vn -0.037631 -0.825676 0.562888
vn -0.017080 -0.835083 0.549858
vn -0.021867 -0.830341 0.556826
vn -0.208977 -0.721286 0.660360
vn -0.227727 -0.711829 0.664410
vn -0.389149 -0.568943 0.724477
vn -0.406143 -0.556223 0.725026
vn -0.540202 -0.381472 0.750107
vn -0.554069 -0.366620 0.747394
vn -0.656308 -0.154839 0.738434
vn -0.646404 -0.170409 0.743722
vn -0.075594 -0.807463 0.585055
vn -0.094591 -0.800775 0.591449
vn -0.283390 -0.674727 0.681494
vn -0.264981 -0.685205 0.678439
vn -0.438819 -0.522047 0.731372
vn -0.455073 -0.508543 0.730953
vn -0.578776 -0.326497 0.747274
vn -0.591570 -0.311251 0.743753
vn -0.670318 -0.111126 0.733707
vn -0.679047 -0.095524 0.727853
vn -0.151714 -0.772346 0.616818
vn -0.132740 -0.780147 0.611352
vn -0.337705 -0.634402 0.695335
vn -0.319737 -0.645864 0.693274
vn -0.501223 -0.458359 0.733950
vn -0.485857 -0.472519 0.735302
vn -0.625215 -0.254258 0.737875
vn -0.613530 -0.269816 0.742146
vn -0.697291 -0.035777 0.715895
vn -0.689751 -0.051290 0.722228
vn -0.006173 -0.863750 0.503883
vn -0.013943 -0.849723 0.527046
vn -0.020674 -0.847584 0.530258
vn -0.208631 -0.740445 0.638916
vn -0.189767 -0.749353 0.634397
vn -0.372850 -0.603388 0.704916
vn -0.390228 -0.591023 0.705984
vn -0.544248 -0.405816 0.734240
vn -0.529850 -0.420543 0.736480
vn -0.654766 -0.195976 0.729983
vn -0.644238 -0.211734 0.734933
vn -0.075213 -0.824159 0.561342
vn -0.056352 -0.830211 0.554594
vn -0.264835 -0.705149 0.657744
vn -0.246226 -0.715122 0.654197
vn -0.440535 -0.544752 0.713565
vn -0.423873 -0.557935 0.713471
vn -0.583844 -0.351200 0.731973
vn -0.570456 -0.366430 0.735057
vn -0.680025 -0.136742 0.720325
vn -0.670689 -0.152579 0.725876
vn -0.113269 -0.804900 0.582500
vn -0.132224 -0.797705 0.588374
vn -0.319913 -0.666549 0.673326
vn -0.301701 -0.677534 0.670764
vn -0.488316 -0.495767 0.718166
vn -0.472471 -0.509689 0.719019
vn -0.619720 -0.294836 0.727337
vn -0.607429 -0.310442 0.731202
vn -0.692719 -0.092658 0.715230
vn -0.700861 -0.076829 0.709148
vn -0.170318 -0.776047 0.607242
vn -0.189242 -0.767721 0.612202
vn -0.373468 -0.624782 0.685689
vn -0.355799 -0.636706 0.684114
vn -0.533162 -0.444300 0.719955
vn -0.518175 -0.458922 0.721724
vn -0.651631 -0.236955 0.720576
vn -0.640487 -0.252831 0.725158
vn -0.710185 -0.032332 0.703272
vn -0.716611 -0.017814 0.697246
vn -0.056001 -0.846073 0.530117
vn -0.037251 -0.851501 0.523029
vn -0.227108 -0.743703 0.628750
vn -0.245819 -0.734297 0.632757
vn -0.408023 -0.592801 0.694337
vn -0.425049 -0.579996 0.694938
vn -0.574726 -0.390650 0.719084
vn -0.560774 -0.405787 0.721713
vn -0.679359 -0.177895 0.711916
vn -0.669395 -0.193938 0.717146
vn -0.093805 -0.828185 0.552549
vn -0.112698 -0.821612 0.558796
vn -0.283134 -0.707944 0.647032
vn -0.301535 -0.697481 0.650075
vn -0.474317 -0.532343 0.701166
vn -0.458003 -0.545989 0.701520
vn -0.612745 -0.334988 0.715770
vn -0.599864 -0.350572 0.719210
vn -0.693968 -0.134102 0.707407
vn -0.702740 -0.117980 0.701596
vn -0.150750 -0.801324 0.578925
vn -0.169654 -0.793617 0.584285
vn -0.338026 -0.668868 0.662084
vn -0.355995 -0.657393 0.664155
vn -0.505379 -0.496445 0.705786
vn -0.520798 -0.482113 0.704511
vn -0.635196 -0.293603 0.714369
vn -0.646948 -0.277675 0.710180
vn -0.714064 -0.073608 0.696200
vn -0.721616 -0.057546 0.689898
vn -0.022119 -0.870333 0.491967
vn -0.036974 -0.866473 0.497853
vn -0.015997 -0.876982 0.480257
vn -0.226480 -0.762093 0.606565
vn -0.207679 -0.770922 0.602120
vn -0.391285 -0.626598 0.673997
vn -0.408699 -0.614172 0.675099
vn -0.564280 -0.429462 0.705089
vn -0.549821 -0.444409 0.707247
vn -0.677082 -0.218971 0.702575
vn -0.666515 -0.235119 0.707444
vn -0.731839 -0.017479 0.681254
vn -0.753317 -0.006806 0.657622
vn -0.735209 -0.008596 0.677786
vn -0.093222 -0.844042 0.528112
vn -0.074448 -0.849976 0.521534
vn -0.282666 -0.727144 0.625589
vn -0.264108 -0.737059 0.622086
vn -0.459274 -0.568013 0.682956
vn -0.442566 -0.581296 0.682811
vn -0.590908 -0.390178 0.706108
vn -0.604357 -0.374684 0.703111
vn -0.702943 -0.159187 0.693203
vn -0.693577 -0.175466 0.698686
vn -0.131114 -0.825130 0.549517
vn -0.149991 -0.818044 0.555254
vn -0.319626 -0.699786 0.638858
vn -0.337839 -0.688810 0.641408
vn -0.507354 -0.519053 0.687878
vn -0.491460 -0.533110 0.688666
vn -0.628404 -0.333930 0.702566
vn -0.640755 -0.318010 0.698786
vn -0.716265 -0.114966 0.688293
vn -0.724404 -0.098677 0.682277
vn -0.021451 -0.886015 0.463160
vn -0.008607 -0.901777 0.432117
vn -0.009678 -0.889714 0.456417
vn -0.206872 -0.788492 0.579211
vn -0.187989 -0.796734 0.574347
vn -0.373820 -0.659220 0.652447
vn -0.391501 -0.647277 0.654034
vn -0.537584 -0.482334 0.691633
vn -0.552608 -0.467552 0.689942
vn -0.673238 -0.259781 0.692289
vn -0.662034 -0.276028 0.696792
vn -0.734411 -0.053962 0.676556
vn -0.741339 -0.037733 0.670070
vn -0.073895 -0.864975 0.496345
vn -0.055317 -0.870254 0.489487
vn -0.263378 -0.755454 0.599934
vn -0.244701 -0.764795 0.595995
vn -0.443299 -0.602636 0.663563
vn -0.426233 -0.615508 0.662929
vn -0.580590 -0.429124 0.691931
vn -0.594605 -0.413760 0.689382
vn -0.691549 -0.216737 0.689046
vn -0.701546 -0.200300 0.683895
vn -0.130299 -0.841020 0.525078
vn -0.111553 -0.847452 0.519019
vn -0.300720 -0.729413 0.614431
vn -0.319096 -0.718994 0.617434
vn -0.476497 -0.568843 0.670349
vn -0.492825 -0.555123 0.670046
vn -0.620161 -0.373779 0.689703
vn -0.633110 -0.357914 0.686345
vn -0.716753 -0.156373 0.679568
vn -0.725535 -0.139825 0.673831
vn -0.168275 -0.821071 0.545459
vn -0.187041 -0.813499 0.550668
vn -0.373615 -0.679171 0.631774
vn -0.355658 -0.690627 0.629716
vn -0.539683 -0.504864 0.673688
vn -0.524187 -0.519360 0.674903
vn -0.656021 -0.316533 0.685160
vn -0.667830 -0.300285 0.681052
vn -0.737497 -0.095297 0.668593
vn -0.745047 -0.078751 0.662347
vn -0.054836 -0.884357 0.463579
vn -0.036451 -0.888993 0.456467
vn -0.243749 -0.782392 0.573105
vn -0.225031 -0.791118 0.568765
vn -0.426468 -0.636192 0.642951
vn -0.409058 -0.648626 0.641837
vn -0.568978 -0.467323 0.676663
vn -0.583529 -0.452157 0.674572
vn -0.698516 -0.241182 0.673726
vn -0.687875 -0.257735 0.678528
vn -0.753654 -0.033813 0.656401
vn -0.770757 -0.015436 0.636943
vn -0.758609 -0.020984 0.651209
vn -0.092099 -0.868260 0.487485
vn -0.110724 -0.862472 0.493844
vn -0.299890 -0.747811 0.592322
vn -0.281357 -0.757663 0.588884
vn -0.477286 -0.590161 0.651082
vn -0.460550 -0.603503 0.650906
vn -0.610522 -0.412986 0.675800
vn -0.624038 -0.397253 0.672879
vn -0.724982 -0.180969 0.664569
vn -0.715570 -0.197681 0.669987
vn -0.167229 -0.836981 0.521054
vn -0.148464 -0.843936 0.515490
vn -0.336895 -0.720777 0.605791
vn -0.355069 -0.709855 0.608302
vn -0.509687 -0.555490 0.657000
vn -0.525641 -0.541317 0.656260
vn -0.648510 -0.356586 0.672518
vn -0.660931 -0.340374 0.668817
vn -0.738863 -0.136649 0.659855
vn -0.747032 -0.119877 0.653891
vn -0.036087 -0.902169 0.429870
vn -0.015353 -0.913072 0.407509
vn -0.021514 -0.905406 0.424002
vn -0.205144 -0.816036 0.540372
vn -0.223895 -0.807929 0.545089
vn -0.408834 -0.668578 0.621175
vn -0.391157 -0.680509 0.619600
vn -0.571205 -0.489840 0.658621
vn -0.556177 -0.504720 0.660247
vn -0.682652 -0.298402 0.667040
vn -0.693901 -0.281842 0.662621
vn -0.764561 -0.058292 0.641910
vn -0.757635 -0.075033 0.648352
vn -0.091300 -0.882387 0.461581
vn -0.072902 -0.887511 0.454983
vn -0.261684 -0.784529 0.562170
vn -0.280261 -0.775303 0.566002
vn -0.443709 -0.637069 0.630290
vn -0.460804 -0.624164 0.630935
vn -0.599556 -0.451489 0.660825
vn -0.613615 -0.435951 0.658349
vn -0.712740 -0.238742 0.659549
vn -0.722778 -0.221935 0.654474
vn -0.787826 -0.001326 0.615896
vn -0.773997 -0.017811 0.632939
vn -0.128757 -0.865265 0.484497
vn -0.147360 -0.858980 0.490344
vn -0.335964 -0.739206 0.583697
vn -0.317652 -0.749540 0.580764
vn -0.494188 -0.590565 0.637975
vn -0.510531 -0.576795 0.637703
vn -0.652566 -0.379955 0.655584
vn -0.639562 -0.396053 0.658865
vn -0.747343 -0.161011 0.644635
vn -0.738532 -0.177980 0.650303
vn -0.012201 -0.933835 0.357497
vn -0.006218 -0.923868 0.382662
vn -0.021734 -0.919088 0.393453
vn -0.185191 -0.839406 0.510982
vn -0.203870 -0.831957 0.516028
vn -0.390510 -0.699752 0.598205
vn -0.372582 -0.711159 0.596184
vn -0.557719 -0.526620 0.641577
vn -0.542167 -0.541232 0.642746
vn -0.687762 -0.322105 0.650563
vn -0.675895 -0.338637 0.654592
vn -0.767440 -0.099373 0.633372
vn -0.759900 -0.116343 0.639544
vn -0.054006 -0.905187 0.421567
vn -0.072174 -0.900713 0.428376
vn -0.241723 -0.809972 0.534336
vn -0.260364 -0.801360 0.538546
vn -0.426072 -0.669445 0.608528
vn -0.443465 -0.657033 0.609629
vn -0.587279 -0.489255 0.644774
vn -0.601899 -0.473922 0.642741
vn -0.708313 -0.279559 0.648182
vn -0.718987 -0.262700 0.643465
vn -0.782966 -0.037348 0.620943
vn -0.776686 -0.054231 0.627549
vn -0.127638 -0.879408 0.458640
vn -0.109158 -0.885047 0.452522
vn -0.316414 -0.767232 0.557886
vn -0.297992 -0.776962 0.554554
vn -0.477708 -0.624579 0.617816
vn -0.494460 -0.611213 0.618003
vn -0.629237 -0.434854 0.644176
vn -0.642801 -0.418937 0.641326
vn -0.736556 -0.219112 0.639903
vn -0.745982 -0.202064 0.634572
vn -0.183814 -0.854493 0.485854
vn -0.165215 -0.861290 0.480504
vn -0.371553 -0.729616 0.574116
vn -0.353432 -0.740457 0.571673
vn -0.527082 -0.576745 0.624139
vn -0.543065 -0.562511 0.623428
vn -0.667668 -0.378340 0.641154
vn -0.680126 -0.361914 0.637532
vn -0.760437 -0.157656 0.629985
vn -0.768621 -0.140471 0.624091
vn -0.035476 -0.921286 0.387265
vn -0.053393 -0.917451 0.394250
vn -0.221626 -0.833899 0.505464
vn -0.240221 -0.825948 0.510004
vn -0.407691 -0.700584 0.585636
vn -0.425368 -0.688685 0.587175
vn -0.588907 -0.511109 0.626064
vn -0.573837 -0.526093 0.627644
vn -0.702313 -0.319964 0.635909
vn -0.713614 -0.303118 0.631566
vn -0.779809 -0.095498 0.618691
vn -0.786733 -0.078293 0.612308
vn -0.089848 -0.903235 0.419634
vn -0.108069 -0.898268 0.425952
vn -0.277985 -0.802928 0.527286
vn -0.296491 -0.793814 0.530993
vn -0.460378 -0.657437 0.596514
vn -0.477445 -0.644563 0.597147
vn -0.631694 -0.457205 0.626040
vn -0.617574 -0.472907 0.628460
vn -0.743008 -0.242886 0.623656
vn -0.732920 -0.260035 0.628657
vn -0.794577 -0.032967 0.606268
vn -0.798584 -0.020949 0.601519
vn -0.804119 -0.015219 0.594274
vn -0.163780 -0.875473 0.454667
vn -0.145365 -0.881593 0.449070
vn -0.333778 -0.768408 0.546023
vn -0.352056 -0.758158 0.548865
vn -0.527372 -0.597388 0.604158
vn -0.511021 -0.611175 0.604419
vn -0.671050 -0.401135 0.623524
vn -0.657997 -0.417423 0.626737
vn -0.768107 -0.181538 0.614048
vn -0.759272 -0.198876 0.619640
vn -0.020112 -0.935315 0.353243
vn -0.035022 -0.932581 0.359258
vn -0.015205 -0.943121 0.332101
vn -0.219980 -0.849018 0.480393
vn -0.201430 -0.856319 0.475545
vn -0.388722 -0.730398 0.561618
vn -0.406563 -0.719094 0.563569
vn -0.559232 -0.562018 0.609422
vn -0.574789 -0.547364 0.608285
vn -0.706708 -0.343121 0.618734
vn -0.694790 -0.359894 0.622690
vn -0.781204 -0.136772 0.609109
vn -0.788755 -0.119379 0.603004
vn -0.088829 -0.915520 0.392343
vn -0.070869 -0.919834 0.385854
vn -0.276259 -0.818938 0.503012
vn -0.257726 -0.827413 0.498964
vn -0.442255 -0.689057 0.574117
vn -0.459617 -0.676698 0.575180
vn -0.619289 -0.494750 0.609676
vn -0.604668 -0.510148 0.611658
vn -0.738403 -0.283440 0.611901
vn -0.727679 -0.300592 0.616545
vn -0.798578 -0.074094 0.597313
vn -0.804849 -0.056737 0.590762
vn -0.125639 -0.900323 0.416693
vn -0.143914 -0.894853 0.422525
vn -0.313779 -0.794904 0.519298
vn -0.332096 -0.785306 0.522500
vn -0.510740 -0.631171 0.583753
vn -0.494004 -0.644513 0.583577
vn -0.660566 -0.439701 0.608535
vn -0.646954 -0.455770 0.611330
vn -0.765919 -0.222452 0.603227
vn -0.756447 -0.239853 0.608489
vn -0.835133 -0.013163 0.549891
vn -0.820020 -0.001005 0.572334
vn -0.814482 -0.018189 0.579904
vn -0.021434 -0.946628 0.321615
vn -0.003889 -0.951885 0.306431
vn -0.181232 -0.877175 0.444655
vn -0.199683 -0.870535 0.449772
vn -0.369186 -0.758871 0.536485
vn -0.387207 -0.748154 0.538829
vn -0.543562 -0.596906 0.590122
vn -0.559540 -0.582663 0.589423
vn -0.698308 -0.382584 0.604975
vn -0.685794 -0.399216 0.608534
vn -0.780891 -0.177998 0.598771
vn -0.789087 -0.160453 0.592956
vn -0.052289 -0.934826 0.351235
vn -0.069963 -0.931151 0.357858
vn -0.237357 -0.850371 0.469608
vn -0.255811 -0.842574 0.473950
vn -0.441031 -0.707604 0.552076
vn -0.423415 -0.719415 0.550601
vn -0.590560 -0.546438 0.593839
vn -0.605669 -0.531377 0.592287
vn -0.720880 -0.340714 0.603528
vn -0.732232 -0.323620 0.599255
vn -0.807747 -0.097748 0.581369
vn -0.800836 -0.115342 0.587671
vn -0.124213 -0.912642 0.389429
vn -0.106217 -0.917441 0.383431
vn -0.293478 -0.819931 0.491511
vn -0.311827 -0.810982 0.495048
vn -0.493187 -0.663792 0.562269
vn -0.476144 -0.676617 0.561672
vn -0.634593 -0.493370 0.594877
vn -0.648750 -0.477562 0.592501
vn -0.762112 -0.263131 0.591564
vn -0.752004 -0.280536 0.596481
vn -0.821791 -0.034728 0.568730
vn -0.816181 -0.052218 0.575432
vn -0.161189 -0.896426 0.412841
vn -0.179424 -0.890473 0.418168
vn -0.367325 -0.775825 0.512999
vn -0.349162 -0.785935 0.510286
vn -0.543263 -0.616879 0.569495
vn -0.526885 -0.630679 0.569768
vn -0.675400 -0.437856 0.593395
vn -0.688474 -0.421445 0.590243
vn -0.778865 -0.219059 0.587692
vn -0.787726 -0.201393 0.582176
vn -0.051542 -0.945145 0.322558
vn -0.034258 -0.948185 0.315866
vn -0.216950 -0.871771 0.439258
vn -0.235295 -0.864651 0.443863
vn -0.403982 -0.748406 0.526010
vn -0.421767 -0.737202 0.527870
vn -0.575306 -0.581749 0.574971
vn -0.590886 -0.567061 0.573843
vn -0.724533 -0.363325 0.585702
vn -0.712586 -0.380272 0.589588
vn -0.808913 -0.138790 0.571312
vn -0.801344 -0.156576 0.577349
vn -0.087142 -0.932939 0.349329
vn -0.104861 -0.928789 0.355465
vn -0.291297 -0.835160 0.466534
vn -0.272937 -0.843461 0.462688
vn -0.457510 -0.707474 0.538671
vn -0.474828 -0.695193 0.539672
vn -0.635642 -0.514558 0.575491
vn -0.620984 -0.530032 0.577447
vn -0.756709 -0.303441 0.579063
vn -0.745948 -0.320830 0.583635
vn -0.819297 -0.093389 0.565713
vn -0.825553 -0.075623 0.559234
vn -0.159359 -0.908800 0.385599
vn -0.141332 -0.914090 0.380085
vn -0.328790 -0.811514 0.483055
vn -0.346992 -0.802062 0.486100
vn -0.509331 -0.663269 0.548322
vn -0.526012 -0.650001 0.548462
vn -0.663613 -0.475773 0.577285
vn -0.677273 -0.459580 0.574532
vn -0.784695 -0.242167 0.570621
vn -0.775181 -0.259871 0.575814
vn -0.832581 -0.029907 0.553095
vn -0.849730 -0.013023 0.527057
vn -0.836009 -0.017821 0.548426
vn -0.017632 -0.959797 0.280142
vn -0.033715 -0.957472 0.286550
vn -0.015570 -0.966978 0.254384
vn -0.017978 -0.959683 0.280509
vn -0.214781 -0.885145 0.412780
vn -0.196586 -0.891590 0.407948
vn -0.383994 -0.775995 0.500381
vn -0.401947 -0.765393 0.502605
vn -0.574988 -0.601750 0.554333
vn -0.559043 -0.615953 0.555043
vn -0.702814 -0.419208 0.574732
vn -0.715371 -0.402422 0.571227
vn -0.808362 -0.179793 0.560558
vn -0.800151 -0.197657 0.566295
vn -0.085899 -0.943279 0.320697
vn -0.068467 -0.946801 0.314451
vn -0.270567 -0.857796 0.437011
vn -0.252279 -0.865422 0.432897
vn -0.455728 -0.725306 0.515987
vn -0.438186 -0.737004 0.514604
vn -0.621326 -0.550652 0.557437
vn -0.606215 -0.565726 0.558979
vn -0.749726 -0.343329 0.565717
vn -0.738327 -0.360631 0.569929
vn -0.827556 -0.116610 0.549138
vn -0.820640 -0.134586 0.555370
vn -0.121765 -0.930108 0.346515
vn -0.139526 -0.925477 0.352172
vn -0.326349 -0.826791 0.458163
vn -0.308127 -0.835586 0.454813
vn -0.507922 -0.681884 0.526354
vn -0.490935 -0.694621 0.525819
vn -0.650539 -0.512800 0.560210
vn -0.664711 -0.496938 0.557863
vn -0.769879 -0.300295 0.563124
vn -0.780030 -0.282639 0.558273
vn -0.836536 -0.070966 0.543296
vn -0.842133 -0.053036 0.536655
vn -0.020173 -0.968496 0.248211
vn -0.002459 -0.973614 0.228188
vn -0.194357 -0.904000 0.380801
vn -0.176302 -0.909790 0.375766
vn -0.363579 -0.802139 0.473692
vn -0.381606 -0.792190 0.476248
vn -0.541758 -0.649045 0.534077
vn -0.558119 -0.635290 0.533769
vn -0.691637 -0.457400 0.558949
vn -0.704762 -0.440860 0.555835
vn -0.797264 -0.238554 0.554493
vn -0.806142 -0.220617 0.549056
vn -0.863743 0.005522 0.503903
vn -0.851230 -0.015083 0.524576
vn -0.067382 -0.956111 0.285151
vn -0.050391 -0.959003 0.278879
vn -0.249758 -0.878852 0.406496
vn -0.231599 -0.885797 0.402152
vn -0.418320 -0.765116 0.489496
vn -0.435977 -0.754066 0.491232
vn -0.590324 -0.600404 0.539474
vn -0.605881 -0.585749 0.538337
vn -0.729229 -0.399802 0.555323
vn -0.741212 -0.382704 0.551491
vn -0.827831 -0.157622 0.538379
vn -0.820256 -0.175723 0.544336
vn -0.120028 -0.940489 0.317921
vn -0.102579 -0.944474 0.312163
vn -0.287265 -0.858111 0.425587
vn -0.305453 -0.849987 0.429209
vn -0.489025 -0.712497 0.503192
vn -0.471772 -0.724670 0.502280
vn -0.636247 -0.548903 0.542121
vn -0.650897 -0.533425 0.540177
vn -0.773781 -0.322698 0.545095
vn -0.762990 -0.340273 0.549601
vn -0.838721 -0.112100 0.532899
vn -0.844971 -0.093961 0.526494
vn -0.174050 -0.921232 0.347907
vn -0.156274 -0.926344 0.342731
vn -0.360877 -0.817490 0.448863
vn -0.342835 -0.826765 0.446008
vn -0.540259 -0.667695 0.512156
vn -0.523621 -0.680881 0.512076
vn -0.692784 -0.478559 0.539474
vn -0.679125 -0.494785 0.542196
vn -0.802252 -0.261194 0.536814
vn -0.792711 -0.279132 0.541935
vn -0.857492 -0.030008 0.513621
vn -0.852565 -0.048082 0.520405
vn -0.049508 -0.967260 0.248912
vn -0.032886 -0.969565 0.242614
vn -0.228974 -0.898265 0.375088
vn -0.210986 -0.904532 0.370550
vn -0.397896 -0.791820 0.463356
vn -0.415718 -0.781381 0.465428
vn -0.573429 -0.633915 0.518972
vn -0.589348 -0.619765 0.518228
vn -0.731251 -0.421406 0.536367
vn -0.718671 -0.438290 0.539828
vn -0.818146 -0.216677 0.532623
vn -0.826392 -0.198495 0.526950
vn -0.083818 -0.957190 0.277061
vn -0.100953 -0.953824 0.282893
vn -0.266317 -0.879052 0.395401
vn -0.284395 -0.871616 0.399255
vn -0.451940 -0.753351 0.477716
vn -0.469394 -0.741786 0.478981
vn -0.620764 -0.583994 0.523071
vn -0.635897 -0.568908 0.521516
vn -0.754553 -0.379716 0.535225
vn -0.765973 -0.362282 0.531071
vn -0.839156 -0.153242 0.521857
vn -0.846072 -0.134948 0.515704
vn -0.154046 -0.936774 0.314203
vn -0.136543 -0.941238 0.308913
vn -0.339858 -0.841245 0.420480
vn -0.321817 -0.849854 0.417351
vn -0.504672 -0.711431 0.489052
vn -0.521583 -0.698814 0.489500
vn -0.665305 -0.531284 0.524506
vn -0.679499 -0.515386 0.522167
vn -0.786534 -0.319285 0.528603
vn -0.796726 -0.301415 0.523811
vn -0.855581 -0.089148 0.509936
vn -0.861161 -0.070849 0.503370
vn -0.016596 -0.984405 0.175133
vn -0.015199 -0.979331 0.201694
vn -0.032252 -0.976721 0.212074
vn -0.019742 -0.978093 0.207231
vn -0.190519 -0.921647 0.338036
vn -0.208290 -0.916052 0.342731
vn -0.394942 -0.807239 0.438618
vn -0.377051 -0.817021 0.436244
vn -0.555544 -0.666271 0.497447
vn -0.571842 -0.652616 0.497081
vn -0.706704 -0.476022 0.523425
vn -0.719861 -0.459403 0.520335
vn -0.814363 -0.257359 0.520172
vn -0.823266 -0.239184 0.514805
vn -0.868066 -0.021762 0.495971
vn -0.889600 -0.019292 0.456334
vn -0.877061 -0.008662 0.480300
vn -0.867337 -0.024782 0.497104
vn -0.082348 -0.965473 0.247145
vn -0.065645 -0.968227 0.241304
vn -0.263299 -0.891595 0.368418
vn -0.245366 -0.898351 0.364365
vn -0.449130 -0.769685 0.453726
vn -0.431591 -0.780577 0.452138
vn -0.619737 -0.603388 0.501846
vn -0.604215 -0.617980 0.503017
vn -0.744621 -0.418472 0.520021
vn -0.756643 -0.401251 0.516225
vn -0.845433 -0.175847 0.504303
vn -0.837843 -0.194234 0.510188
vn -0.134379 -0.950635 0.279707
vn -0.117212 -0.954461 0.274347
vn -0.300613 -0.871372 0.387740
vn -0.318602 -0.863438 0.391109
vn -0.484996 -0.740641 0.465005
vn -0.502127 -0.728628 0.465800
vn -0.664938 -0.551307 0.503903
vn -0.650305 -0.566756 0.505857
vn -0.789609 -0.341211 0.509993
vn -0.778787 -0.358938 0.514446
vn -0.856823 -0.130269 0.498883
vn -0.863076 -0.111786 0.492548
vn -0.002335 -0.988928 0.148380
vn -0.017871 -0.984629 0.173741
vn -0.170313 -0.937078 0.304759
vn -0.187802 -0.932147 0.309569
vn -0.355920 -0.840671 0.408158
vn -0.373777 -0.831587 0.410797
vn -0.536802 -0.697330 0.474947
vn -0.553384 -0.684249 0.474942
vn -0.693434 -0.512857 0.506089
vn -0.707093 -0.496619 0.503378
vn -0.818488 -0.279536 0.501933
vn -0.808922 -0.297666 0.506992
vn -0.871172 -0.065763 0.486553
vn -0.876079 -0.047306 0.479840
vn -0.048099 -0.977589 0.204952
vn -0.064378 -0.975412 0.210779
vn -0.242231 -0.909940 0.336651
vn -0.224472 -0.916025 0.332430
vn -0.410731 -0.806338 0.425581
vn -0.428385 -0.796087 0.427471
vn -0.586652 -0.650788 0.481991
vn -0.602544 -0.636708 0.481189
vn -0.733268 -0.456496 0.503913
vn -0.745854 -0.439567 0.500482
vn -0.843086 -0.216599 0.492231
vn -0.834818 -0.235026 0.497837
vn -0.115155 -0.962803 0.244437
vn -0.098391 -0.966009 0.239053
vn -0.279394 -0.891240 0.357253
vn -0.297202 -0.884017 0.360813
vn -0.464649 -0.768454 0.439976
vn -0.481980 -0.757053 0.441096
vn -0.649230 -0.586179 0.484659
vn -0.634124 -0.601208 0.486247
vn -0.780944 -0.380412 0.495391
vn -0.769495 -0.397959 0.499506
vn -0.856311 -0.171283 0.487231
vn -0.863234 -0.152706 0.481153
vn -0.150422 -0.950834 0.270718
vn -0.167613 -0.946543 0.275611
vn -0.352366 -0.854342 0.382019
vn -0.334520 -0.862758 0.379137
vn -0.517276 -0.727069 0.451437
vn -0.534095 -0.714594 0.451772
vn -0.678877 -0.548767 0.487833
vn -0.693053 -0.532900 0.485485
vn -0.801869 -0.337529 0.493032
vn -0.812085 -0.319512 0.488293
vn -0.878804 -0.088193 0.468961
vn -0.873231 -0.106826 0.475453
vn -0.047078 -0.983657 0.173789
vn -0.031283 -0.985287 0.168022
vn -0.203800 -0.932014 0.299693
vn -0.221268 -0.926611 0.304027
vn -0.389450 -0.830585 0.398067
vn -0.407166 -0.820994 0.400230
vn -0.584369 -0.668835 0.459536
vn -0.568154 -0.682359 0.459985
vn -0.733672 -0.477091 0.483849
vn -0.720516 -0.493719 0.486927
vn -0.839048 -0.257098 0.479479
vn -0.830124 -0.275463 0.484783
vn -0.890168 -0.021297 0.455134
vn -0.885498 -0.041953 0.462746
vn -0.096493 -0.973234 0.208576
vn -0.080125 -0.975855 0.203190
vn -0.258152 -0.909478 0.325894
vn -0.275827 -0.902919 0.329630
vn -0.443780 -0.794765 0.414015
vn -0.461201 -0.784036 0.415430
vn -0.616908 -0.634482 0.465680
vn -0.632370 -0.619992 0.464454
vn -0.758735 -0.436302 0.483696
vn -0.770771 -0.419024 0.479928
vn -0.861669 -0.193507 0.469128
vn -0.854065 -0.212134 0.474944
vn -0.130905 -0.962907 0.235954
vn -0.147785 -0.959231 0.240904
vn -0.330725 -0.875503 0.352300
vn -0.312979 -0.883230 0.349212
vn -0.497044 -0.755411 0.426968
vn -0.514062 -0.743560 0.427621
vn -0.663132 -0.583614 0.468668
vn -0.677754 -0.568207 0.466681
vn -0.793242 -0.376780 0.478335
vn -0.804090 -0.358942 0.473920
vn -0.873516 -0.147856 0.463798
vn -0.879768 -0.129097 0.457540
vn -0.030558 -0.990191 0.136335
vn -0.012817 -0.992500 0.121567
vn -0.020567 -0.990952 0.132630
vn -0.200569 -0.941559 0.270626
vn -0.183387 -0.946312 0.266202
vn -0.367930 -0.853235 0.369619
vn -0.385559 -0.844364 0.372013
vn -0.565287 -0.699710 0.436870
vn -0.548821 -0.712628 0.436986
vn -0.706454 -0.529994 0.469073
vn -0.720120 -0.513757 0.466349
vn -0.823762 -0.315510 0.471031
vn -0.833367 -0.297201 0.466016
vn -0.888362 -0.082962 0.451586
vn -0.893254 -0.064174 0.444948
vn -0.062482 -0.984021 0.166732
vn -0.078427 -0.981955 0.172086
vn -0.254465 -0.920163 0.297568
vn -0.237015 -0.926047 0.293701
vn -0.439923 -0.809536 0.388741
vn -0.422479 -0.819571 0.387060
vn -0.598703 -0.666546 0.444152
vn -0.614505 -0.652607 0.443269
vn -0.746546 -0.473839 0.467060
vn -0.759153 -0.456871 0.463634
vn -0.850099 -0.252717 0.462023
vn -0.858391 -0.234083 0.456475
vn -0.913162 -0.006267 0.407550
vn -0.901760 -0.010747 0.432103
vn -0.899375 -0.020097 0.436716
vn -0.111943 -0.973254 0.200611
vn -0.128380 -0.970189 0.205554
vn -0.291438 -0.902030 0.318443
vn -0.308982 -0.895010 0.321694
vn -0.493350 -0.771114 0.402478
vn -0.476217 -0.782297 0.401532
vn -0.661297 -0.602454 0.446918
vn -0.646246 -0.617383 0.448559
vn -0.794557 -0.397804 0.458728
vn -0.783086 -0.415421 0.462819
vn -0.878981 -0.169929 0.445552
vn -0.872044 -0.188755 0.451566
vn -0.017928 -0.995109 0.097141
vn -0.003674 -0.997702 0.067660
vn -0.012456 -0.995432 0.094657
vn -0.180169 -0.954794 0.236445
vn -0.163340 -0.958910 0.231973
vn -0.346154 -0.874294 0.340276
vn -0.363754 -0.866091 0.342885
vn -0.545410 -0.729201 0.413271
vn -0.528704 -0.741513 0.413075
vn -0.705286 -0.549473 0.447941
vn -0.691144 -0.565272 0.450319
vn -0.826046 -0.336884 0.451838
vn -0.815822 -0.354982 0.456532
vn -0.889440 -0.123976 0.439916
vn -0.895011 -0.105053 0.433495
vn -0.061032 -0.988950 0.135100
vn -0.045586 -0.990488 0.129825
vn -0.233258 -0.935686 0.264730
vn -0.216104 -0.940902 0.260772
vn -0.400746 -0.842841 0.359197
vn -0.418260 -0.833456 0.361124
vn -0.579541 -0.697353 0.421700
vn -0.595685 -0.683958 0.421141
vn -0.732991 -0.510495 0.449576
vn -0.746135 -0.493893 0.446489
vn -0.844473 -0.292886 0.448422
vn -0.853421 -0.274364 0.443167
vn -0.902187 -0.058696 0.427334
vn -0.906384 -0.039796 0.420577
vn -0.093578 -0.981904 0.164645
vn -0.109567 -0.979411 0.169556
vn -0.287277 -0.912820 0.290226
vn -0.269891 -0.919178 0.286830
vn -0.454830 -0.807703 0.375161
vn -0.472081 -0.797170 0.376376
vn -0.628319 -0.649942 0.427541
vn -0.643731 -0.635559 0.426234
vn -0.771474 -0.453277 0.446506
vn -0.783518 -0.435976 0.442747
vn -0.868839 -0.229413 0.438735
vn -0.876461 -0.210586 0.432978
vn -0.143682 -0.969791 0.197131
vn -0.160190 -0.966272 0.201637
vn -0.324233 -0.893705 0.310105
vn -0.341737 -0.886179 0.312893
vn -0.524776 -0.757317 0.388691
vn -0.507905 -0.768979 0.388205
vn -0.674650 -0.599477 0.430667
vn -0.689233 -0.584156 0.428625
vn -0.817174 -0.375974 0.436886
vn -0.806314 -0.393871 0.441274
vn -0.895005 -0.145902 0.421519
vn -0.888747 -0.164903 0.427710
vn -0.029490 -0.995282 0.092431
vn -0.044427 -0.994233 0.097602
vn -0.212318 -0.949468 0.231153
vn -0.195423 -0.954058 0.227120
vn -0.396204 -0.855797 0.332617
vn -0.378770 -0.864473 0.330484
vn -0.575942 -0.714015 0.398087
vn -0.559587 -0.726766 0.398339
vn -0.731780 -0.530002 0.428482
vn -0.718133 -0.546186 0.431237
vn -0.846816 -0.314208 0.429157
vn -0.837199 -0.332611 0.434128
vn -0.904060 -0.099679 0.415619
vn -0.908941 -0.080612 0.409057
vn -0.075879 -0.988843 0.128187
vn -0.091405 -0.986887 0.133039
vn -0.265614 -0.928925 0.257969
vn -0.248480 -0.934614 0.254470
vn -0.450292 -0.821691 0.349372
vn -0.433025 -0.831529 0.347920
vn -0.625152 -0.667435 0.404617
vn -0.609440 -0.681225 0.405605
vn -0.758457 -0.490289 0.429372
vn -0.771049 -0.473349 0.425938
vn -0.863930 -0.269754 0.425274
vn -0.872235 -0.250981 0.419780
vn -0.914693 -0.034079 0.402711
vn -0.923789 -0.013474 0.382666
vn -0.917089 -0.021293 0.398113
vn -0.124578 -0.978950 0.161668
vn -0.140634 -0.976021 0.166149
vn -0.319603 -0.904613 0.282010
vn -0.302351 -0.911423 0.279091
vn -0.503496 -0.783957 0.363185
vn -0.486522 -0.794945 0.362435
vn -0.672025 -0.617722 0.408415
vn -0.657038 -0.632527 0.410135
vn -0.795284 -0.432052 0.425270
vn -0.806758 -0.414418 0.421188
vn -0.893247 -0.186606 0.409008
vn -0.886292 -0.205642 0.414967
vn -0.040599 -0.999002 0.018623
vn -0.010944 -0.999115 0.040604
vn -0.020325 -0.998176 0.056841
vn -0.019212 -0.999631 0.019212
vn -0.028673 -0.997801 0.059760
vn -0.191652 -0.961514 0.196877
vn -0.175189 -0.965466 0.192834
vn -0.356638 -0.884464 0.300887
vn -0.373931 -0.876498 0.303194
vn -0.538884 -0.754792 0.374022
vn -0.555427 -0.742686 0.374055
vn -0.702050 -0.580827 0.412027
vn -0.716147 -0.565123 0.409597
vn -0.828329 -0.371736 0.419145
vn -0.838585 -0.353541 0.414468
vn -0.909715 -0.121443 0.397078
vn -0.904137 -0.140624 0.403436
vn -0.073951 -0.992628 0.096029
vn -0.058883 -0.994085 0.091254
vn -0.244126 -0.943289 0.224961
vn -0.227319 -0.948319 0.221398
vn -0.410886 -0.853770 0.319766
vn -0.428110 -0.844634 0.321427
vn -0.589662 -0.711197 0.382750
vn -0.605650 -0.698010 0.382061
vn -0.744088 -0.526370 0.411421
vn -0.757202 -0.509835 0.408306
vn -0.866325 -0.290999 0.405956
vn -0.857351 -0.309648 0.411178
vn -0.921539 -0.055806 0.384255
vn -0.917354 -0.075001 0.390942
vn -0.121686 -0.983998 0.130152
vn -0.106072 -0.986379 0.125715
vn -0.280472 -0.927449 0.247335
vn -0.297563 -0.921286 0.250376
vn -0.481660 -0.809080 0.336738
vn -0.464662 -0.819366 0.335751
vn -0.638411 -0.664334 0.388705
vn -0.653727 -0.650110 0.387296
vn -0.782804 -0.469418 0.408491
vn -0.794846 -0.452130 0.404720
vn -0.889757 -0.227114 0.395919
vn -0.882117 -0.246099 0.401628
vn -0.933873 0.008621 0.357500
vn -0.929006 -0.018661 0.369595
vn -0.171471 -0.971791 0.161927
vn -0.155370 -0.975159 0.157878
vn -0.334356 -0.902809 0.270448
vn -0.351543 -0.895510 0.272909
vn -0.517523 -0.781340 0.348824
vn -0.534206 -0.769896 0.349118
vn -0.684815 -0.614333 0.391948
vn -0.699316 -0.599156 0.389832
vn -0.828786 -0.392270 0.399046
vn -0.817919 -0.410189 0.403426
vn -0.902450 -0.181404 0.390738
vn -0.908717 -0.162209 0.384607
vn -0.042743 -0.997627 0.053968
vn -0.041381 -0.998960 0.019160
vn -0.067650 -0.997552 0.017685
vn -0.057251 -0.996638 0.058615
vn -0.206436 -0.960300 0.187636
vn -0.222932 -0.955891 0.191243
vn -0.388470 -0.874382 0.290771
vn -0.405639 -0.865929 0.292617
vn -0.585284 -0.727219 0.358603
vn -0.569056 -0.739787 0.359014
vn -0.728427 -0.561450 0.392642
vn -0.742030 -0.545362 0.389836
vn -0.849151 -0.349003 0.396407
vn -0.858772 -0.330554 0.391465
vn -0.918219 -0.115919 0.378731
vn -0.923094 -0.096620 0.372239
vn -0.103378 -0.990227 0.093619
vn -0.088276 -0.992088 0.089266
vn -0.258803 -0.941740 0.214816
vn -0.275554 -0.936258 0.217924
vn -0.459392 -0.832598 0.309419
vn -0.442341 -0.842221 0.308218
vn -0.618836 -0.694835 0.366398
vn -0.634444 -0.681213 0.365280
vn -0.768939 -0.505878 0.390922
vn -0.781509 -0.488998 0.387459
vn -0.884564 -0.267286 0.382237
vn -0.876247 -0.286159 0.387691
vn -0.929300 -0.049979 0.365928
vn -0.932778 -0.030692 0.359141
vn -0.136160 -0.983094 0.122418
vn -0.151761 -0.980300 0.126416
vn -0.329066 -0.912800 0.241891
vn -0.312114 -0.919408 0.239319
vn -0.495577 -0.806375 0.322743
vn -0.512356 -0.795603 0.323275
vn -0.666475 -0.646653 0.371014
vn -0.681363 -0.632013 0.369194
vn -0.817469 -0.430286 0.382881
vn -0.806008 -0.447890 0.386970
vn -0.899016 -0.221969 0.377492
vn -0.905979 -0.202792 0.371587
vn -0.185966 -0.970531 0.153250
vn -0.202059 -0.966730 0.156860
vn -0.382929 -0.885555 0.262979
vn -0.365888 -0.893316 0.260982
vn -0.547748 -0.766909 0.334399
vn -0.564116 -0.755018 0.334246
vn -0.711554 -0.595429 0.373034
vn -0.725591 -0.579849 0.370529
vn -0.839359 -0.387740 0.380965
vn -0.849619 -0.369524 0.376296
vn -0.917293 -0.156756 0.366062
vn -0.922871 -0.137389 0.359768
vn -0.085827 -0.994698 0.056658
vn -0.094653 -0.995376 0.016385
vn -0.071232 -0.996082 0.052407
vn -0.069030 -0.997441 0.018626
vn -0.237363 -0.954287 0.181644
vn -0.253809 -0.949436 0.184802
vn -0.436693 -0.854523 0.281230
vn -0.419726 -0.863432 0.279849
vn -0.614240 -0.710979 0.342372
vn -0.598401 -0.723960 0.343217
vn -0.766813 -0.524920 0.369400
vn -0.753734 -0.541367 0.372567
vn -0.877699 -0.307021 0.367944
vn -0.868709 -0.325743 0.373145
vn -0.930939 -0.090879 0.353687
vn -0.935115 -0.071443 0.347068
vn -0.117518 -0.989300 0.086458
vn -0.132703 -0.987024 0.090407
vn -0.289932 -0.934312 0.207364
vn -0.306636 -0.928366 0.210024
vn -0.473195 -0.829804 0.295824
vn -0.489958 -0.819751 0.296564
vn -0.647139 -0.677679 0.349231
vn -0.662332 -0.663644 0.347696
vn -0.804675 -0.467513 0.365964
vn -0.792663 -0.484730 0.369760
vn -0.901508 -0.243082 0.358042
vn -0.893850 -0.262187 0.363716
vn -0.939882 -0.024661 0.340608
vn -0.951837 -0.010721 0.306416
vn -0.943174 -0.011866 0.332089
vn -0.940298 -0.021922 0.339645
vn -0.181647 -0.975779 0.121898
vn -0.165964 -0.979009 0.118308
vn -0.360087 -0.903477 0.232522
vn -0.343296 -0.910526 0.230412
vn -0.542279 -0.781317 0.308995
vn -0.525806 -0.792528 0.308915
vn -0.693538 -0.628227 0.352614
vn -0.707970 -0.613188 0.350397
vn -0.838896 -0.407846 0.360438
vn -0.828032 -0.425750 0.364828
vn -0.914587 -0.197408 0.352930
vn -0.920875 -0.178024 0.346837
vn -0.232328 -0.960846 0.150992
vn -0.216240 -0.965086 0.147816
vn -0.396896 -0.882976 0.250655
vn -0.413735 -0.874771 0.252189
vn -0.577180 -0.751668 0.319153
vn -0.593202 -0.739344 0.318561
vn -0.737257 -0.575802 0.353418
vn -0.750802 -0.559839 0.350538
vn -0.859560 -0.364722 0.357958
vn -0.869187 -0.346250 0.353023
vn -0.930771 -0.131728 0.341048
vn -0.935653 -0.112209 0.334607
vn -0.099577 -0.993768 0.050093
vn -0.114261 -0.991985 0.053953
vn -0.121562 -0.992475 0.014672
vn -0.096625 -0.995163 0.017751
vn -0.267978 -0.947439 0.174780
vn -0.284336 -0.942153 0.177487
vn -0.450420 -0.851636 0.268025
vn -0.467145 -0.842284 0.268949
vn -0.626871 -0.707364 0.326602
vn -0.642332 -0.693951 0.325333
vn -0.777935 -0.520615 0.351819
vn -0.790472 -0.503823 0.348305
vn -0.887003 -0.301948 0.349362
vn -0.895330 -0.283010 0.343931
vn -0.945761 -0.045958 0.321595
vn -0.942293 -0.065500 0.328318
vn -0.161756 -0.983036 0.086458
vn -0.146522 -0.985726 0.082917
vn -0.337275 -0.919635 0.201288
vn -0.320666 -0.926035 0.199079
vn -0.519839 -0.806070 0.282875
vn -0.503323 -0.816586 0.282585
vn -0.689224 -0.645341 0.329401
vn -0.674464 -0.659781 0.331342
vn -0.826663 -0.445401 0.343871
vn -0.815215 -0.462955 0.347990
vn -0.917123 -0.218451 0.333412
vn -0.910147 -0.237741 0.339281
vn -0.211219 -0.970458 0.116610
vn -0.195529 -0.974115 0.113443
vn -0.373889 -0.900832 0.220702
vn -0.390606 -0.893297 0.222366
vn -0.555278 -0.777874 0.294241
vn -0.571411 -0.766240 0.293880
vn -0.719609 -0.609071 0.333459
vn -0.733541 -0.593674 0.330862
vn -0.848837 -0.403033 0.342111
vn -0.859087 -0.384846 0.337436
vn -0.934409 -0.152912 0.321711
vn -0.928828 -0.172415 0.327951
vn -0.246245 -0.958816 0.141544
vn -0.262297 -0.954140 0.144285
vn -0.427305 -0.871815 0.239476
vn -0.443996 -0.863133 0.240560
vn -0.605751 -0.735649 0.303129
vn -0.621428 -0.722882 0.302106
vn -0.774908 -0.539167 0.329873
vn -0.761889 -0.555483 0.333113
vn -0.878504 -0.341182 0.334403
vn -0.887492 -0.322453 0.329215
vn -0.942897 -0.106335 0.315656
vn -0.947068 -0.086715 0.309100
vn -0.127777 -0.990687 0.047029
vn -0.124204 -0.992118 0.016584
vn -0.148375 -0.988852 0.012533
vn -0.142457 -0.988513 0.050480
vn -0.314478 -0.934033 0.169368
vn -0.298156 -0.939778 0.167095
vn -0.496894 -0.829219 0.255914
vn -0.480366 -0.839046 0.255440
vn -0.654419 -0.690004 0.309242
vn -0.669451 -0.676197 0.307561
vn -0.812961 -0.482115 0.326587
vn -0.800994 -0.499225 0.330429
vn -0.903994 -0.277690 0.325091
vn -0.911656 -0.258534 0.319444
vn -0.952271 -0.039826 0.302645
vn -0.954720 -0.022528 0.296651
vn -0.959711 -0.016271 0.280517
vn -0.175418 -0.981356 0.078543
vn -0.190559 -0.978274 0.081650
vn -0.350875 -0.916941 0.190018
vn -0.367335 -0.910103 0.191776
vn -0.532745 -0.802544 0.268523
vn -0.548977 -0.791582 0.268369
vn -0.700825 -0.641147 0.312689
vn -0.715132 -0.626311 0.310355
vn -0.847433 -0.422721 0.321191
vn -0.836590 -0.440564 0.325609
vn -0.925113 -0.212878 0.314403
vn -0.931405 -0.193401 0.308353
vn -0.224880 -0.968411 0.107742
vn -0.240528 -0.964334 0.110480
vn -0.404041 -0.890275 0.210146
vn -0.420530 -0.882317 0.211356
vn -0.583867 -0.762465 0.278829
vn -0.599703 -0.750369 0.278034
vn -0.758046 -0.573469 0.310644
vn -0.744602 -0.589249 0.313614
vn -0.878020 -0.361309 0.313906
vn -0.868392 -0.379773 0.318853
vn -0.946581 -0.127411 0.296229
vn -0.941690 -0.147098 0.302625
vn -0.275863 -0.951742 0.134486
vn -0.291840 -0.946635 0.136792
vn -0.473513 -0.850726 0.228146
vn -0.457102 -0.859823 0.227514
vn -0.633462 -0.718849 0.286324
vn -0.648734 -0.705680 0.284884
vn -0.797875 -0.517873 0.308551
vn -0.785413 -0.534510 0.312129
vn -0.896150 -0.317147 0.310374
vn -0.904491 -0.298167 0.304947
vn -0.953633 -0.080653 0.289964
vn -0.957096 -0.060910 0.283298
vn -0.151763 -0.988300 0.015187
vn -0.155775 -0.986849 0.043173
vn -0.175140 -0.984494 0.009893
vn -0.170553 -0.984263 0.046241
vn -0.327900 -0.931297 0.158639
vn -0.344101 -0.925119 0.160469
vn -0.525945 -0.815352 0.242041
vn -0.509691 -0.825619 0.242010
vn -0.680990 -0.671928 0.291145
vn -0.695620 -0.657691 0.289060
vn -0.822867 -0.477240 0.308435
vn -0.834276 -0.459786 0.304268
vn -0.919652 -0.252991 0.300391
vn -0.926644 -0.233617 0.294539
vn -0.967082 0.002427 0.254453
vn -0.962239 -0.019573 0.271501
vn -0.203924 -0.976232 0.073386
vn -0.219168 -0.972715 0.076102
vn -0.380623 -0.907028 0.180076
vn -0.396956 -0.899735 0.181392
vn -0.561334 -0.787731 0.253741
vn -0.577248 -0.776337 0.253151
vn -0.726139 -0.621819 0.293365
vn -0.739973 -0.606600 0.290649
vn -0.856720 -0.417627 0.302684
vn -0.866957 -0.399493 0.297979
vn -0.938710 -0.187630 0.289168
vn -0.944302 -0.168008 0.282961
vn -0.253885 -0.961921 0.101245
vn -0.269453 -0.957429 0.103555
vn -0.449849 -0.870524 0.199558
vn -0.433527 -0.878941 0.198791
vn -0.611657 -0.746258 0.262631
vn -0.627140 -0.733730 0.261410
vn -0.781454 -0.552593 0.289779
vn -0.768509 -0.568753 0.293111
vn -0.895657 -0.337291 0.289884
vn -0.886678 -0.355993 0.295079
vn -0.953184 -0.121407 0.276947
vn -0.957358 -0.101627 0.270438
vn -0.320954 -0.938336 0.128510
vn -0.305059 -0.943876 0.126635
vn -0.486206 -0.847055 0.214711
vn -0.502418 -0.837492 0.214902
vn -0.675081 -0.687744 0.266972
vn -0.660195 -0.701339 0.268823
vn -0.807748 -0.512949 0.290564
vn -0.819664 -0.495966 0.286651
vn -0.920159 -0.273459 0.280228
vn -0.912495 -0.292631 0.285865
vn -0.965714 -0.034869 0.257256
vn -0.962971 -0.054682 0.264000
vn -0.198273 -0.979278 0.041250
vn -0.201715 -0.979422 0.006599
vn -0.183581 -0.982246 0.038599
vn -0.179353 -0.983690 0.013644
vn -0.373280 -0.915390 0.150740
vn -0.357192 -0.922014 0.149346
vn -0.554164 -0.800733 0.227438
vn -0.538217 -0.811424 0.227844
vn -0.720747 -0.638502 0.269887
vn -0.706575 -0.653124 0.272362
vn -0.854350 -0.436927 0.281391
vn -0.843554 -0.454649 0.285850
vn -0.933967 -0.227869 0.275284
vn -0.940265 -0.208330 0.269257
vn -0.232234 -0.970316 0.067486
vn -0.247441 -0.966386 0.069790
vn -0.409759 -0.896325 0.169407
vn -0.425939 -0.888583 0.170284
vn -0.589144 -0.772141 0.238132
vn -0.604716 -0.760325 0.237117
vn -0.750388 -0.601818 0.273371
vn -0.763734 -0.586222 0.270285
vn -0.875607 -0.394151 0.279207
vn -0.885212 -0.375759 0.274236
vn -0.955829 -0.142251 0.257208
vn -0.950934 -0.162041 0.263565
vn -0.282462 -0.954664 0.093979
vn -0.297965 -0.949751 0.095869
vn -0.478503 -0.857943 0.186997
vn -0.462383 -0.866808 0.186669
vn -0.638542 -0.729308 0.245711
vn -0.653604 -0.716398 0.244080
vn -0.791291 -0.547609 0.271996
vn -0.803676 -0.531136 0.268327
vn -0.903659 -0.331746 0.270822
vn -0.911993 -0.312791 0.265387
vn -0.963274 -0.095452 0.250982
vn -0.966734 -0.075561 0.244367
vn -0.349619 -0.929253 0.119394
vn -0.333872 -0.935210 0.117951
vn -0.514605 -0.833495 0.201166
vn -0.530533 -0.823508 0.200922
vn -0.686008 -0.683088 0.250566
vn -0.700435 -0.669124 0.248322
vn -0.840271 -0.473463 0.264154
vn -0.828918 -0.490778 0.268386
vn -0.934482 -0.248330 0.255099
vn -0.927491 -0.267716 0.260939
vn -0.979363 -0.012755 0.201707
vn -0.973540 -0.012915 0.228153
vn -0.971761 -0.020488 0.235074
vn -0.970896 -0.028489 0.237803
vn -0.225792 -0.973529 0.035484
vn -0.211084 -0.976903 0.033225
vn -0.228187 -0.973615 0.002252
vn -0.207004 -0.978262 0.012344
vn -0.401846 -0.904903 0.140249
vn -0.385950 -0.911943 0.139291
vn -0.581621 -0.785341 0.212030
vn -0.565980 -0.796465 0.212863
vn -0.744814 -0.618657 0.250032
vn -0.731129 -0.633641 0.252882
vn -0.862982 -0.431547 0.262733
vn -0.873185 -0.413513 0.257983
vn -0.946912 -0.202388 0.249795
vn -0.952509 -0.182700 0.243611
vn -0.260200 -0.963637 0.060824
vn -0.275292 -0.959313 0.062708
vn -0.454279 -0.876675 0.158338
vn -0.438374 -0.884814 0.157899
vn -0.616076 -0.755816 0.221792
vn -0.631289 -0.743583 0.220360
vn -0.786371 -0.565224 0.249283
vn -0.773551 -0.581163 0.252721
vn -0.902164 -0.351553 0.250020
vn -0.893202 -0.370192 0.255241
vn -0.965946 -0.116219 0.231175
vn -0.961766 -0.136117 0.237650
vn -0.310642 -0.946634 0.085936
vn -0.326116 -0.941279 0.087413
vn -0.490594 -0.853888 0.173759
vn -0.506447 -0.844604 0.173653
vn -0.664476 -0.711665 0.228046
vn -0.679162 -0.698326 0.226009
vn -0.812904 -0.525887 0.250259
vn -0.824740 -0.509077 0.246261
vn -0.919319 -0.307042 0.246125
vn -0.926980 -0.287886 0.240478
vn -0.971950 -0.069236 0.224765
vn -0.974690 -0.049265 0.218067
vn -0.362123 -0.925792 0.108520
vn -0.377764 -0.919399 0.109540
vn -0.542252 -0.819179 0.186837
vn -0.557902 -0.808757 0.186165
vn -0.710774 -0.664184 0.231645
vn -0.724777 -0.649809 0.229012
vn -0.848880 -0.468035 0.245654
vn -0.859624 -0.450448 0.241130
vn -0.941130 -0.242398 0.235622
vn -0.947433 -0.222831 0.229601
vn -0.238292 -0.970815 0.027129
vn -0.235069 -0.971898 0.012549
vn -0.254419 -0.967081 -0.005090
vn -0.264080 -0.964270 0.021082
vn -0.252979 -0.967037 0.028993
vn -0.429912 -0.893612 0.128974
vn -0.414124 -0.901112 0.128442
vn -0.608216 -0.769212 0.195924
vn -0.592889 -0.780771 0.197179
vn -0.767801 -0.598166 0.229519
vn -0.754608 -0.613516 0.232733
vn -0.881159 -0.407909 0.239101
vn -0.890732 -0.389617 0.234086
vn -0.958461 -0.176588 0.223983
vn -0.963360 -0.156736 0.217650
vn -0.302758 -0.951486 0.054881
vn -0.280501 -0.959671 0.018726
vn -0.279258 -0.960009 0.019915
vn -0.287723 -0.956224 0.053402
vn -0.466237 -0.872587 0.145657
vn -0.482000 -0.863977 0.145668
vn -0.656934 -0.726128 0.202918
vn -0.642087 -0.738782 0.204760
vn -0.807849 -0.543636 0.227685
vn -0.795569 -0.559907 0.231461
vn -0.917799 -0.326886 0.225368
vn -0.909479 -0.345782 0.230830
vn -0.974646 -0.089930 0.204886
vn -0.971183 -0.109934 0.211465
vn -0.353711 -0.932079 0.078207
vn -0.338419 -0.937827 0.077151
vn -0.518063 -0.840227 0.160091
vn -0.533657 -0.830512 0.159559
vn -0.703684 -0.679602 0.207292
vn -0.689444 -0.693315 0.209718
vn -0.833332 -0.503585 0.227948
vn -0.844600 -0.486455 0.223635
vn -0.933625 -0.281945 0.221021
vn -0.940612 -0.262583 0.215173
vn -0.984391 -0.017610 0.175112
vn -0.981163 -0.023340 0.191766
vn -0.979199 -0.042809 0.198336
vn -0.405341 -0.908797 0.098925
vn -0.389876 -0.915603 0.098328
vn -0.584427 -0.793287 0.170706
vn -0.569091 -0.804127 0.171798
vn -0.748056 -0.629848 0.209052
vn -0.734525 -0.644597 0.212058
vn -0.877729 -0.426905 0.217587
vn -0.867581 -0.444794 0.222399
vn -0.958989 -0.197007 0.203785
vn -0.953384 -0.216732 0.209966
vn -0.457236 -0.881620 0.116967
vn -0.441738 -0.889501 0.116861
vn -0.618952 -0.764343 0.180773
vn -0.633895 -0.752394 0.179110
vn -0.776955 -0.592784 0.212010
vn -0.789661 -0.577052 0.208438
vn -0.898033 -0.383809 0.215005
vn -0.906964 -0.365275 0.209742
vn -0.968607 -0.150476 0.197882
vn -0.972792 -0.130505 0.191426
vn -0.306570 -0.951723 0.015454
vn -0.329830 -0.942903 0.046313
vn -0.332111 -0.943182 0.010512
vn -0.306401 -0.951773 0.015676
vn -0.314851 -0.948063 0.045237
vn -0.508992 -0.850551 0.132251
vn -0.493500 -0.859569 0.132663
vn -0.681611 -0.708000 0.184777
vn -0.667185 -0.721034 0.187012
vn -0.816413 -0.538079 0.209623
vn -0.828151 -0.521467 0.205518
vn -0.924438 -0.320921 0.205972
vn -0.932082 -0.301833 0.200301
vn -0.979174 -0.083514 0.185052
vn -0.981914 -0.063426 0.178388
vn -0.380825 -0.922123 0.068271
vn -0.365623 -0.928303 0.067626
vn -0.544770 -0.825831 0.145700
vn -0.560067 -0.815704 0.144750
vn -0.713396 -0.674312 0.190706
vn -0.727197 -0.660211 0.187898
vn -0.863208 -0.463323 0.200509
vn -0.852532 -0.480745 0.205118
vn -0.946562 -0.256474 0.195553
vn -0.952859 -0.236936 0.189527
vn -0.988927 0.000460 0.148399
vn -0.985593 -0.020097 0.167937
vn -0.417040 -0.904677 0.087389
vn -0.432365 -0.897436 0.087570
vn -0.595113 -0.788352 0.156018
vn -0.610112 -0.777103 0.154515
vn -0.770208 -0.609299 0.188507
vn -0.757183 -0.624388 0.191869
vn -0.885018 -0.421046 0.198654
vn -0.894537 -0.402903 0.193579
vn -0.969140 -0.170889 0.177662
vn -0.964243 -0.190751 0.183983
vn -0.468637 -0.877186 0.104516
vn -0.483965 -0.868861 0.104204
vn -0.644111 -0.747226 0.163629
vn -0.658666 -0.734884 0.161568
vn -0.810348 -0.555388 0.186761
vn -0.798203 -0.571420 0.190661
vn -0.913591 -0.359273 0.190457
vn -0.921881 -0.340481 0.184953
vn -0.977332 -0.124111 0.171518
vn -0.980796 -0.104047 0.164963
vn -0.356335 -0.933625 0.037003
vn -0.357532 -0.933890 0.004495
vn -0.341574 -0.939152 0.036335
vn -0.334402 -0.942345 0.012659
vn -0.520016 -0.845835 0.118936
vn -0.535229 -0.836409 0.118109
vn -0.705301 -0.689198 0.166003
vn -0.691269 -0.702646 0.168629
vn -0.847231 -0.498774 0.182825
vn -0.836067 -0.515688 0.187238
vn -0.944997 -0.276403 0.174877
vn -0.938024 -0.295703 0.180751
vn -0.985731 -0.056893 0.158425
vn -0.987743 -0.036745 0.151699
vn -0.392365 -0.918020 0.057348
vn -0.407507 -0.913048 0.016748
vn -0.407358 -0.911452 0.057582
vn -0.570684 -0.810721 0.130577
vn -0.585677 -0.800178 0.129216
vn -0.749625 -0.640214 0.167896
vn -0.736303 -0.654671 0.171069
vn -0.880557 -0.439696 0.176881
vn -0.870483 -0.457403 0.181772
vn -0.963712 -0.210968 0.163560
vn -0.958110 -0.230673 0.169749
vn -0.443614 -0.893012 0.075740
vn -0.458700 -0.885377 0.075509
vn -0.634921 -0.760217 0.137642
vn -0.620255 -0.771887 0.139549
vn -0.778725 -0.603593 0.171064
vn -0.791273 -0.588117 0.167346
vn -0.910035 -0.378457 0.169135
vn -0.901149 -0.396855 0.174461
vn -0.973684 -0.164501 0.157727
vn -0.977871 -0.144510 0.151281
vn -0.509968 -0.855394 0.090736
vn -0.494891 -0.864128 0.091460
vn -0.668286 -0.729463 0.145866
vn -0.682440 -0.716734 0.143416
vn -0.818247 -0.549536 0.168767
vn -0.829857 -0.533164 0.164541
vn -0.927813 -0.334315 0.165518
vn -0.935429 -0.315332 0.159805
vn -0.984621 -0.097538 0.144939
vn -0.987364 -0.077379 0.138296
vn -0.382402 -0.923602 0.026999
vn -0.382644 -0.923873 -0.006469
vn -0.362994 -0.931709 0.012400
vn -0.367680 -0.929568 0.026727
vn -0.389765 -0.920699 0.019896
vn -0.560685 -0.821568 0.103240
vn -0.545778 -0.831392 0.104475
vn -0.714382 -0.683582 0.149578
vn -0.727944 -0.669784 0.146583
vn -0.854487 -0.492791 0.164343
vn -0.865073 -0.475569 0.159632
vn -0.950242 -0.270118 0.155167
vn -0.956526 -0.250643 0.149116
vn -0.991517 -0.020336 0.128375
vn -0.995421 -0.013467 0.094638
vn -0.992493 -0.013421 0.121560
vn -0.990839 -0.030120 0.131648
vn -0.433319 -0.900055 0.046215
vn -0.432120 -0.901759 0.010152
vn -0.418450 -0.907054 0.046385
vn -0.408118 -0.912768 0.017132
vn -0.595756 -0.794922 0.114779
vn -0.610423 -0.783971 0.113016
vn -0.770948 -0.619632 0.147291
vn -0.758125 -0.634430 0.150814
vn -0.887156 -0.433591 0.157964
vn -0.896607 -0.415627 0.152810
vn -0.968253 -0.204573 0.143650
vn -0.973148 -0.184731 0.137320
vn -0.480240 -0.876927 0.019196
vn -0.484398 -0.872596 0.062733
vn -0.469509 -0.880651 0.063371
vn -0.658753 -0.742705 0.120137
vn -0.644495 -0.754743 0.122432
vn -0.811140 -0.566429 0.145637
vn -0.799159 -0.582187 0.149675
vn -0.924202 -0.353598 0.144289
vn -0.915959 -0.372242 0.149852
vn -0.981698 -0.138010 0.131237
vn -0.985163 -0.117923 0.124689
vn -0.520408 -0.850375 0.077710
vn -0.535243 -0.841220 0.076580
vn -0.691501 -0.711048 0.127426
vn -0.705255 -0.697920 0.124595
vn -0.837103 -0.527107 0.146345
vn -0.848140 -0.510439 0.141815
vn -0.940668 -0.309010 0.140204
vn -0.947614 -0.289818 0.134290
vn -0.990466 -0.070778 0.118184
vn -0.992480 -0.050558 0.111478
vn -0.585319 -0.806045 0.087717
vn -0.570702 -0.816282 0.089353
vn -0.736412 -0.663938 0.129939
vn -0.749527 -0.649760 0.126578
vn -0.871663 -0.469397 0.140959
vn -0.881642 -0.451907 0.135971
vn -0.961062 -0.244228 0.129280
vn -0.966652 -0.224584 0.123065
vn -0.436081 -0.899804 0.013640
vn -0.456423 -0.889762 0.001675
vn -0.458610 -0.887982 0.034128
vn -0.468983 -0.882929 0.022170
vn -0.444007 -0.895351 0.034695
vn -0.619960 -0.778449 0.098315
vn -0.634274 -0.767105 0.096159
vn -0.778829 -0.613622 0.129976
vn -0.791176 -0.598447 0.126102
vn -0.902523 -0.409352 0.133725
vn -0.911342 -0.391139 0.128323
vn -0.976974 -0.178223 0.117299
vn -0.981157 -0.158252 0.110845
vn -0.503853 -0.863712 0.011569
vn -0.494746 -0.867581 0.050304
vn -0.509371 -0.859135 0.049267
vn -0.482881 -0.875448 0.020422
vn -0.667778 -0.736968 0.104643
vn -0.681640 -0.724548 0.101967
vn -0.818377 -0.560298 0.127772
vn -0.829833 -0.544194 0.123410
vn -0.937007 -0.328387 0.119080
vn -0.929431 -0.347232 0.124852
vn -0.991012 -0.091148 0.097917
vn -0.988268 -0.111329 0.104552
vn -0.559687 -0.826400 0.061757
vn -0.545182 -0.835926 0.063281
vn -0.549833 -0.835063 0.018819
vn -0.727008 -0.678519 0.105221
vn -0.713694 -0.692016 0.108420
vn -0.854730 -0.504189 0.123413
vn -0.865185 -0.487228 0.118591
vn -0.958403 -0.264004 0.108471
vn -0.952145 -0.283365 0.114560
vn -0.997547 -0.018031 0.067643
vn -0.996138 -0.023660 0.084550
vn -0.994857 -0.043882 0.091286
vn -0.609093 -0.789867 0.071530
vn -0.594815 -0.800490 0.073556
vn -0.757387 -0.643686 0.109695
vn -0.770000 -0.629179 0.105990
vn -0.896913 -0.427820 0.111882
vn -0.887554 -0.445566 0.117130
vn -0.970474 -0.218055 0.103111
vn -0.975359 -0.198277 0.096756
vn -0.657192 -0.749608 0.078661
vn -0.643262 -0.761329 0.081198
vn -0.810209 -0.576760 0.104443
vn -0.798394 -0.592254 0.108642
vn -0.924743 -0.366266 0.103436
vn -0.916573 -0.384706 0.109067
vn -0.987724 -0.131584 0.084180
vn -0.984260 -0.151652 0.090736
vn -0.519227 -0.853853 0.036579
vn -0.543291 -0.839262 0.021771
vn -0.527102 -0.849801 0.001767
vn -0.510602 -0.859669 0.015972
vn -0.533623 -0.844992 0.035146
vn -0.690071 -0.718583 0.086261
vn -0.703509 -0.705797 0.083216
vn -0.836418 -0.537873 0.105348
vn -0.847309 -0.521469 0.100683
vn -0.941537 -0.321883 0.099497
vn -0.948439 -0.302846 0.093530
vn -0.993391 -0.084479 0.077705
vn -0.995405 -0.064235 0.071006
vn -0.569128 -0.820836 0.048178
vn -0.557462 -0.829930 0.021271
vn -0.572330 -0.819962 0.010049
vn -0.583335 -0.810913 0.046264
vn -0.747710 -0.658535 0.085219
vn -0.734870 -0.672373 0.088768
vn -0.880958 -0.463572 0.094942
vn -0.871096 -0.480816 0.100041
vn -0.962224 -0.257434 0.088616
vn -0.967789 -0.237910 0.082367
vn -0.999175 0.000009 0.040618
vn -0.999587 -0.020321 0.020321
vn -0.997938 -0.020294 0.060901
vn -0.631993 -0.773039 0.054729
vn -0.618033 -0.784073 0.057144
vn -0.615811 -0.787721 0.016465
vn -0.777233 -0.622901 0.088903
vn -0.789332 -0.608073 0.084868
vn -0.910875 -0.403327 0.087377
vn -0.902144 -0.421322 0.092870
vn -0.978461 -0.191652 0.076702
vn -0.982633 -0.171759 0.070228
vn -0.665605 -0.743600 0.063475
vn -0.679129 -0.731515 0.060568
vn -0.828066 -0.554568 0.082231
vn -0.816803 -0.570359 0.086738
vn -0.936789 -0.341040 0.078216
vn -0.929271 -0.359707 0.084063
vn -0.992424 -0.121552 0.017906
vn -0.992844 -0.104751 0.057343
vn -0.990103 -0.124906 0.063985
vn -0.711358 -0.699603 0.067267
vn -0.724388 -0.686429 0.063856
vn -0.853223 -0.514985 0.082472
vn -0.863535 -0.498295 0.077520
vn -0.952256 -0.296234 0.073846
vn -0.958480 -0.277006 0.067697
vn -0.999083 -0.040615 0.013543
vn -0.997618 -0.067648 0.013512
vn -0.999255 -0.030470 0.023700
vn -0.997054 -0.057513 0.050742
vn -0.998338 -0.037228 0.044000
vn -0.606097 -0.794819 0.030153
vn -0.594327 -0.804219 -0.002556
vn -0.592245 -0.805104 0.032444
vn -0.584826 -0.811000 0.016056
vn -0.612734 -0.790060 0.019038
vn -0.754939 -0.652197 0.068597
vn -0.767306 -0.638009 0.064703
vn -0.886191 -0.457006 0.076230
vn -0.895442 -0.439500 0.070872
vn -0.973479 -0.228139 0.017088
vn -0.975755 -0.211571 0.056040
vn -0.970888 -0.231252 0.062436
vn -0.657613 -0.753268 0.011558
vn -0.636995 -0.770835 0.007095
vn -0.653939 -0.755627 0.037302
vn -0.640396 -0.766998 0.040081
vn -0.630359 -0.776087 0.018341
vn -0.662123 -0.749079 0.021762
vn -0.795927 -0.601607 0.067594
vn -0.807538 -0.586417 0.063226
vn -0.923496 -0.378475 0.062536
vn -0.915404 -0.396706 0.068260
vn -0.988466 -0.145054 0.043524
vn -0.988841 -0.148386 0.013240
vn -0.984457 -0.175124 0.013243
vn -0.990100 -0.138371 0.023556
vn -0.985010 -0.165060 0.050105
vn -0.700081 -0.712834 0.041881
vn -0.697451 -0.716575 0.009028
vn -0.677708 -0.735175 0.015146
vn -0.675189 -0.737378 0.019844
vn -0.686969 -0.725283 0.045151
vn -0.844704 -0.531907 0.059585
vn -0.835056 -0.549840 0.018890
vn -0.833989 -0.548011 0.064394
vn -0.943133 -0.332074 0.015082
vn -0.947456 -0.315517 0.052698
vn -0.940609 -0.334370 0.058738
vn -0.995511 -0.094647 -0.000120
vn -0.994493 -0.098021 0.037101
vn -0.996505 -0.077800 0.030394
vn -0.993192 -0.114715 0.020231
vn -0.997018 -0.074446 0.020329
vn -0.744166 -0.666547 0.043961
vn -0.735206 -0.677784 0.009055
vn -0.731628 -0.680032 0.047709
vn -0.878499 -0.474693 0.053915
vn -0.868781 -0.491652 0.059137
vn -0.967016 -0.254436 0.011952
vn -0.959764 -0.280532 0.012456
vn -0.961583 -0.270300 0.047921
vn -0.967111 -0.250928 0.041617
vn -0.969358 -0.244574 0.023006
vn -0.762727 -0.646303 0.023252
vn -0.773910 -0.631483 0.047889
vn -0.770799 -0.636978 0.011353
vn -0.785763 -0.616985 0.043672
vn -0.901754 -0.432100 0.011346
vn -0.899983 -0.432806 0.052044
vn -0.908604 -0.415068 0.046446
vn -0.979442 -0.201723 -0.001165
vn -0.978132 -0.204840 0.036038
vn -0.983095 -0.181962 0.020370
vn -0.982286 -0.185048 0.029522
vn -0.975233 -0.220286 0.019878
vn -0.819993 -0.572315 0.008166
vn -0.813482 -0.579785 0.045789
vn -0.829960 -0.557347 0.023033
vn -0.824525 -0.564329 0.041126
vn -0.933871 -0.357499 0.008890
vn -0.923815 -0.382676 0.011193
vn -0.927327 -0.371738 0.043300
vn -0.934763 -0.353300 0.037366
vn -0.937293 -0.347852 0.021916
vn -0.920661 -0.389725 0.022330
vn -0.716563 -0.697403 -0.012877
vn -0.702094 -0.711920 0.015298
vn -0.720769 -0.692860 0.020893
vn -0.720029 -0.693575 0.022626
vn -0.707332 -0.706393 0.026250
vn -0.863639 -0.503842 0.016464
vn -0.849791 -0.527094 0.005295
vn -0.849972 -0.525186 0.041563
vn -0.841477 -0.539877 0.021209
vn -0.860104 -0.508813 0.036476
vn -0.864410 -0.502410 0.019502
vn -0.951882 -0.306430 -0.004604
vn -0.950567 -0.308749 0.033115
vn -0.956734 -0.289719 0.026898
vn -0.946772 -0.321335 0.019164
vn -0.957516 -0.287626 0.020848
vn -0.763475 -0.645416 0.023335
vn -0.753248 -0.657562 -0.015153
vn -0.745769 -0.665987 0.017010
vn -0.750788 -0.659965 0.027630
vn -0.889763 -0.456418 0.002249
vn -0.877037 -0.480287 0.011381
vn -0.892168 -0.450712 0.029930
vn -0.894085 -0.447407 0.020933
vn -0.883061 -0.467920 0.035405
vn -0.875896 -0.482198 0.017043
vn -0.804604 -0.593557 0.017371
vn -0.804164 -0.594307 0.010952
vn -0.787815 -0.615887 -0.005578
vn -0.785812 -0.618309 0.013895
vn -0.791732 -0.610286 0.026682
vn -0.803093 -0.595442 0.022141
vn -0.913019 -0.407486 -0.018740
vn -0.909135 -0.416112 0.018026
vn -0.912457 -0.408250 0.027475
vn -0.919400 -0.392683 0.022426
vn 0.000000 0.999909 0.013503
vn 0.000000 0.999909 0.013503
vn 0.000000 0.999175 0.040606
vn 0.000000 0.997705 0.067709
vn 0.000000 0.999175 0.040606
vn 0.000000 0.997705 0.067709
vn 0.000000 0.995514 0.094617
vn 0.000000 0.992588 0.121529
vn 0.000000 0.995514 0.094617
vn 0.000000 0.992588 0.121529
vn 0.000000 0.988923 0.148428
vn 0.000000 0.988923 0.148428
vn 0.000000 0.984541 0.175157
vn 0.000000 0.979434 0.201764
vn 0.000000 0.984541 0.175157
vn 0.000000 0.973638 0.228097
vn 0.000000 0.979434 0.201764
vn 0.000000 0.967071 0.254505
vn 0.000000 0.973638 0.228097
vn 0.000000 0.967071 0.254505
vn 0.000000 0.959838 0.280554
vn 0.000000 0.959838 0.280554
vn 0.000000 0.951892 0.306434
vn 0.000000 0.951892 0.306434
vn 0.000000 0.943246 0.332096
vn 0.000000 0.933904 0.357524
vn 0.000000 0.943246 0.332096
vn 0.000000 0.933904 0.357524
vn 0.000000 0.923885 0.382669
vn 0.000000 0.923885 0.382669
vn 0.000000 0.913180 0.407558
vn 0.000000 0.913180 0.407558
vn 0.000000 0.901810 0.432133
vn 0.000000 0.889755 0.456438
vn 0.000000 0.901810 0.432133
vn 0.000000 0.877094 0.480318
vn 0.000000 0.889755 0.456438
vn 0.000000 0.877094 0.480318
vn 0.000000 0.863767 0.503892
vn 0.000000 0.863767 0.503892
vn 0.000000 0.849805 0.527097
vn 0.000000 0.849805 0.527097
vn 0.000000 0.835205 0.549938
vn 0.000000 0.835205 0.549938
vn 0.000000 0.820009 0.572350
vn 0.000000 0.820009 0.572350
vn 0.000000 0.804218 0.594335
vn 0.000000 0.804218 0.594335
vn 0.000000 0.787833 0.615889
vn 0.000000 0.787833 0.615889
vn 0.000000 0.770842 0.637026
vn 0.000000 0.770842 0.637026
vn 0.000000 0.753328 0.657645
vn 0.000000 0.735230 0.677818
vn 0.000000 0.753328 0.657645
vn 0.000000 0.735230 0.677818
vn 0.000000 0.716635 0.697449
vn 0.000000 0.716635 0.697449
vn 0.000000 0.697474 0.716610
vn 0.000000 0.677792 0.735254
vn 0.000000 0.697474 0.716610
vn 0.000000 0.657645 0.753328
vn 0.000000 0.677792 0.735254
vn 0.000000 0.657645 0.753328
vn 0.000000 0.637026 0.770842
vn 0.000000 0.615889 0.787833
vn 0.000000 0.637026 0.770842
vn 0.000000 0.615889 0.787833
vn 0.000000 0.594335 0.804218
vn 0.000000 0.594335 0.804218
vn 0.000000 0.572350 0.820009
vn 0.000000 0.572350 0.820009
vn 0.000000 0.549938 0.835205
vn 0.000000 0.549938 0.835205
vn 0.000000 0.527097 0.849805
vn 0.000000 0.527097 0.849805
vn 0.000000 0.503892 0.863767
vn 0.000000 0.503892 0.863767
vn 0.000000 0.480318 0.877094
vn 0.000000 0.456418 0.889765
vn 0.000000 0.480318 0.877094
vn 0.000000 0.432151 0.901801
vn 0.000000 0.456418 0.889765
vn 0.000000 0.407558 0.913180
vn 0.000000 0.432151 0.901801
vn 0.000000 0.382652 0.923893
vn 0.000000 0.407558 0.913180
vn 0.000000 0.382652 0.923893
vn 0.000000 0.357540 0.933898
vn 0.000000 0.332124 0.943236
vn 0.000000 0.357540 0.933898
vn 0.000000 0.332124 0.943236
vn 0.000000 0.306448 0.951887
vn 0.000000 0.306448 0.951887
vn 0.000000 0.280554 0.959838
vn 0.000000 0.280554 0.959838
vn 0.000000 0.254414 0.967095
vn 0.000000 0.254414 0.967095
vn 0.000000 0.228189 0.973617
vn 0.000000 0.228189 0.973617
vn 0.000000 0.201717 0.979444
vn 0.000000 0.201717 0.979444
vn 0.000000 0.175148 0.984542
vn 0.000000 0.175148 0.984542
vn 0.000000 0.148388 0.988929
vn 0.000000 0.148388 0.988929
vn 0.000000 0.121577 0.992582
vn 0.000000 0.121577 0.992582
vn 0.000000 0.094665 0.995509
vn 0.000000 0.094665 0.995509
vn 0.000000 0.067660 0.997708
vn 0.000000 0.067660 0.997708
vn 0.000000 0.040606 0.999175
vn 0.000000 0.040606 0.999175
vn 0.000000 0.013552 0.999908
vn 0.000000 0.013552 0.999908
f 1//1 2//1 3//1
f 3//2 2//2 4//2
f 2//3 1//3 5//3
f 2//4 5//4 6//4
f 6//5 5//5 7//5
f 6//6 7//6 8//6
f 3//7 4//7 7//7
f 7//8 4//8 8//8
f 8//9 4//9 6//9
f 6//10 4//10 2//10
f 9//11 5//11 10//11
f 10//12 5//12 11//12
f 11//13 5//13 12//13
f 12//14 5//14 13//14
f 13//15 5//15 14//15
f 14//16 5//16 15//16
f 15//17 5//17 16//17
f 16//18 5//18 17//18
f 17//19 5//19 18//19
f 18//20 5//20 19//20
f 19//21 5//21 20//21
f 20//22 5//22 21//22
f 21//23 5//23 22//23
f 22//24 5//24 23//24
f 23//25 5//25 24//25
f 24//26 5//26 25//26
f 25//27 5//27 26//27
f 26//28 5//28 27//28
f 28//29 5//29 29//29
f 29//30 5//30 30//30
f 30//31 5//31 31//31
f 31//32 5//32 32//32
f 32//33 5//33 33//33
f 33//34 5//34 34//34
f 34//35 5//35 35//35
f 35//36 5//36 36//36
f 36//37 5//37 37//37
f 37//38 5//38 38//38
f 38//39 5//39 39//39
f 39//40 5//40 40//40
f 40//41 5//41 41//41
f 41//42 5//42 42//42
f 42//43 5//43 43//43
f 43//44 5//44 44//44
f 44//45 5//45 45//45
f 45//46 5//46 46//46
f 46//47 5//47 47//47
f 47//48 5//48 48//48
f 48//49 5//49 49//49
f 49//50 5//50 50//50
f 50//51 5//51 51//51
f 51//52 5//52 52//52
f 52//53 5//53 53//53
f 53//54 5//54 54//54
f 54//55 5//55 55//55
f 55//56 5//56 56//56
f 56//57 5//57 57//57
f 57//58 5//58 58//58
f 58//59 5//59 59//59
f 59//60 5//60 60//60
f 60//61 5//61 61//61
f 61//62 5//62 62//62
f 62//63 5//63 63//63
f 63//64 5//64 64//64
f 64//65 5//65 65//65
f 65//66 5//66 66//66
f 66//67 5//67 67//67
f 67//68 5//68 9//68
f 280//69 7//69 68//69
f 282//70 7//70 280//70
f 69//71 7//71 282//71
f 285//72 7//72 69//72
f 70//73 7//73 285//73
f 71//74 7//74 70//74
f 72//75 7//75 71//75
f 289//76 7//76 72//76
f 292//77 7//77 289//77
f 73//78 7//78 292//78
f 295//79 7//79 73//79
f 74//80 7//80 295//80
f 75//81 7//81 74//81
f 299//82 7//82 75//82
f 76//83 7//83 299//83
f 77//84 7//84 76//84
f 78//85 7//85 77//85
f 79//86 7//86 78//86
f 305//87 7//87 79//87
f 80//88 7//88 305//88
f 308//89 7//89 80//89
f 81//90 7//90 308//90
f 82//91 7//91 81//91
f 312//92 7//92 82//92
f 314//93 7//93 312//93
f 83//94 7//94 314//94
f 84//95 7//95 83//95
f 318//96 7//96 84//96
f 320//97 7//97 318//97
f 28//98 7//98 5//98
f 68//99 7//99 28//99
f 320//100 85//100 7//100
f 85//101 86//101 7//101
f 86//102 324//102 7//102
f 324//103 87//103 7//103
f 87//104 88//104 7//104
f 88//105 89//105 7//105
f 89//106 90//106 7//106
f 90//107 91//107 7//107
f 91//108 92//108 7//108
f 92//109 93//109 7//109
f 93//110 94//110 7//110
f 94//111 95//111 7//111
f 95//112 335//112 7//112
f 335//113 336//113 7//113
f 336//114 96//114 7//114
f 96//115 97//115 7//115
f 97//116 98//116 7//116
f 98//117 99//117 7//117
f 99//118 100//118 7//118
f 100//119 101//119 7//119
f 101//120 102//120 7//120
f 102//121 103//121 7//121
f 103//122 104//122 7//122
f 104//123 105//123 7//123
f 105//124 106//124 7//124
f 106//125 107//125 7//125
f 107//126 108//126 7//126
f 108//127 109//127 7//127
f 109//128 110//128 7//128
f 27//129 1//129 111//129
f 5//130 1//130 27//130
f 112//131 1//131 113//131
f 114//132 1//132 112//132
f 115//133 1//133 114//133
f 116//134 1//134 115//134
f 117//135 1//135 116//135
f 118//136 1//136 117//136
f 119//137 1//137 118//137
f 120//138 1//138 119//138
f 121//139 1//139 120//139
f 122//140 1//140 121//140
f 123//141 1//141 122//141
f 124//142 1//142 123//142
f 125//143 1//143 124//143
f 126//144 1//144 125//144
f 127//145 1//145 126//145
f 128//146 1//146 127//146
f 129//147 1//147 128//147
f 130//148 1//148 129//148
f 131//149 1//149 130//149
f 132//150 1//150 131//150
f 133//151 1//151 132//151
f 134//152 1//152 133//152
f 135//153 1//153 134//153
f 136//154 1//154 135//154
f 137//155 1//155 136//155
f 138//156 1//156 137//156
f 139//157 1//157 138//157
f 140//158 1//158 139//158
f 111//159 1//159 140//159
f 1//160 141//160 113//160
f 1//161 142//161 141//161
f 1//162 143//162 142//162
f 1//163 144//163 143//163
f 1//164 145//164 144//164
f 1//165 146//165 145//165
f 1//166 147//166 146//166
f 1//167 148//167 147//167
f 1//168 149//168 148//168
f 1//169 150//169 149//169
f 1//170 151//170 150//170
f 1//171 152//171 151//171
f 1//172 153//172 152//172
f 1//173 154//173 153//173
f 1//174 155//174 154//174
f 1//175 156//175 155//175
f 1//176 157//176 156//176
f 1//177 158//177 157//177
f 1//178 159//178 158//178
f 1//179 160//179 159//179
f 1//180 161//180 160//180
f 1//181 162//181 161//181
f 1//182 163//182 162//182
f 1//183 164//183 163//183
f 1//184 165//184 164//184
f 1//185 166//185 165//185
f 1//186 167//186 166//186
f 1//187 168//187 167//187
f 1//188 169//188 168//188
f 1//189 3//189 169//189
f 3//190 170//190 169//190
f 7//191 171//191 3//191
f 110//192 171//192 7//192
f 3//193 172//193 170//193
f 171//194 173//194 3//194
f 3//195 174//195 172//195
f 173//196 175//196 3//196
f 3//197 176//197 174//197
f 175//198 177//198 3//198
f 3//199 178//199 176//199
f 177//200 179//200 3//200
f 179//201 180//201 3//201
f 3//202 181//202 178//202
f 3//203 182//203 181//203
f 180//204 183//204 3//204
f 183//205 184//205 3//205
f 3//206 185//206 182//206
f 3//207 186//207 185//207
f 184//208 187//208 3//208
f 3//209 188//209 186//209
f 187//210 189//210 3//210
f 3//211 190//211 188//211
f 189//212 412//212 3//212
f 3//213 191//213 190//213
f 412//214 410//214 3//214
f 3//215 192//215 191//215
f 410//216 408//216 3//216
f 3//217 367//217 192//217
f 408//218 193//218 3//218
f 3//219 194//219 367//219
f 193//220 405//220 3//220
f 3//221 371//221 194//221
f 405//222 195//222 3//222
f 3//223 196//223 371//223
f 195//224 197//224 3//224
f 3//225 198//225 196//225
f 197//226 199//226 3//226
f 3//227 375//227 198//227
f 199//228 400//228 3//228
f 400//229 200//229 3//229
f 3//230 201//230 375//230
f 3//231 378//231 201//231
f 200//232 202//232 3//232
f 3//233 203//233 378//233
f 202//234 396//234 3//234
f 3//235 204//235 203//235
f 396//236 205//236 3//236
f 3//237 206//237 204//237
f 205//238 207//238 3//238
f 3//239 208//239 206//239
f 207//240 209//240 3//240
f 3//241 210//241 208//241
f 209//242 211//242 3//242
f 3//243 212//243 210//243
f 211//244 213//244 3//244
f 3//245 214//245 212//245
f 213//246 215//246 3//246
f 3//247 216//247 214//247
f 215//248 217//248 3//248
f 3//249 218//249 216//249
f 217//250 218//250 3//250
f 28//251 219//251 68//251
f 68//252 219//252 220//252
f 221//253 219//253 28//253
f 221//254 28//254 29//254
f 222//255 221//255 29//255
f 222//256 29//256 30//256
f 223//257 222//257 30//257
f 223//258 30//258 31//258
f 224//259 223//259 31//259
f 224//260 31//260 32//260
f 224//261 32//261 33//261
f 225//262 224//262 33//262
f 225//263 33//263 34//263
f 226//264 225//264 34//264
f 227//265 226//265 34//265
f 227//266 34//266 35//266
f 227//267 35//267 36//267
f 228//268 227//268 36//268
f 229//269 228//269 36//269
f 229//270 36//270 37//270
f 229//271 37//271 38//271
f 230//272 229//272 38//272
f 231//273 230//273 38//273
f 231//274 38//274 39//274
f 231//275 39//275 40//275
f 232//276 231//276 40//276
f 233//277 232//277 40//277
f 233//278 40//278 41//278
f 234//279 41//279 42//279
f 234//280 233//280 41//280
f 235//281 42//281 43//281
f 235//282 43//282 44//282
f 235//283 234//283 42//283
f 236//284 235//284 44//284
f 237//285 44//285 45//285
f 237//286 45//286 46//286
f 237//287 236//287 44//287
f 238//288 237//288 46//288
f 239//289 46//289 47//289
f 239//290 238//290 46//290
f 240//291 47//291 48//291
f 240//292 239//292 47//292
f 241//293 240//293 48//293
f 241//294 48//294 49//294
f 242//295 241//295 49//295
f 242//296 49//296 50//296
f 243//297 242//297 50//297
f 243//298 50//298 51//298
f 244//299 243//299 51//299
f 244//300 51//300 52//300
f 245//301 244//301 52//301
f 245//302 52//302 53//302
f 246//303 245//303 53//303
f 246//304 53//304 54//304
f 247//305 246//305 54//305
f 247//306 54//306 55//306
f 248//307 247//307 55//307
f 248//308 55//308 56//308
f 249//309 248//309 56//309
f 249//310 56//310 57//310
f 249//311 57//311 58//311
f 250//312 249//312 58//312
f 251//313 250//313 58//313
f 251//314 58//314 59//314
f 252//315 251//315 59//315
f 252//316 59//316 60//316
f 252//317 60//317 61//317
f 253//318 252//318 61//318
f 254//319 253//319 61//319
f 254//320 61//320 62//320
f 255//321 254//321 62//321
f 255//322 62//322 63//322
f 256//323 255//323 63//323
f 256//324 63//324 64//324
f 257//325 256//325 64//325
f 257//326 64//326 65//326
f 257//327 65//327 66//327
f 258//328 257//328 66//328
f 259//329 258//329 66//329
f 259//330 66//330 67//330
f 260//331 9//331 10//331
f 260//332 259//332 67//332
f 260//333 67//333 9//333
f 261//334 260//334 10//334
f 262//335 10//335 11//335
f 262//336 11//336 12//336
f 262//337 261//337 10//337
f 263//338 262//338 12//338
f 264//339 12//339 13//339
f 264//340 263//340 12//340
f 265//341 264//341 13//341
f 265//342 13//342 14//342
f 265//343 14//343 15//343
f 266//344 265//344 15//344
f 267//345 15//345 16//345
f 267//346 266//346 15//346
f 268//347 16//347 17//347
f 268//348 17//348 18//348
f 268//349 267//349 16//349
f 269//350 268//350 18//350
f 270//351 18//351 19//351
f 270//352 19//352 20//352
f 270//353 269//353 18//353
f 271//354 270//354 20//354
f 272//355 20//355 21//355
f 272//356 271//356 20//356
f 273//357 21//357 22//357
f 273//358 272//358 21//358
f 274//359 22//359 23//359
f 274//360 273//360 22//360
f 275//361 23//361 24//361
f 275//362 24//362 25//362
f 275//363 274//363 23//363
f 276//364 275//364 25//364
f 277//365 25//365 26//365
f 277//366 26//366 27//366
f 277//367 276//367 25//367
f 278//368 277//368 27//368
f 220//369 279//369 68//369
f 68//370 279//370 280//370
f 279//371 281//371 280//371
f 280//372 281//372 282//372
f 281//373 283//373 282//373
f 282//374 283//374 69//374
f 283//375 284//375 69//375
f 69//376 284//376 285//376
f 285//377 284//377 70//377
f 284//378 286//378 70//378
f 70//379 286//379 71//379
f 286//380 287//380 71//380
f 287//381 288//381 71//381
f 71//382 288//382 72//382
f 72//383 288//383 289//383
f 288//384 290//384 289//384
f 290//385 291//385 289//385
f 289//386 291//386 292//386
f 292//387 291//387 73//387
f 291//388 293//388 73//388
f 293//389 294//389 73//389
f 73//390 294//390 295//390
f 295//391 294//391 74//391
f 294//392 296//392 74//392
f 296//393 297//393 74//393
f 74//394 297//394 75//394
f 75//395 298//395 299//395
f 297//396 298//396 75//396
f 299//397 300//397 76//397
f 76//398 300//398 77//398
f 298//399 300//399 299//399
f 300//400 301//400 77//400
f 77//401 302//401 78//401
f 78//402 302//402 79//402
f 301//403 302//403 77//403
f 302//404 303//404 79//404
f 79//405 304//405 305//405
f 303//406 304//406 79//406
f 305//407 306//407 80//407
f 304//408 306//408 305//408
f 306//409 307//409 80//409
f 80//410 307//410 308//410
f 307//411 309//411 308//411
f 308//412 309//412 81//412
f 309//413 310//413 81//413
f 81//414 310//414 82//414
f 310//415 311//415 82//415
f 82//416 311//416 312//416
f 311//417 313//417 312//417
f 312//418 313//418 314//418
f 313//419 315//419 314//419
f 314//420 315//420 83//420
f 315//421 316//421 83//421
f 83//422 316//422 84//422
f 316//423 317//423 84//423
f 84//424 317//424 318//424
f 317//425 319//425 318//425
f 318//426 319//426 320//426
f 320//427 319//427 85//427
f 319//428 321//428 85//428
f 321//429 322//429 85//429
f 85//430 322//430 86//430
f 322//431 323//431 86//431
f 86//432 323//432 324//432
f 324//433 323//433 87//433
f 323//434 325//434 87//434
f 325//435 326//435 87//435
f 87//436 326//436 88//436
f 326//437 327//437 88//437
f 88//438 327//438 89//438
f 327//439 328//439 89//439
f 89//440 328//440 90//440
f 328//441 329//441 90//441
f 90//442 329//442 91//442
f 91//443 329//443 92//443
f 329//444 330//444 92//444
f 330//445 331//445 92//445
f 92//446 331//446 93//446
f 94//447 332//447 95//447
f 331//448 332//448 93//448
f 93//449 332//449 94//449
f 332//450 333//450 95//450
f 95//451 334//451 335//451
f 335//452 334//452 336//452
f 333//453 334//453 95//453
f 334//454 337//454 336//454
f 336//455 338//455 96//455
f 337//456 338//456 336//456
f 338//457 339//457 96//457
f 96//458 339//458 97//458
f 97//459 339//459 98//459
f 339//460 340//460 98//460
f 98//461 341//461 99//461
f 340//462 341//462 98//462
f 99//463 342//463 100//463
f 100//464 342//464 101//464
f 341//465 342//465 99//465
f 342//466 343//466 101//466
f 101//467 344//467 102//467
f 102//468 344//468 103//468
f 343//469 344//469 101//469
f 344//470 345//470 103//470
f 103//471 346//471 104//471
f 345//472 346//472 103//472
f 104//473 347//473 105//473
f 346//474 347//474 104//474
f 105//475 348//475 106//475
f 347//476 348//476 105//476
f 106//477 349//477 107//477
f 107//478 349//478 108//478
f 348//479 349//479 106//479
f 349//480 350//480 108//480
f 108//481 351//481 109//481
f 109//482 351//482 110//482
f 350//483 351//483 108//483
f 351//484 352//484 110//484
f 353//485 171//485 110//485
f 353//486 110//486 352//486
f 354//487 355//487 170//487
f 354//488 170//488 172//488
f 356//489 172//489 174//489
f 356//490 354//490 172//490
f 357//491 174//491 176//491
f 357//492 176//492 178//492
f 357//493 356//493 174//493
f 358//494 357//494 178//494
f 359//495 178//495 181//495
f 359//496 358//496 178//496
f 360//497 181//497 182//497
f 360//498 359//498 181//498
f 361//499 182//499 185//499
f 361//500 185//500 186//500
f 361//501 360//501 182//501
f 362//502 361//502 186//502
f 363//503 186//503 188//503
f 363//504 362//504 186//504
f 364//505 188//505 190//505
f 364//506 363//506 188//506
f 365//507 190//507 191//507
f 365//508 364//508 190//508
f 366//509 191//509 192//509
f 366//510 192//510 367//510
f 366//511 365//511 191//511
f 368//512 366//512 367//512
f 369//513 367//513 194//513
f 369//514 368//514 367//514
f 370//515 194//515 371//515
f 370//516 369//516 194//516
f 372//517 371//517 196//517
f 372//518 370//518 371//518
f 373//519 196//519 198//519
f 373//520 372//520 196//520
f 374//521 198//521 375//521
f 374//522 373//522 198//522
f 376//523 375//523 201//523
f 376//524 374//524 375//524
f 377//525 201//525 378//525
f 377//526 376//526 201//526
f 379//527 377//527 378//527
f 379//528 378//528 203//528
f 380//529 379//529 203//529
f 380//530 203//530 204//530
f 381//531 380//531 204//531
f 381//532 204//532 206//532
f 382//533 381//533 206//533
f 382//534 206//534 208//534
f 383//535 382//535 208//535
f 383//536 208//536 210//536
f 384//537 210//537 212//537
f 384//538 383//538 210//538
f 385//539 212//539 214//539
f 385//540 384//540 212//540
f 386//541 214//541 216//541
f 386//542 385//542 214//542
f 387//543 216//543 218//543
f 387//544 386//544 216//544
f 388//545 218//545 217//545
f 388//546 387//546 218//546
f 389//547 217//547 215//547
f 389//548 388//548 217//548
f 390//549 215//549 213//549
f 390//550 213//550 211//550
f 390//551 389//551 215//551
f 391//552 390//552 211//552
f 392//553 211//553 209//553
f 392//554 391//554 211//554
f 393//555 209//555 207//555
f 393//556 207//556 205//556
f 393//557 392//557 209//557
f 394//558 393//558 205//558
f 395//559 205//559 396//559
f 395//560 394//560 205//560
f 397//561 396//561 202//561
f 397//562 395//562 396//562
f 398//563 202//563 200//563
f 398//564 397//564 202//564
f 399//565 200//565 400//565
f 399//566 398//566 200//566
f 401//567 400//567 199//567
f 401//568 399//568 400//568
f 402//569 199//569 197//569
f 402//570 401//570 199//570
f 403//571 197//571 195//571
f 403//572 402//572 197//572
f 404//573 195//573 405//573
f 404//574 403//574 195//574
f 406//575 405//575 193//575
f 406//576 404//576 405//576
f 407//577 406//577 193//577
f 407//578 193//578 408//578
f 409//579 407//579 408//579
f 409//580 408//580 410//580
f 411//581 409//581 410//581
f 411//582 410//582 412//582
f 413//583 411//583 412//583
f 413//584 412//584 189//584
f 414//585 413//585 189//585
f 414//586 189//586 187//586
f 415//587 414//587 187//587
f 415//588 187//588 184//588
f 416//589 415//589 184//589
f 416//590 184//590 183//590
f 417//591 416//591 183//591
f 417//592 183//592 180//592
f 418//593 417//593 180//593
f 418//594 180//594 179//594
f 418//595 179//595 177//595
f 419//596 418//596 177//596
f 420//597 419//597 177//597
f 420//598 177//598 175//598
f 421//599 420//599 175//599
f 421//600 175//600 173//600
f 421//601 173//601 171//601
f 353//602 421//602 171//602
f 422//603 169//603 170//603
f 422//604 170//604 355//604
f 422//605 423//605 169//605
f 169//606 423//606 168//606
f 423//607 424//607 168//607
f 168//608 424//608 167//608
f 424//609 425//609 167//609
f 167//610 425//610 166//610
f 425//611 426//611 166//611
f 166//612 426//612 165//612
f 165//613 426//613 164//613
f 426//614 427//614 164//614
f 164//615 427//615 163//615
f 427//616 428//616 163//616
f 428//617 429//617 163//617
f 163//618 429//618 162//618
f 162//619 429//619 161//619
f 429//620 430//620 161//620
f 430//621 431//621 161//621
f 161//622 431//622 160//622
f 160//623 431//623 159//623
f 431//624 432//624 159//624
f 432//625 433//625 159//625
f 159//626 433//626 158//626
f 158//627 433//627 157//627
f 433//628 434//628 157//628
f 434//629 435//629 157//629
f 157//630 435//630 156//630
f 156//631 436//631 155//631
f 435//632 436//632 156//632
f 155//633 437//633 154//633
f 154//634 437//634 153//634
f 436//635 437//635 155//635
f 437//636 438//636 153//636
f 153//637 439//637 152//637
f 152//638 439//638 151//638
f 438//639 439//639 153//639
f 439//640 440//640 151//640
f 151//641 441//641 150//641
f 440//642 441//642 151//642
f 150//643 442//643 149//643
f 441//644 442//644 150//644
f 442//645 443//645 149//645
f 149//646 443//646 148//646
f 443//647 444//647 148//647
f 148//648 444//648 147//648
f 444//649 445//649 147//649
f 147//650 445//650 146//650
f 445//651 446//651 146//651
f 146//652 446//652 145//652
f 446//653 447//653 145//653
f 145//654 447//654 144//654
f 447//655 448//655 144//655
f 144//656 448//656 143//656
f 448//657 449//657 143//657
f 143//658 449//658 142//658
f 449//659 450//659 142//659
f 142//660 450//660 141//660
f 450//661 451//661 141//661
f 141//662 451//662 113//662
f 113//663 451//663 112//663
f 451//664 452//664 112//664
f 452//665 453//665 112//665
f 112//666 453//666 114//666
f 453//667 454//667 114//667
f 114//668 454//668 115//668
f 115//669 454//669 116//669
f 454//670 455//670 116//670
f 455//671 456//671 116//671
f 116//672 456//672 117//672
f 456//673 457//673 117//673
f 117//674 457//674 118//674
f 457//675 458//675 118//675
f 118//676 458//676 119//676
f 458//677 459//677 119//677
f 119//678 459//678 120//678
f 120//679 459//679 121//679
f 459//680 460//680 121//680
f 460//681 461//681 121//681
f 121//682 461//682 122//682
f 123//683 462//683 124//683
f 461//684 462//684 122//684
f 122//685 462//685 123//685
f 462//686 463//686 124//686
f 124//687 464//687 125//687
f 125//688 464//688 126//688
f 463//689 464//689 124//689
f 464//690 465//690 126//690
f 126//691 466//691 127//691
f 465//692 466//692 126//692
f 466//693 467//693 127//693
f 127//694 467//694 128//694
f 128//695 467//695 129//695
f 467//696 468//696 129//696
f 129//697 469//697 130//697
f 468//698 469//698 129//698
f 130//699 470//699 131//699
f 131//700 470//700 132//700
f 469//701 470//701 130//701
f 470//702 471//702 132//702
f 132//703 472//703 133//703
f 133//704 472//704 134//704
f 471//705 472//705 132//705
f 472//706 473//706 134//706
f 134//707 474//707 135//707
f 473//708 474//708 134//708
f 135//709 475//709 136//709
f 474//710 475//710 135//710
f 136//711 476//711 137//711
f 475//712 476//712 136//712
f 137//713 477//713 138//713
f 138//714 477//714 139//714
f 476//715 477//715 137//715
f 477//716 478//716 139//716
f 139//717 479//717 140//717
f 140//718 479//718 111//718
f 478//719 479//719 139//719
f 479//720 480//720 111//720
f 111//721 480//721 27//721
f 27//722 480//722 278//722
f 351//723 481//723 352//723
f 482//724 483//724 484//724
f 485//725 279//725 220//725
f 486//726 487//726 481//726
f 486//727 481//727 351//727
f 488//728 351//728 350//728
f 488//729 486//729 351//729
f 489//730 487//730 486//730
f 489//731 490//731 487//731
f 489//732 486//732 488//732
f 491//733 488//733 350//733
f 491//734 350//734 349//734
f 492//735 490//735 489//735
f 492//736 493//736 490//736
f 492//737 494//737 493//737
f 495//738 489//738 488//738
f 495//739 488//739 491//739
f 496//740 349//740 348//740
f 496//741 491//741 349//741
f 497//742 492//742 489//742
f 497//743 489//743 495//743
f 498//744 491//744 496//744
f 498//745 495//745 491//745
f 499//746 348//746 347//746
f 499//747 496//747 348//747
f 500//748 492//748 497//748
f 500//749 494//749 492//749
f 500//750 501//750 494//750
f 502//751 497//751 495//751
f 502//752 495//752 498//752
f 503//753 498//753 496//753
f 503//754 496//754 499//754
f 504//755 501//755 500//755
f 504//756 505//756 501//756
f 504//757 506//757 505//757
f 507//758 347//758 346//758
f 507//759 499//759 347//759
f 508//760 500//760 497//760
f 508//761 497//761 502//761
f 509//762 498//762 503//762
f 509//763 502//763 498//763
f 510//764 503//764 499//764
f 510//765 499//765 507//765
f 511//766 500//766 508//766
f 511//767 504//767 500//767
f 512//768 507//768 346//768
f 512//769 346//769 345//769
f 513//770 502//770 509//770
f 513//771 508//771 502//771
f 514//772 503//772 510//772
f 514//773 509//773 503//773
f 515//774 504//774 511//774
f 515//775 516//775 506//775
f 515//776 506//776 504//776
f 517//777 510//777 507//777
f 517//778 507//778 512//778
f 518//779 508//779 513//779
f 518//780 511//780 508//780
f 519//781 345//781 344//781
f 519//782 512//782 345//782
f 520//783 509//783 514//783
f 520//784 513//784 509//784
f 521//785 516//785 515//785
f 521//786 522//786 516//786
f 521//787 523//787 522//787
f 524//788 510//788 517//788
f 524//789 514//789 510//789
f 525//790 515//790 511//790
f 525//791 511//791 518//791
f 526//792 512//792 519//792
f 526//793 517//793 512//793
f 527//794 518//794 513//794
f 527//795 513//795 520//795
f 528//796 519//796 344//796
f 528//797 344//797 343//797
f 529//798 514//798 524//798
f 529//799 520//799 514//799
f 530//800 521//800 515//800
f 530//801 515//801 525//801
f 531//802 517//802 526//802
f 531//803 524//803 517//803
f 532//804 525//804 518//804
f 532//805 518//805 527//805
f 533//806 526//806 519//806
f 533//807 519//807 528//807
f 534//808 527//808 520//808
f 534//809 520//809 529//809
f 535//810 528//810 343//810
f 535//811 343//811 342//811
f 536//812 523//812 521//812
f 536//813 537//813 523//813
f 536//814 521//814 530//814
f 538//815 524//815 531//815
f 538//816 529//816 524//816
f 539//817 525//817 532//817
f 539//818 530//818 525//818
f 540//819 526//819 533//819
f 540//820 531//820 526//820
f 541//821 532//821 527//821
f 541//822 527//822 534//822
f 542//823 533//823 528//823
f 542//824 528//824 535//824
f 543//825 537//825 536//825
f 543//826 544//826 537//826
f 543//827 545//827 544//827
f 546//828 534//828 529//828
f 546//829 529//829 538//829
f 547//830 536//830 530//830
f 547//831 530//831 539//831
f 548//832 531//832 540//832
f 548//833 538//833 531//833
f 549//834 539//834 532//834
f 549//835 532//835 541//835
f 550//836 533//836 542//836
f 550//837 540//837 533//837
f 551//838 534//838 546//838
f 551//839 541//839 534//839
f 552//840 542//840 535//840
f 552//841 535//841 342//841
f 552//842 342//842 341//842
f 553//843 536//843 547//843
f 553//844 543//844 536//844
f 554//845 538//845 548//845
f 554//846 546//846 538//846
f 555//847 539//847 549//847
f 555//848 547//848 539//848
f 556//849 548//849 540//849
f 556//850 540//850 550//850
f 557//851 549//851 541//851
f 557//852 541//852 551//852
f 558//853 550//853 542//853
f 558//854 542//854 552//854
f 559//855 545//855 543//855
f 559//856 543//856 553//856
f 559//857 560//857 545//857
f 561//858 546//858 554//858
f 561//859 551//859 546//859
f 562//860 552//860 341//860
f 562//861 341//861 340//861
f 563//862 547//862 555//862
f 563//863 553//863 547//863
f 564//864 548//864 556//864
f 564//865 554//865 548//865
f 565//866 549//866 557//866
f 565//867 555//867 549//867
f 566//868 556//868 550//868
f 566//869 550//869 558//869
f 567//870 560//870 559//870
f 567//871 568//871 560//871
f 569//872 551//872 561//872
f 569//873 557//873 551//873
f 570//874 558//874 552//874
f 570//875 552//875 562//875
f 571//876 559//876 553//876
f 571//877 553//877 563//877
f 572//878 561//878 554//878
f 572//879 554//879 564//879
f 573//880 562//880 340//880
f 573//881 340//881 339//881
f 574//882 563//882 555//882
f 574//883 555//883 565//883
f 575//884 564//884 556//884
f 575//885 556//885 566//885
f 576//886 565//886 557//886
f 576//887 557//887 569//887
f 577//888 558//888 570//888
f 577//889 566//889 558//889
f 578//890 559//890 571//890
f 578//891 567//891 559//891
f 579//892 569//892 561//892
f 579//893 561//893 572//893
f 580//894 570//894 562//894
f 580//895 562//895 573//895
f 581//896 563//896 574//896
f 581//897 571//897 563//897
f 582//898 572//898 564//898
f 582//899 564//899 575//899
f 583//900 573//900 339//900
f 583//901 339//901 338//901
f 584//902 574//902 565//902
f 584//903 565//903 576//903
f 585//904 575//904 566//904
f 585//905 566//905 577//905
f 586//906 568//906 567//906
f 586//907 567//907 578//907
f 586//908 587//908 568//908
f 586//909 588//909 587//909
f 589//910 576//910 569//910
f 589//911 569//911 579//911
f 590//912 577//912 570//912
f 590//913 570//913 580//913
f 591//914 578//914 571//914
f 591//915 571//915 581//915
f 592//916 572//916 582//916
f 592//917 579//917 572//917
f 593//918 580//918 573//918
f 593//919 573//919 583//919
f 594//920 581//920 574//920
f 594//921 574//921 584//921
f 595//922 582//922 575//922
f 595//923 575//923 585//923
f 596//924 597//924 588//924
f 596//925 588//925 586//925
f 598//926 576//926 589//926
f 598//927 584//927 576//927
f 599//928 577//928 590//928
f 599//929 585//929 577//929
f 600//930 586//930 578//930
f 600//931 578//931 591//931
f 601//932 579//932 592//932
f 601//933 589//933 579//933
f 602//934 580//934 593//934
f 602//935 590//935 580//935
f 603//936 591//936 581//936
f 603//937 581//937 594//937
f 604//938 582//938 595//938
f 604//939 592//939 582//939
f 605//940 593//940 583//940
f 605//941 338//941 337//941
f 605//942 583//942 338//942
f 606//943 584//943 598//943
f 606//944 594//944 584//944
f 607//945 595//945 585//945
f 607//946 585//946 599//946
f 608//947 596//947 586//947
f 608//948 586//948 600//948
f 609//949 598//949 589//949
f 609//950 589//950 601//950
f 610//951 599//951 590//951
f 610//952 590//952 602//952
f 611//953 600//953 591//953
f 611//954 591//954 603//954
f 612//955 592//955 604//955
f 612//956 601//956 592//956
f 613//957 602//957 593//957
f 613//958 593//958 605//958
f 614//959 594//959 606//959
f 614//960 603//960 594//960
f 615//961 604//961 595//961
f 615//962 595//962 607//962
f 616//963 605//963 337//963
f 616//964 337//964 334//964
f 617//965 596//965 608//965
f 617//966 618//966 597//966
f 617//967 597//967 596//967
f 619//968 598//968 609//968
f 619//969 606//969 598//969
f 620//970 599//970 610//970
f 620//971 607//971 599//971
f 621//972 608//972 600//972
f 621//973 600//973 611//973
f 622//974 609//974 601//974
f 622//975 601//975 612//975
f 623//976 610//976 602//976
f 623//977 602//977 613//977
f 624//978 603//978 614//978
f 624//979 611//979 603//979
f 625//980 612//980 604//980
f 625//981 604//981 615//981
f 626//982 605//982 616//982
f 626//983 613//983 605//983
f 627//984 618//984 617//984
f 627//985 628//985 618//985
f 627//986 629//986 628//986
f 630//987 614//987 606//987
f 630//988 606//988 619//988
f 631//989 615//989 607//989
f 631//990 607//990 620//990
f 632//991 334//991 333//991
f 632//992 616//992 334//992
f 633//993 617//993 608//993
f 633//994 608//994 621//994
f 634//995 609//995 622//995
f 634//996 619//996 609//996
f 635//997 610//997 623//997
f 635//998 620//998 610//998
f 636//999 611//999 624//999
f 636//1000 621//1000 611//1000
f 637//1001 622//1001 612//1001
f 637//1002 612//1002 625//1002
f 638//1003 613//1003 626//1003
f 638//1004 623//1004 613//1004
f 639//1005 624//1005 614//1005
f 639//1006 614//1006 630//1006
f 640//1007 625//1007 615//1007
f 640//1008 615//1008 631//1008
f 641//1009 626//1009 616//1009
f 641//1010 616//1010 632//1010
f 642//1011 617//1011 633//1011
f 642//1012 627//1012 617//1012
f 643//1013 630//1013 619//1013
f 643//1014 619//1014 634//1014
f 644//1015 620//1015 635//1015
f 644//1016 631//1016 620//1016
f 645//1017 632//1017 333//1017
f 645//1018 333//1018 332//1018
f 646//1019 633//1019 621//1019
f 646//1020 621//1020 636//1020
f 647//1021 634//1021 622//1021
f 647//1022 622//1022 637//1022
f 648//1023 635//1023 623//1023
f 648//1024 623//1024 638//1024
f 649//1025 636//1025 624//1025
f 649//1026 624//1026 639//1026
f 650//1027 625//1027 640//1027
f 650//1028 637//1028 625//1028
f 651//1029 638//1029 626//1029
f 651//1030 626//1030 641//1030
f 652//1031 629//1031 627//1031
f 652//1032 627//1032 642//1032
f 652//1033 653//1033 629//1033
f 654//1034 630//1034 643//1034
f 654//1035 639//1035 630//1035
f 655//1036 631//1036 644//1036
f 655//1037 640//1037 631//1037
f 656//1038 632//1038 645//1038
f 656//1039 641//1039 632//1039
f 657//1040 642//1040 633//1040
f 657//1041 633//1041 646//1041
f 658//1042 634//1042 647//1042
f 658//1043 643//1043 634//1043
f 659//1044 644//1044 635//1044
f 659//1045 635//1045 648//1045
f 660//1046 636//1046 649//1046
f 660//1047 646//1047 636//1047
f 661//1048 647//1048 637//1048
f 661//1049 637//1049 650//1049
f 662//1050 638//1050 651//1050
f 662//1051 648//1051 638//1051
f 663//1052 653//1052 652//1052
f 663//1053 664//1053 653//1053
f 663//1054 665//1054 664//1054
f 666//1055 639//1055 654//1055
f 666//1056 649//1056 639//1056
f 667//1057 650//1057 640//1057
f 667//1058 640//1058 655//1058
f 668//1059 651//1059 641//1059
f 668//1060 641//1060 656//1060
f 669//1061 652//1061 642//1061
f 669//1062 642//1062 657//1062
f 670//1063 654//1063 643//1063
f 670//1064 643//1064 658//1064
f 671//1065 655//1065 644//1065
f 671//1066 644//1066 659//1066
f 672//1067 656//1067 645//1067
f 672//1068 332//1068 331//1068
f 672//1069 645//1069 332//1069
f 673//1070 646//1070 660//1070
f 673//1071 657//1071 646//1071
f 674//1072 647//1072 661//1072
f 674//1073 658//1073 647//1073
f 675//1074 648//1074 662//1074
f 675//1075 659//1075 648//1075
f 676//1076 649//1076 666//1076
f 676//1077 660//1077 649//1077
f 677//1078 661//1078 650//1078
f 677//1079 650//1079 667//1079
f 678//1080 651//1080 668//1080
f 678//1081 662//1081 651//1081
f 679//1082 663//1082 652//1082
f 679//1083 652//1083 669//1083
f 680//1084 654//1084 670//1084
f 680//1085 666//1085 654//1085
f 681//1086 667//1086 655//1086
f 681//1087 655//1087 671//1087
f 682//1088 656//1088 672//1088
f 682//1089 668//1089 656//1089
f 683//1090 657//1090 673//1090
f 683//1091 669//1091 657//1091
f 684//1092 670//1092 658//1092
f 684//1093 658//1093 674//1093
f 685//1094 671//1094 659//1094
f 685//1095 659//1095 675//1095
f 686//1096 672//1096 331//1096
f 686//1097 331//1097 330//1097
f 687//1098 673//1098 660//1098
f 687//1099 660//1099 676//1099
f 688//1100 661//1100 677//1100
f 688//1101 674//1101 661//1101
f 689//1102 675//1102 662//1102
f 689//1103 662//1103 678//1103
f 690//1104 665//1104 663//1104
f 690//1105 691//1105 665//1105
f 690//1106 663//1106 679//1106
f 692//1107 666//1107 680//1107
f 692//1108 676//1108 666//1108
f 693//1109 677//1109 667//1109
f 693//1110 667//1110 681//1110
f 694//1111 678//1111 668//1111
f 694//1112 668//1112 682//1112
f 695//1113 669//1113 683//1113
f 695//1114 679//1114 669//1114
f 696//1115 670//1115 684//1115
f 696//1116 680//1116 670//1116
f 697//1117 671//1117 685//1117
f 697//1118 681//1118 671//1118
f 698//1119 672//1119 686//1119
f 698//1120 682//1120 672//1120
f 699//1121 683//1121 673//1121
f 699//1122 673//1122 687//1122
f 700//1123 684//1123 674//1123
f 700//1124 674//1124 688//1124
f 701//1125 675//1125 689//1125
f 701//1126 685//1126 675//1126
f 702//1127 329//1127 328//1127
f 702//1128 330//1128 329//1128
f 702//1129 686//1129 330//1129
f 703//1130 704//1130 691//1130
f 703//1131 705//1131 704//1131
f 703//1132 691//1132 690//1132
f 706//1133 687//1133 676//1133
f 706//1134 676//1134 692//1134
f 707//1135 677//1135 693//1135
f 707//1136 688//1136 677//1136
f 708//1137 689//1137 678//1137
f 708//1138 678//1138 694//1138
f 709//1139 679//1139 695//1139
f 709//1140 690//1140 679//1140
f 710//1141 692//1141 680//1141
f 710//1142 680//1142 696//1142
f 711//1143 693//1143 681//1143
f 711//1144 681//1144 697//1144
f 712//1145 682//1145 698//1145
f 712//1146 694//1146 682//1146
f 713//1147 683//1147 699//1147
f 713//1148 695//1148 683//1148
f 714//1149 684//1149 700//1149
f 714//1150 696//1150 684//1150
f 715//1151 697//1151 685//1151
f 715//1152 685//1152 701//1152
f 716//1153 686//1153 702//1153
f 716//1154 698//1154 686//1154
f 717//1155 699//1155 687//1155
f 717//1156 687//1156 706//1156
f 718//1157 688//1157 707//1157
f 718//1158 700//1158 688//1158
f 719//1159 689//1159 708//1159
f 719//1160 701//1160 689//1160
f 720//1161 703//1161 690//1161
f 720//1162 690//1162 709//1162
f 721//1163 706//1163 692//1163
f 721//1164 692//1164 710//1164
f 722//1165 693//1165 711//1165
f 722//1166 707//1166 693//1166
f 723//1167 708//1167 694//1167
f 723//1168 694//1168 712//1168
f 724//1169 695//1169 713//1169
f 724//1170 709//1170 695//1170
f 725//1171 696//1171 714//1171
f 725//1172 710//1172 696//1172
f 726//1173 697//1173 715//1173
f 726//1174 711//1174 697//1174
f 727//1175 712//1175 698//1175
f 727//1176 698//1176 716//1176
f 728//1177 713//1177 699//1177
f 728//1178 699//1178 717//1178
f 729//1179 700//1179 718//1179
f 729//1180 714//1180 700//1180
f 730//1181 715//1181 701//1181
f 730//1182 701//1182 719//1182
f 731//1183 702//1183 328//1183
f 731//1184 716//1184 702//1184
f 732//1185 705//1185 703//1185
f 732//1186 703//1186 720//1186
f 732//1187 733//1187 705//1187
f 734//1188 717//1188 706//1188
f 734//1189 706//1189 721//1189
f 735//1190 707//1190 722//1190
f 735//1191 718//1191 707//1191
f 736//1192 708//1192 723//1192
f 736//1193 719//1193 708//1193
f 737//1194 709//1194 724//1194
f 737//1195 720//1195 709//1195
f 738//1196 721//1196 710//1196
f 738//1197 710//1197 725//1197
f 739//1198 722//1198 711//1198
f 739//1199 711//1199 726//1199
f 740//1200 712//1200 727//1200
f 740//1201 723//1201 712//1201
f 741//1202 724//1202 713//1202
f 741//1203 713//1203 728//1203
f 742//1204 725//1204 714//1204
f 742//1205 714//1205 729//1205
f 743//1206 715//1206 730//1206
f 743//1207 726//1207 715//1207
f 744//1208 727//1208 716//1208
f 744//1209 716//1209 731//1209
f 745//1210 733//1210 732//1210
f 745//1211 746//1211 733//1211
f 745//1212 747//1212 746//1212
f 748//1213 728//1213 717//1213
f 748//1214 717//1214 734//1214
f 749//1215 729//1215 718//1215
f 749//1216 718//1216 735//1216
f 750//1217 719//1217 736//1217
f 750//1218 730//1218 719//1218
f 751//1219 327//1219 326//1219
f 751//1220 328//1220 327//1220
f 751//1221 731//1221 328//1221
f 752//1222 732//1222 720//1222
f 752//1223 720//1223 737//1223
f 753//1224 734//1224 721//1224
f 753//1225 721//1225 738//1225
f 754//1226 735//1226 722//1226
f 754//1227 722//1227 739//1227
f 755//1228 723//1228 740//1228
f 755//1229 736//1229 723//1229
f 756//1230 724//1230 741//1230
f 756//1231 737//1231 724//1231
f 757//1232 725//1232 742//1232
f 757//1233 738//1233 725//1233
f 758//1234 739//1234 726//1234
f 758//1235 726//1235 743//1235
f 759//1236 740//1236 727//1236
f 759//1237 727//1237 744//1237
f 760//1238 728//1238 748//1238
f 760//1239 741//1239 728//1239
f 761//1240 729//1240 749//1240
f 761//1241 742//1241 729//1241
f 762//1242 743//1242 730//1242
f 762//1243 730//1243 750//1243
f 763//1244 744//1244 731//1244
f 763//1245 731//1245 751//1245
f 764//1246 732//1246 752//1246
f 764//1247 745//1247 732//1247
f 765//1248 734//1248 753//1248
f 765//1249 748//1249 734//1249
f 766//1250 749//1250 735//1250
f 766//1251 735//1251 754//1251
f 767//1252 750//1252 736//1252
f 767//1253 736//1253 755//1253
f 768//1254 737//1254 756//1254
f 768//1255 752//1255 737//1255
f 769//1256 738//1256 757//1256
f 769//1257 753//1257 738//1257
f 770//1258 754//1258 739//1258
f 770//1259 739//1259 758//1259
f 771//1260 755//1260 740//1260
f 771//1261 740//1261 759//1261
f 772//1262 741//1262 760//1262
f 772//1263 756//1263 741//1263
f 773//1264 742//1264 761//1264
f 773//1265 757//1265 742//1265
f 774//1266 743//1266 762//1266
f 774//1267 758//1267 743//1267
f 775//1268 744//1268 763//1268
f 775//1269 759//1269 744//1269
f 776//1270 747//1270 745//1270
f 776//1271 745//1271 764//1271
f 776//1272 777//1272 747//1272
f 778//1273 748//1273 765//1273
f 778//1274 760//1274 748//1274
f 779//1275 761//1275 749//1275
f 779//1276 749//1276 766//1276
f 780//1277 750//1277 767//1277
f 780//1278 762//1278 750//1278
f 781//1279 751//1279 326//1279
f 781//1280 326//1280 325//1280
f 781//1281 763//1281 751//1281
f 782//1282 752//1282 768//1282
f 782//1283 764//1283 752//1283
f 783//1284 765//1284 753//1284
f 783//1285 753//1285 769//1285
f 784//1286 754//1286 770//1286
f 784//1287 766//1287 754//1287
f 785//1288 755//1288 771//1288
f 785//1289 767//1289 755//1289
f 786//1290 756//1290 772//1290
f 786//1291 768//1291 756//1291
f 787//1292 757//1292 773//1292
f 787//1293 769//1293 757//1293
f 788//1294 758//1294 774//1294
f 788//1295 770//1295 758//1295
f 789//1296 771//1296 759//1296
f 789//1297 759//1297 775//1297
f 790//1298 777//1298 776//1298
f 790//1299 791//1299 777//1299
f 792//1300 760//1300 778//1300
f 792//1301 772//1301 760//1301
f 793//1302 773//1302 761//1302
f 793//1303 761//1303 779//1303
f 794//1304 762//1304 780//1304
f 794//1305 774//1305 762//1305
f 795//1306 763//1306 781//1306
f 795//1307 775//1307 763//1307
f 796//1308 764//1308 782//1308
f 796//1309 776//1309 764//1309
f 797//1310 765//1310 783//1310
f 797//1311 778//1311 765//1311
f 798//1312 766//1312 784//1312
f 798//1313 779//1313 766//1313
f 799//1314 780//1314 767//1314
f 799//1315 767//1315 785//1315
f 800//1316 781//1316 325//1316
f 800//1317 325//1317 323//1317
f 801//1318 782//1318 768//1318
f 801//1319 768//1319 786//1319
f 802//1320 783//1320 769//1320
f 802//1321 769//1321 787//1321
f 803//1322 784//1322 770//1322
f 803//1323 770//1323 788//1323
f 804//1324 771//1324 789//1324
f 804//1325 785//1325 771//1325
f 805//1326 772//1326 792//1326
f 805//1327 786//1327 772//1327
f 806//1328 787//1328 773//1328
f 806//1329 773//1329 793//1329
f 807//1330 774//1330 794//1330
f 807//1331 788//1331 774//1331
f 808//1332 775//1332 795//1332
f 808//1333 789//1333 775//1333
f 809//1334 790//1334 776//1334
f 809//1335 776//1335 796//1335
f 810//1336 792//1336 778//1336
f 810//1337 778//1337 797//1337
f 811//1338 779//1338 798//1338
f 811//1339 793//1339 779//1339
f 812//1340 780//1340 799//1340
f 812//1341 794//1341 780//1341
f 813//1342 795//1342 781//1342
f 813//1343 781//1343 800//1343
f 814//1344 782//1344 801//1344
f 814//1345 796//1345 782//1345
f 815//1346 797//1346 783//1346
f 815//1347 783//1347 802//1347
f 816//1348 784//1348 803//1348
f 816//1349 798//1349 784//1349
f 817//1350 785//1350 804//1350
f 817//1351 799//1351 785//1351
f 818//1352 323//1352 322//1352
f 818//1353 800//1353 323//1353
f 819//1354 786//1354 805//1354
f 819//1355 801//1355 786//1355
f 820//1356 787//1356 806//1356
f 820//1357 802//1357 787//1357
f 821//1358 788//1358 807//1358
f 821//1359 803//1359 788//1359
f 822//1360 804//1360 789//1360
f 822//1361 789//1361 808//1361
f 823//1362 791//1362 790//1362
f 823//1363 790//1363 809//1363
f 823//1364 824//1364 791//1364
f 823//1365 825//1365 824//1365
f 826//1366 805//1366 792//1366
f 826//1367 792//1367 810//1367
f 827//1368 793//1368 811//1368
f 827//1369 806//1369 793//1369
f 828//1370 807//1370 794//1370
f 828//1371 794//1371 812//1371
f 829//1372 808//1372 795//1372
f 829//1373 795//1373 813//1373
f 830//1374 809//1374 796//1374
f 830//1375 796//1375 814//1375
f 831//1376 810//1376 797//1376
f 831//1377 797//1377 815//1377
f 832//1378 811//1378 798//1378
f 832//1379 798//1379 816//1379
f 833//1380 812//1380 799//1380
f 833//1381 799//1381 817//1381
f 834//1382 813//1382 800//1382
f 834//1383 800//1383 818//1383
f 835//1384 814//1384 801//1384
f 835//1385 801//1385 819//1385
f 836//1386 815//1386 802//1386
f 836//1387 802//1387 820//1387
f 837//1388 816//1388 803//1388
f 837//1389 803//1389 821//1389
f 838//1390 817//1390 804//1390
f 838//1391 804//1391 822//1391
f 839//1392 825//1392 823//1392
f 839//1393 840//1393 825//1393
f 841//1394 819//1394 805//1394
f 841//1395 805//1395 826//1395
f 842//1396 820//1396 806//1396
f 842//1397 806//1397 827//1397
f 843//1398 821//1398 807//1398
f 843//1399 807//1399 828//1399
f 844//1400 822//1400 808//1400
f 844//1401 808//1401 829//1401
f 845//1402 809//1402 830//1402
f 845//1403 823//1403 809//1403
f 846//1404 810//1404 831//1404
f 846//1405 826//1405 810//1405
f 847//1406 811//1406 832//1406
f 847//1407 827//1407 811//1407
f 848//1408 828//1408 812//1408
f 848//1409 812//1409 833//1409
f 849//1410 813//1410 834//1410
f 849//1411 829//1411 813//1411
f 850//1412 814//1412 835//1412
f 850//1413 830//1413 814//1413
f 851//1414 831//1414 815//1414
f 851//1415 815//1415 836//1415
f 852//1416 816//1416 837//1416
f 852//1417 832//1417 816//1417
f 853//1418 817//1418 838//1418
f 853//1419 833//1419 817//1419
f 854//1420 834//1420 818//1420
f 854//1421 818//1421 322//1421
f 854//1422 322//1422 321//1422
f 855//1423 835//1423 819//1423
f 855//1424 819//1424 841//1424
f 856//1425 836//1425 820//1425
f 856//1426 820//1426 842//1426
f 857//1427 821//1427 843//1427
f 857//1428 837//1428 821//1428
f 858//1429 838//1429 822//1429
f 858//1430 822//1430 844//1430
f 859//1431 839//1431 823//1431
f 859//1432 823//1432 845//1432
f 860//1433 826//1433 846//1433
f 860//1434 841//1434 826//1434
f 861//1435 827//1435 847//1435
f 861//1436 842//1436 827//1436
f 862//1437 828//1437 848//1437
f 862//1438 843//1438 828//1438
f 863//1439 844//1439 829//1439
f 863//1440 829//1440 849//1440
f 864//1441 830//1441 850//1441
f 864//1442 845//1442 830//1442
f 865//1443 831//1443 851//1443
f 865//1444 846//1444 831//1444
f 866//1445 847//1445 832//1445
f 866//1446 832//1446 852//1446
f 867//1447 848//1447 833//1447
f 867//1448 833//1448 853//1448
f 868//1449 849//1449 834//1449
f 868//1450 834//1450 854//1450
f 869//1451 835//1451 855//1451
f 869//1452 850//1452 835//1452
f 870//1453 851//1453 836//1453
f 870//1454 836//1454 856//1454
f 871//1455 837//1455 857//1455
f 871//1456 852//1456 837//1456
f 872//1457 853//1457 838//1457
f 872//1458 838//1458 858//1458
f 873//1459 854//1459 321//1459
f 873//1460 319//1460 317//1460
f 873//1461 321//1461 319//1461
f 874//1462 839//1462 859//1462
f 874//1463 840//1463 839//1463
f 874//1464 875//1464 840//1464
f 876//1465 855//1465 841//1465
f 876//1466 841//1466 860//1466
f 877//1467 856//1467 842//1467
f 877//1468 842//1468 861//1468
f 878//1469 843//1469 862//1469
f 878//1470 857//1470 843//1470
f 879//1471 844//1471 863//1471
f 879//1472 858//1472 844//1472
f 880//1473 859//1473 845//1473
f 880//1474 845//1474 864//1474
f 881//1475 846//1475 865//1475
f 881//1476 860//1476 846//1476
f 882//1477 861//1477 847//1477
f 882//1478 847//1478 866//1478
f 883//1479 848//1479 867//1479
f 883//1480 862//1480 848//1480
f 884//1481 863//1481 849//1481
f 884//1482 849//1482 868//1482
f 885//1483 864//1483 850//1483
f 885//1484 850//1484 869//1484
f 886//1485 851//1485 870//1485
f 886//1486 865//1486 851//1486
f 887//1487 866//1487 852//1487
f 887//1488 852//1488 871//1488
f 888//1489 867//1489 853//1489
f 888//1490 853//1490 872//1490
f 889//1491 868//1491 854//1491
f 889//1492 854//1492 873//1492
f 890//1493 875//1493 874//1493
f 890//1494 891//1494 875//1494
f 890//1495 892//1495 891//1495
f 893//1496 855//1496 876//1496
f 893//1497 869//1497 855//1497
f 894//1498 870//1498 856//1498
f 894//1499 856//1499 877//1499
f 895//1500 857//1500 878//1500
f 895//1501 871//1501 857//1501
f 896//1502 858//1502 879//1502
f 896//1503 872//1503 858//1503
f 897//1504 874//1504 859//1504
f 897//1505 859//1505 880//1505
f 898//1506 860//1506 881//1506
f 898//1507 876//1507 860//1507
f 899//1508 861//1508 882//1508
f 899//1509 877//1509 861//1509
f 900//1510 878//1510 862//1510
f 900//1511 862//1511 883//1511
f 901//1512 879//1512 863//1512
f 901//1513 863//1513 884//1513
f 902//1514 864//1514 885//1514
f 902//1515 880//1515 864//1515
f 903//1516 881//1516 865//1516
f 903//1517 865//1517 886//1517
f 904//1518 882//1518 866//1518
f 904//1519 866//1519 887//1519
f 905//1520 883//1520 867//1520
f 905//1521 867//1521 888//1521
f 906//1522 884//1522 868//1522
f 906//1523 868//1523 889//1523
f 907//1524 869//1524 893//1524
f 907//1525 885//1525 869//1525
f 908//1526 870//1526 894//1526
f 908//1527 886//1527 870//1527
f 909//1528 887//1528 871//1528
f 909//1529 871//1529 895//1529
f 910//1530 888//1530 872//1530
f 910//1531 872//1531 896//1531
f 911//1532 889//1532 873//1532
f 911//1533 873//1533 317//1533
f 912//1534 874//1534 897//1534
f 912//1535 890//1535 874//1535
f 913//1536 893//1536 876//1536
f 913//1537 876//1537 898//1537
f 914//1538 894//1538 877//1538
f 914//1539 877//1539 899//1539
f 915//1540 895//1540 878//1540
f 915//1541 878//1541 900//1541
f 916//1542 879//1542 901//1542
f 916//1543 896//1543 879//1543
f 917//1544 897//1544 880//1544
f 917//1545 880//1545 902//1545
f 918//1546 881//1546 903//1546
f 918//1547 898//1547 881//1547
f 919//1548 899//1548 882//1548
f 919//1549 882//1549 904//1549
f 920//1550 883//1550 905//1550
f 920//1551 900//1551 883//1551
f 921//1552 901//1552 884//1552
f 921//1553 884//1553 906//1553
f 922//1554 885//1554 907//1554
f 922//1555 902//1555 885//1555
f 923//1556 886//1556 908//1556
f 923//1557 903//1557 886//1557
f 924//1558 904//1558 887//1558
f 924//1559 887//1559 909//1559
f 925//1560 888//1560 910//1560
f 925//1561 905//1561 888//1561
f 926//1562 889//1562 911//1562
f 926//1563 906//1563 889//1563
f 927//1564 892//1564 890//1564
f 927//1565 890//1565 912//1565
f 927//1566 928//1566 892//1566
f 929//1567 907//1567 893//1567
f 929//1568 893//1568 913//1568
f 930//1569 894//1569 914//1569
f 930//1570 908//1570 894//1570
f 931//1571 895//1571 915//1571
f 931//1572 909//1572 895//1572
f 932//1573 896//1573 916//1573
f 932//1574 910//1574 896//1574
f 933//1575 316//1575 315//1575
f 933//1576 317//1576 316//1576
f 933//1577 911//1577 317//1577
f 934//1578 897//1578 917//1578
f 934//1579 912//1579 897//1579
f 935//1580 898//1580 918//1580
f 935//1581 913//1581 898//1581
f 936//1582 914//1582 899//1582
f 936//1583 899//1583 919//1583
f 937//1584 915//1584 900//1584
f 937//1585 900//1585 920//1585
f 938//1586 901//1586 921//1586
f 938//1587 916//1587 901//1587
f 939//1588 917//1588 902//1588
f 939//1589 902//1589 922//1589
f 940//1590 903//1590 923//1590
f 940//1591 918//1591 903//1591
f 941//1592 919//1592 904//1592
f 941//1593 904//1593 924//1593
f 942//1594 920//1594 905//1594
f 942//1595 905//1595 925//1595
f 943//1596 921//1596 906//1596
f 943//1597 906//1597 926//1597
f 944//1598 928//1598 927//1598
f 944//1599 945//1599 928//1599
f 944//1600 946//1600 945//1600
f 947//1601 907//1601 929//1601
f 947//1602 922//1602 907//1602
f 948//1603 908//1603 930//1603
f 948//1604 923//1604 908//1604
f 949//1605 909//1605 931//1605
f 949//1606 924//1606 909//1606
f 950//1607 910//1607 932//1607
f 950//1608 925//1608 910//1608
f 951//1609 926//1609 911//1609
f 951//1610 911//1610 933//1610
f 952//1611 912//1611 934//1611
f 952//1612 927//1612 912//1612
f 953//1613 929//1613 913//1613
f 953//1614 913//1614 935//1614
f 954//1615 930//1615 914//1615
f 954//1616 914//1616 936//1616
f 955//1617 931//1617 915//1617
f 955//1618 915//1618 937//1618
f 956//1619 932//1619 916//1619
f 956//1620 916//1620 938//1620
f 957//1621 934//1621 917//1621
f 957//1622 917//1622 939//1622
f 958//1623 918//1623 940//1623
f 958//1624 935//1624 918//1624
f 959//1625 936//1625 919//1625
f 959//1626 919//1626 941//1626
f 960//1627 920//1627 942//1627
f 960//1628 937//1628 920//1628
f 961//1629 921//1629 943//1629
f 961//1630 938//1630 921//1630
f 962//1631 939//1631 922//1631
f 962//1632 922//1632 947//1632
f 963//1633 940//1633 923//1633
f 963//1634 923//1634 948//1634
f 964//1635 924//1635 949//1635
f 964//1636 941//1636 924//1636
f 965//1637 925//1637 950//1637
f 965//1638 942//1638 925//1638
f 966//1639 943//1639 926//1639
f 966//1640 926//1640 951//1640
f 967//1641 927//1641 952//1641
f 967//1642 944//1642 927//1642
f 968//1643 929//1643 953//1643
f 968//1644 947//1644 929//1644
f 969//1645 930//1645 954//1645
f 969//1646 948//1646 930//1646
f 970//1647 931//1647 955//1647
f 970//1648 949//1648 931//1648
f 971//1649 932//1649 956//1649
f 971//1650 950//1650 932//1650
f 972//1651 951//1651 933//1651
f 972//1652 315//1652 313//1652
f 972//1653 933//1653 315//1653
f 973//1654 952//1654 934//1654
f 973//1655 934//1655 957//1655
f 974//1656 953//1656 935//1656
f 974//1657 935//1657 958//1657
f 975//1658 936//1658 959//1658
f 975//1659 954//1659 936//1659
f 976//1660 955//1660 937//1660
f 976//1661 937//1661 960//1661
f 977//1662 956//1662 938//1662
f 977//1663 938//1663 961//1663
f 978//1664 957//1664 939//1664
f 978//1665 939//1665 962//1665
f 979//1666 958//1666 940//1666
f 979//1667 940//1667 963//1667
f 980//1668 959//1668 941//1668
f 980//1669 941//1669 964//1669
f 981//1670 942//1670 965//1670
f 981//1671 960//1671 942//1671
f 982//1672 961//1672 943//1672
f 982//1673 943//1673 966//1673
f 983//1674 984//1674 946//1674
f 983//1675 946//1675 944//1675
f 983//1676 944//1676 967//1676
f 985//1677 947//1677 968//1677
f 985//1678 962//1678 947//1678
f 986//1679 963//1679 948//1679
f 986//1680 948//1680 969//1680
f 987//1681 964//1681 949//1681
f 987//1682 949//1682 970//1682
f 988//1683 965//1683 950//1683
f 988//1684 950//1684 971//1684
f 989//1685 951//1685 972//1685
f 989//1686 966//1686 951//1686
f 990//1687 952//1687 973//1687
f 990//1688 967//1688 952//1688
f 991//1689 953//1689 974//1689
f 991//1690 968//1690 953//1690
f 992//1691 954//1691 975//1691
f 992//1692 969//1692 954//1692
f 993//1693 970//1693 955//1693
f 993//1694 955//1694 976//1694
f 994//1695 971//1695 956//1695
f 994//1696 956//1696 977//1696
f 995//1697 313//1697 311//1697
f 995//1698 972//1698 313//1698
f 996//1699 957//1699 978//1699
f 996//1700 973//1700 957//1700
f 997//1701 974//1701 958//1701
f 997//1702 958//1702 979//1702
f 998//1703 975//1703 959//1703
f 998//1704 959//1704 980//1704
f 999//1705 976//1705 960//1705
f 999//1706 960//1706 981//1706
f 1000//1707 977//1707 961//1707
f 1000//1708 961//1708 982//1708
f 1001//1709 1002//1709 984//1709
f 1001//1710 1003//1710 1002//1710
f 1001//1711 984//1711 983//1711
f 1004//1712 962//1712 985//1712
f 1004//1713 978//1713 962//1713
f 1005//1714 979//1714 963//1714
f 1005//1715 963//1715 986//1715
f 1006//1716 964//1716 987//1716
f 1006//1717 980//1717 964//1717
f 1007//1718 981//1718 965//1718
f 1007//1719 965//1719 988//1719
f 1008//1720 966//1720 989//1720
f 1008//1721 982//1721 966//1721
f 1009//1722 967//1722 990//1722
f 1009//1723 983//1723 967//1723
f 1010//1724 985//1724 968//1724
f 1010//1725 968//1725 991//1725
f 1011//1726 986//1726 969//1726
f 1011//1727 969//1727 992//1727
f 1012//1728 987//1728 970//1728
f 1012//1729 970//1729 993//1729
f 1013//1730 971//1730 994//1730
f 1013//1731 988//1731 971//1731
f 1014//1732 972//1732 995//1732
f 1014//1733 989//1733 972//1733
f 1015//1734 973//1734 996//1734
f 1015//1735 990//1735 973//1735
f 1016//1736 991//1736 974//1736
f 1016//1737 974//1737 997//1737
f 1017//1738 992//1738 975//1738
f 1017//1739 975//1739 998//1739
f 1018//1740 993//1740 976//1740
f 1018//1741 976//1741 999//1741
f 1019//1742 994//1742 977//1742
f 1019//1743 977//1743 1000//1743
f 1020//1744 978//1744 1004//1744
f 1020//1745 996//1745 978//1745
f 1021//1746 979//1746 1005//1746
f 1021//1747 997//1747 979//1747
f 1022//1748 998//1748 980//1748
f 1022//1749 980//1749 1006//1749
f 1023//1750 999//1750 981//1750
f 1023//1751 981//1751 1007//1751
f 1024//1752 982//1752 1008//1752
f 1024//1753 1000//1753 982//1753
f 1025//1754 1001//1754 983//1754
f 1025//1755 983//1755 1009//1755
f 1026//1756 985//1756 1010//1756
f 1026//1757 1004//1757 985//1757
f 1027//1758 986//1758 1011//1758
f 1027//1759 1005//1759 986//1759
f 1028//1760 987//1760 1012//1760
f 1028//1761 1006//1761 987//1761
f 1029//1762 988//1762 1013//1762
f 1029//1763 1007//1763 988//1763
f 1030//1764 1008//1764 989//1764
f 1030//1765 989//1765 1014//1765
f 1031//1766 1009//1766 990//1766
f 1031//1767 990//1767 1015//1767
f 1032//1768 1010//1768 991//1768
f 1032//1769 991//1769 1016//1769
f 1033//1770 1011//1770 992//1770
f 1033//1771 992//1771 1017//1771
f 1034//1772 993//1772 1018//1772
f 1034//1773 1012//1773 993//1773
f 1035//1774 994//1774 1019//1774
f 1035//1775 1013//1775 994//1775
f 1036//1776 995//1776 311//1776
f 1036//1777 311//1777 310//1777
f 1036//1778 1014//1778 995//1778
f 1037//1779 996//1779 1020//1779
f 1037//1780 1015//1780 996//1780
f 1038//1781 997//1781 1021//1781
f 1038//1782 1016//1782 997//1782
f 1039//1783 1017//1783 998//1783
f 1039//1784 998//1784 1022//1784
f 1040//1785 999//1785 1023//1785
f 1040//1786 1018//1786 999//1786
f 1041//1787 1019//1787 1000//1787
f 1041//1788 1000//1788 1024//1788
f 1042//1789 1043//1789 1003//1789
f 1042//1790 1001//1790 1025//1790
f 1042//1791 1003//1791 1001//1791
f 1044//1792 1004//1792 1026//1792
f 1044//1793 1020//1793 1004//1793
f 1045//1794 1005//1794 1027//1794
f 1045//1795 1021//1795 1005//1795
f 1046//1796 1022//1796 1006//1796
f 1046//1797 1006//1797 1028//1797
f 1047//1798 1023//1798 1007//1798
f 1047//1799 1007//1799 1029//1799
f 1048//1800 1008//1800 1030//1800
f 1048//1801 1024//1801 1008//1801
f 1049//1802 1025//1802 1009//1802
f 1049//1803 1009//1803 1031//1803
f 1050//1804 1010//1804 1032//1804
f 1050//1805 1026//1805 1010//1805
f 1051//1806 1027//1806 1011//1806
f 1051//1807 1011//1807 1033//1807
f 1052//1808 1028//1808 1012//1808
f 1052//1809 1012//1809 1034//1809
f 1053//1810 1013//1810 1035//1810
f 1053//1811 1029//1811 1013//1811
f 1054//1812 1014//1812 1036//1812
f 1054//1813 1030//1813 1014//1813
f 1055//1814 1031//1814 1015//1814
f 1055//1815 1015//1815 1037//1815
f 1056//1816 1032//1816 1016//1816
f 1056//1817 1016//1817 1038//1817
f 1057//1818 1033//1818 1017//1818
f 1057//1819 1017//1819 1039//1819
f 1058//1820 1034//1820 1018//1820
f 1058//1821 1018//1821 1040//1821
f 1059//1822 1019//1822 1041//1822
f 1059//1823 1035//1823 1019//1823
f 1060//1824 309//1824 307//1824
f 1060//1825 310//1825 309//1825
f 1060//1826 1036//1826 310//1826
f 1061//1827 1062//1827 1043//1827
f 1061//1828 1043//1828 1042//1828
f 1063//1829 1037//1829 1020//1829
f 1063//1830 1020//1830 1044//1830
f 1064//1831 1038//1831 1021//1831
f 1064//1832 1021//1832 1045//1832
f 1065//1833 1022//1833 1046//1833
f 1065//1834 1039//1834 1022//1834
f 1066//1835 1040//1835 1023//1835
f 1066//1836 1023//1836 1047//1836
f 1067//1837 1041//1837 1024//1837
f 1067//1838 1024//1838 1048//1838
f 1068//1839 1025//1839 1049//1839
f 1068//1840 1042//1840 1025//1840
f 1069//1841 1044//1841 1026//1841
f 1069//1842 1026//1842 1050//1842
f 1070//1843 1045//1843 1027//1843
f 1070//1844 1027//1844 1051//1844
f 1071//1845 1028//1845 1052//1845
f 1071//1846 1046//1846 1028//1846
f 1072//1847 1047//1847 1029//1847
f 1072//1848 1029//1848 1053//1848
f 1073//1849 1048//1849 1030//1849
f 1073//1850 1030//1850 1054//1850
f 1074//1851 1031//1851 1055//1851
f 1074//1852 1049//1852 1031//1852
f 1075//1853 1050//1853 1032//1853
f 1075//1854 1032//1854 1056//1854
f 1076//1855 1033//1855 1057//1855
f 1076//1856 1051//1856 1033//1856
f 1077//1857 1034//1857 1058//1857
f 1077//1858 1052//1858 1034//1858
f 1078//1859 1035//1859 1059//1859
f 1078//1860 1053//1860 1035//1860
f 1079//1861 1036//1861 1060//1861
f 1079//1862 1054//1862 1036//1862
f 1080//1863 1055//1863 1037//1863
f 1080//1864 1037//1864 1063//1864
f 1081//1865 1056//1865 1038//1865
f 1081//1866 1038//1866 1064//1866
f 1082//1867 1057//1867 1039//1867
f 1082//1868 1039//1868 1065//1868
f 1083//1869 1058//1869 1040//1869
f 1083//1870 1040//1870 1066//1870
f 1084//1871 1041//1871 1067//1871
f 1084//1872 1059//1872 1041//1872
f 1085//1873 1061//1873 1042//1873
f 1085//1874 1042//1874 1068//1874
f 1086//1875 1044//1875 1069//1875
f 1086//1876 1063//1876 1044//1876
f 1087//1877 1064//1877 1045//1877
f 1087//1878 1045//1878 1070//1878
f 1088//1879 1065//1879 1046//1879
f 1088//1880 1046//1880 1071//1880
f 1089//1881 1066//1881 1047//1881
f 1089//1882 1047//1882 1072//1882
f 1090//1883 1048//1883 1073//1883
f 1090//1884 1067//1884 1048//1884
f 1091//1885 1068//1885 1049//1885
f 1091//1886 1049//1886 1074//1886
f 1092//1887 1050//1887 1075//1887
f 1092//1888 1069//1888 1050//1888
f 1093//1889 1070//1889 1051//1889
f 1093//1890 1051//1890 1076//1890
f 1094//1891 1071//1891 1052//1891
f 1094//1892 1052//1892 1077//1892
f 1095//1893 1072//1893 1053//1893
f 1095//1894 1053//1894 1078//1894
f 1096//1895 1073//1895 1054//1895
f 1096//1896 1054//1896 1079//1896
f 1097//1897 1074//1897 1055//1897
f 1097//1898 1055//1898 1080//1898
f 1098//1899 1056//1899 1081//1899
f 1098//1900 1075//1900 1056//1900
f 1099//1901 1076//1901 1057//1901
f 1099//1902 1057//1902 1082//1902
f 1100//1903 1058//1903 1083//1903
f 1100//1904 1077//1904 1058//1904
f 1101//1905 1078//1905 1059//1905
f 1101//1906 1059//1906 1084//1906
f 1102//1907 307//1907 306//1907
f 1102//1908 1060//1908 307//1908
f 1102//1909 1079//1909 1060//1909
f 1103//1910 1104//1910 1062//1910
f 1103//1911 1105//1911 1104//1911
f 1103//1912 1061//1912 1085//1912
f 1103//1913 1062//1913 1061//1913
f 1106//1914 1063//1914 1086//1914
f 1106//1915 1080//1915 1063//1915
f 1107//1916 1081//1916 1064//1916
f 1107//1917 1064//1917 1087//1917
f 1108//1918 1065//1918 1088//1918
f 1108//1919 1082//1919 1065//1919
f 1109//1920 1083//1920 1066//1920
f 1109//1921 1066//1921 1089//1921
f 1110//1922 1067//1922 1090//1922
f 1110//1923 1084//1923 1067//1923
f 1111//1924 1085//1924 1068//1924
f 1111//1925 1068//1925 1091//1925
f 1112//1926 1086//1926 1069//1926
f 1112//1927 1069//1927 1092//1927
f 1113//1928 1070//1928 1093//1928
f 1113//1929 1087//1929 1070//1929
f 1114//1930 1071//1930 1094//1930
f 1114//1931 1088//1931 1071//1931
f 1115//1932 1072//1932 1095//1932
f 1115//1933 1089//1933 1072//1933
f 1116//1934 1090//1934 1073//1934
f 1116//1935 1073//1935 1096//1935
f 1117//1936 1091//1936 1074//1936
f 1117//1937 1074//1937 1097//1937
f 1118//1938 1075//1938 1098//1938
f 1118//1939 1092//1939 1075//1939
f 1119//1940 1076//1940 1099//1940
f 1119//1941 1093//1941 1076//1941
f 1120//1942 1094//1942 1077//1942
f 1120//1943 1077//1943 1100//1943
f 1121//1944 1078//1944 1101//1944
f 1121//1945 1095//1945 1078//1945
f 1122//1946 1096//1946 1079//1946
f 1122//1947 1079//1947 1102//1947
f 1123//1948 1124//1948 1105//1948
f 1123//1949 1105//1949 1103//1949
f 1125//1950 1097//1950 1080//1950
f 1125//1951 1080//1951 1106//1951
f 1126//1952 1098//1952 1081//1952
f 1126//1953 1081//1953 1107//1953
f 1127//1954 1082//1954 1108//1954
f 1127//1955 1099//1955 1082//1955
f 1128//1956 1100//1956 1083//1956
f 1128//1957 1083//1957 1109//1957
f 1129//1958 1101//1958 1084//1958
f 1129//1959 1084//1959 1110//1959
f 1130//1960 306//1960 304//1960
f 1130//1961 1102//1961 306//1961
f 1131//1962 1085//1962 1111//1962
f 1131//1963 1103//1963 1085//1963
f 1132//1964 1086//1964 1112//1964
f 1132//1965 1106//1965 1086//1965
f 1133//1966 1107//1966 1087//1966
f 1133//1967 1087//1967 1113//1967
f 1134//1968 1108//1968 1088//1968
f 1134//1969 1088//1969 1114//1969
f 1135//1970 1109//1970 1089//1970
f 1135//1971 1089//1971 1115//1971
f 1136//1972 1090//1972 1116//1972
f 1136//1973 1110//1973 1090//1973
f 1137//1974 1091//1974 1117//1974
f 1137//1975 1111//1975 1091//1975
f 1138//1976 1092//1976 1118//1976
f 1138//1977 1112//1977 1092//1977
f 1139//1978 1093//1978 1119//1978
f 1139//1979 1113//1979 1093//1979
f 1140//1980 1094//1980 1120//1980
f 1140//1981 1114//1981 1094//1981
f 1141//1982 1095//1982 1121//1982
f 1141//1983 1115//1983 1095//1983
f 1142//1984 1116//1984 1096//1984
f 1142//1985 1096//1985 1122//1985
f 1143//1986 1097//1986 1125//1986
f 1143//1987 1117//1987 1097//1987
f 1144//1988 1118//1988 1098//1988
f 1144//1989 1098//1989 1126//1989
f 1145//1990 1099//1990 1127//1990
f 1145//1991 1119//1991 1099//1991
f 1146//1992 1100//1992 1128//1992
f 1146//1993 1120//1993 1100//1993
f 1147//1994 1121//1994 1101//1994
f 1147//1995 1101//1995 1129//1995
f 1148//1996 1122//1996 1102//1996
f 1148//1997 1102//1997 1130//1997
f 1149//1998 1103//1998 1131//1998
f 1149//1999 1123//1999 1103//1999
f 1150//2000 1125//2000 1106//2000
f 1150//2001 1106//2001 1132//2001
f 1151//2002 1126//2002 1107//2002
f 1151//2003 1107//2003 1133//2003
f 1152//2004 1127//2004 1108//2004
f 1152//2005 1108//2005 1134//2005
f 1153//2006 1128//2006 1109//2006
f 1153//2007 1109//2007 1135//2007
f 1154//2008 1129//2008 1110//2008
f 1154//2009 1110//2009 1136//2009
f 1155//2010 1131//2010 1111//2010
f 1155//2011 1111//2011 1137//2011
f 1156//2012 1132//2012 1112//2012
f 1156//2013 1112//2013 1138//2013
f 1157//2014 1133//2014 1113//2014
f 1157//2015 1113//2015 1139//2015
f 1158//2016 1134//2016 1114//2016
f 1158//2017 1114//2017 1140//2017
f 1159//2018 1135//2018 1115//2018
f 1159//2019 1115//2019 1141//2019
f 1160//2020 1136//2020 1116//2020
f 1160//2021 1116//2021 1142//2021
f 1161//2022 1117//2022 1143//2022
f 1161//2023 1137//2023 1117//2023
f 1162//2024 1118//2024 1144//2024
f 1162//2025 1138//2025 1118//2025
f 1163//2026 1139//2026 1119//2026
f 1163//2027 1119//2027 1145//2027
f 1164//2028 1140//2028 1120//2028
f 1164//2029 1120//2029 1146//2029
f 1165//2030 1121//2030 1147//2030
f 1165//2031 1141//2031 1121//2031
f 1166//2032 1142//2032 1122//2032
f 1166//2033 1122//2033 1148//2033
f 1167//2034 1168//2034 1124//2034
f 1167//2035 1169//2035 1168//2035
f 1167//2036 1124//2036 1123//2036
f 1167//2037 1123//2037 1149//2037
f 1170//2038 1125//2038 1150//2038
f 1170//2039 1143//2039 1125//2039
f 1171//2040 1144//2040 1126//2040
f 1171//2041 1126//2041 1151//2041
f 1172//2042 1145//2042 1127//2042
f 1172//2043 1127//2043 1152//2043
f 1173//2044 1146//2044 1128//2044
f 1173//2045 1128//2045 1153//2045
f 1174//2046 1147//2046 1129//2046
f 1174//2047 1129//2047 1154//2047
f 1175//2048 1130//2048 304//2048
f 1175//2049 303//2049 302//2049
f 1175//2050 304//2050 303//2050
f 1175//2051 1148//2051 1130//2051
f 1176//2052 1131//2052 1155//2052
f 1176//2053 1149//2053 1131//2053
f 1177//2054 1132//2054 1156//2054
f 1177//2055 1150//2055 1132//2055
f 1178//2056 1133//2056 1157//2056
f 1178//2057 1151//2057 1133//2057
f 1179//2058 1134//2058 1158//2058
f 1179//2059 1152//2059 1134//2059
f 1180//2060 1135//2060 1159//2060
f 1180//2061 1153//2061 1135//2061
f 1181//2062 1136//2062 1160//2062
f 1181//2063 1154//2063 1136//2063
f 1182//2064 1155//2064 1137//2064
f 1182//2065 1137//2065 1161//2065
f 1183//2066 1138//2066 1162//2066
f 1183//2067 1156//2067 1138//2067
f 1184//2068 1139//2068 1163//2068
f 1184//2069 1157//2069 1139//2069
f 1185//2070 1140//2070 1164//2070
f 1185//2071 1158//2071 1140//2071
f 1186//2072 1141//2072 1165//2072
f 1186//2073 1159//2073 1141//2073
f 1187//2074 1142//2074 1166//2074
f 1187//2075 1160//2075 1142//2075
f 1188//2076 1189//2076 1169//2076
f 1188//2077 1169//2077 1167//2077
f 1190//2078 1161//2078 1143//2078
f 1190//2079 1143//2079 1170//2079
f 1191//2080 1162//2080 1144//2080
f 1191//2081 1144//2081 1171//2081
f 1192//2082 1145//2082 1172//2082
f 1192//2083 1163//2083 1145//2083
f 1193//2084 1164//2084 1146//2084
f 1193//2085 1146//2085 1173//2085
f 1194//2086 1147//2086 1174//2086
f 1194//2087 1165//2087 1147//2087
f 1195//2088 1166//2088 1148//2088
f 1195//2089 1148//2089 1175//2089
f 1196//2090 1167//2090 1149//2090
f 1196//2091 1149//2091 1176//2091
f 1197//2092 1170//2092 1150//2092
f 1197//2093 1150//2093 1177//2093
f 1198//2094 1171//2094 1151//2094
f 1198//2095 1151//2095 1178//2095
f 1199//2096 1172//2096 1152//2096
f 1199//2097 1152//2097 1179//2097
f 1200//2098 1173//2098 1153//2098
f 1200//2099 1153//2099 1180//2099
f 1201//2100 1174//2100 1154//2100
f 1201//2101 1154//2101 1181//2101
f 1202//2102 1155//2102 1182//2102
f 1202//2103 1176//2103 1155//2103
f 1203//2104 1156//2104 1183//2104
f 1203//2105 1177//2105 1156//2105
f 1204//2106 1157//2106 1184//2106
f 1204//2107 1178//2107 1157//2107
f 1205//2108 1179//2108 1158//2108
f 1205//2109 1158//2109 1185//2109
f 1206//2110 1159//2110 1186//2110
f 1206//2111 1180//2111 1159//2111
f 1207//2112 1181//2112 1160//2112
f 1207//2113 1160//2113 1187//2113
f 1208//2114 1182//2114 1161//2114
f 1208//2115 1161//2115 1190//2115
f 1209//2116 1183//2116 1162//2116
f 1209//2117 1162//2117 1191//2117
f 1210//2118 1184//2118 1163//2118
f 1210//2119 1163//2119 1192//2119
f 1211//2120 1185//2120 1164//2120
f 1211//2121 1164//2121 1193//2121
f 1212//2122 1186//2122 1165//2122
f 1212//2123 1165//2123 1194//2123
f 1213//2124 1166//2124 1195//2124
f 1213//2125 1187//2125 1166//2125
f 1214//2126 1167//2126 1196//2126
f 1214//2127 1188//2127 1167//2127
f 1215//2128 1170//2128 1197//2128
f 1215//2129 1190//2129 1170//2129
f 1216//2130 1171//2130 1198//2130
f 1216//2131 1191//2131 1171//2131
f 1217//2132 1172//2132 1199//2132
f 1217//2133 1192//2133 1172//2133
f 1218//2134 1173//2134 1200//2134
f 1218//2135 1193//2135 1173//2135
f 1219//2136 1174//2136 1201//2136
f 1219//2137 1194//2137 1174//2137
f 1220//2138 1175//2138 302//2138
f 1220//2139 1195//2139 1175//2139
f 1221//2140 1176//2140 1202//2140
f 1221//2141 1196//2141 1176//2141
f 1222//2142 1197//2142 1177//2142
f 1222//2143 1177//2143 1203//2143
f 1223//2144 1178//2144 1204//2144
f 1223//2145 1198//2145 1178//2145
f 1224//2146 1199//2146 1179//2146
f 1224//2147 1179//2147 1205//2147
f 1225//2148 1200//2148 1180//2148
f 1225//2149 1180//2149 1206//2149
f 1226//2150 1201//2150 1181//2150
f 1226//2151 1181//2151 1207//2151
f 1227//2152 1202//2152 1182//2152
f 1227//2153 1182//2153 1208//2153
f 1228//2154 1203//2154 1183//2154
f 1228//2155 1183//2155 1209//2155
f 1229//2156 1204//2156 1184//2156
f 1229//2157 1184//2157 1210//2157
f 1230//2158 1205//2158 1185//2158
f 1230//2159 1185//2159 1211//2159
f 1231//2160 1206//2160 1186//2160
f 1231//2161 1186//2161 1212//2161
f 1232//2162 1207//2162 1187//2162
f 1232//2163 1187//2163 1213//2163
f 1233//2164 1234//2164 1189//2164
f 1233//2165 1189//2165 1188//2165
f 1233//2166 1188//2166 1214//2166
f 1235//2167 1190//2167 1215//2167
f 1235//2168 1208//2168 1190//2168
f 1236//2169 1191//2169 1216//2169
f 1236//2170 1209//2170 1191//2170
f 1237//2171 1210//2171 1192//2171
f 1237//2172 1192//2172 1217//2172
f 1238//2173 1211//2173 1193//2173
f 1238//2174 1193//2174 1218//2174
f 1239//2175 1212//2175 1194//2175
f 1239//2176 1194//2176 1219//2176
f 1240//2177 1213//2177 1195//2177
f 1240//2178 1195//2178 1220//2178
f 1241//2179 1196//2179 1221//2179
f 1241//2180 1214//2180 1196//2180
f 1242//2181 1215//2181 1197//2181
f 1242//2182 1197//2182 1222//2182
f 1243//2183 1198//2183 1223//2183
f 1243//2184 1216//2184 1198//2184
f 1244//2185 1199//2185 1224//2185
f 1244//2186 1217//2186 1199//2186
f 1245//2187 1200//2187 1225//2187
f 1245//2188 1218//2188 1200//2188
f 1246//2189 1201//2189 1226//2189
f 1246//2190 1219//2190 1201//2190
f 1247//2191 301//2191 300//2191
f 1247//2192 302//2192 301//2192
f 1247//2193 1220//2193 302//2193
f 1248//2194 1202//2194 1227//2194
f 1248//2195 1221//2195 1202//2195
f 1249//2196 1203//2196 1228//2196
f 1249//2197 1222//2197 1203//2197
f 1250//2198 1223//2198 1204//2198
f 1250//2199 1204//2199 1229//2199
f 1251//2200 1224//2200 1205//2200
f 1251//2201 1205//2201 1230//2201
f 1252//2202 1206//2202 1231//2202
f 1252//2203 1225//2203 1206//2203
f 1253//2204 1207//2204 1232//2204
f 1253//2205 1226//2205 1207//2205
f 1254//2206 1255//2206 1234//2206
f 1254//2207 1256//2207 1255//2207
f 1254//2208 1234//2208 1233//2208
f 1257//2209 1227//2209 1208//2209
f 1257//2210 1208//2210 1235//2210
f 1258//2211 1209//2211 1236//2211
f 1258//2212 1228//2212 1209//2212
f 1259//2213 1210//2213 1237//2213
f 1259//2214 1229//2214 1210//2214
f 1260//2215 1230//2215 1211//2215
f 1260//2216 1211//2216 1238//2216
f 1261//2217 1231//2217 1212//2217
f 1261//2218 1212//2218 1239//2218
f 1262//2219 1232//2219 1213//2219
f 1262//2220 1213//2220 1240//2220
f 1263//2221 1233//2221 1214//2221
f 1263//2222 1214//2222 1241//2222
f 1264//2223 1235//2223 1215//2223
f 1264//2224 1215//2224 1242//2224
f 1265//2225 1236//2225 1216//2225
f 1265//2226 1216//2226 1243//2226
f 1266//2227 1217//2227 1244//2227
f 1266//2228 1237//2228 1217//2228
f 1267//2229 1238//2229 1218//2229
f 1267//2230 1218//2230 1245//2230
f 1268//2231 1239//2231 1219//2231
f 1268//2232 1219//2232 1246//2232
f 1269//2233 1240//2233 1220//2233
f 1269//2234 1220//2234 1247//2234
f 1270//2235 1241//2235 1221//2235
f 1270//2236 1221//2236 1248//2236
f 1271//2237 1242//2237 1222//2237
f 1271//2238 1222//2238 1249//2238
f 1272//2239 1243//2239 1223//2239
f 1272//2240 1223//2240 1250//2240
f 1273//2241 1244//2241 1224//2241
f 1273//2242 1224//2242 1251//2242
f 1274//2243 1245//2243 1225//2243
f 1274//2244 1225//2244 1252//2244
f 1275//2245 1246//2245 1226//2245
f 1275//2246 1226//2246 1253//2246
f 1276//2247 1227//2247 1257//2247
f 1276//2248 1248//2248 1227//2248
f 1277//2249 1228//2249 1258//2249
f 1277//2250 1249//2250 1228//2250
f 1278//2251 1250//2251 1229//2251
f 1278//2252 1229//2252 1259//2252
f 1279//2253 1251//2253 1230//2253
f 1279//2254 1230//2254 1260//2254
f 1280//2255 1252//2255 1231//2255
f 1280//2256 1231//2256 1261//2256
f 1281//2257 1232//2257 1262//2257
f 1281//2258 1253//2258 1232//2258
f 1282//2259 1233//2259 1263//2259
f 1282//2260 1254//2260 1233//2260
f 1283//2261 1257//2261 1235//2261
f 1283//2262 1235//2262 1264//2262
f 1284//2263 1258//2263 1236//2263
f 1284//2264 1236//2264 1265//2264
f 1285//2265 1259//2265 1237//2265
f 1285//2266 1237//2266 1266//2266
f 1286//2267 1260//2267 1238//2267
f 1286//2268 1238//2268 1267//2268
f 1287//2269 1239//2269 1268//2269
f 1287//2270 1261//2270 1239//2270
f 1288//2271 1240//2271 1269//2271
f 1288//2272 1262//2272 1240//2272
f 1289//2273 1241//2273 1270//2273
f 1289//2274 1263//2274 1241//2274
f 1290//2275 1264//2275 1242//2275
f 1290//2276 1242//2276 1271//2276
f 1291//2277 1243//2277 1272//2277
f 1291//2278 1265//2278 1243//2278
f 1292//2279 1244//2279 1273//2279
f 1292//2280 1266//2280 1244//2280
f 1293//2281 1267//2281 1245//2281
f 1293//2282 1245//2282 1274//2282
f 1294//2283 1268//2283 1246//2283
f 1294//2284 1246//2284 1275//2284
f 1295//2285 1269//2285 1247//2285
f 1295//2286 300//2286 298//2286
f 1295//2287 1247//2287 300//2287
f 1296//2288 1270//2288 1248//2288
f 1296//2289 1248//2289 1276//2289
f 1297//2290 1271//2290 1249//2290
f 1297//2291 1249//2291 1277//2291
f 1298//2292 1272//2292 1250//2292
f 1298//2293 1250//2293 1278//2293
f 1299//2294 1251//2294 1279//2294
f 1299//2295 1273//2295 1251//2295
f 1300//2296 1274//2296 1252//2296
f 1300//2297 1252//2297 1280//2297
f 1301//2298 1275//2298 1253//2298
f 1301//2299 1253//2299 1281//2299
f 1302//2300 484//2300 1256//2300
f 1302//2301 482//2301 484//2301
f 1302//2302 1254//2302 1282//2302
f 1302//2303 1303//2303 482//2303
f 1302//2304 1256//2304 1254//2304
f 1304//2305 1257//2305 1283//2305
f 1304//2306 1276//2306 1257//2306
f 1305//2307 1258//2307 1284//2307
f 1305//2308 1277//2308 1258//2308
f 1306//2309 1278//2309 1259//2309
f 1306//2310 1259//2310 1285//2310
f 1307//2311 1279//2311 1260//2311
f 1307//2312 1260//2312 1286//2312
f 1308//2313 1261//2313 1287//2313
f 1308//2314 1280//2314 1261//2314
f 1309//2315 1281//2315 1262//2315
f 1309//2316 1262//2316 1288//2316
f 1310//2317 1263//2317 1289//2317
f 1310//2318 1282//2318 1263//2318
f 1311//2319 1283//2319 1264//2319
f 1311//2320 1264//2320 1290//2320
f 1312//2321 1265//2321 1291//2321
f 1312//2322 1284//2322 1265//2322
f 1313//2323 1266//2323 1292//2323
f 1313//2324 1285//2324 1266//2324
f 1314//2325 1286//2325 1267//2325
f 1314//2326 1267//2326 1293//2326
f 1315//2327 1287//2327 1268//2327
f 1315//2328 1268//2328 1294//2328
f 1316//2329 1288//2329 1269//2329
f 1316//2330 1269//2330 1295//2330
f 1317//2331 1270//2331 1296//2331
f 1317//2332 1289//2332 1270//2332
f 1318//2333 1290//2333 1271//2333
f 1318//2334 1271//2334 1297//2334
f 1319//2335 1291//2335 1272//2335
f 1319//2336 1272//2336 1298//2336
f 1320//2337 1273//2337 1299//2337
f 1320//2338 1292//2338 1273//2338
f 1321//2339 1293//2339 1274//2339
f 1321//2340 1274//2340 1300//2340
f 1322//2341 1294//2341 1275//2341
f 1322//2342 1275//2342 1301//2342
f 1323//2343 298//2343 297//2343
f 1323//2344 1295//2344 298//2344
f 1324//2345 1276//2345 1304//2345
f 1324//2346 1296//2346 1276//2346
f 1325//2347 1277//2347 1305//2347
f 1325//2348 1297//2348 1277//2348
f 1326//2349 1278//2349 1306//2349
f 1326//2350 1298//2350 1278//2350
f 1327//2351 1299//2351 1279//2351
f 1327//2352 1279//2352 1307//2352
f 1328//2353 1280//2353 1308//2353
f 1328//2354 1300//2354 1280//2354
f 1329//2355 1301//2355 1281//2355
f 1329//2356 1281//2356 1309//2356
f 1330//2357 1302//2357 1282//2357
f 1330//2358 1303//2358 1302//2358
f 1330//2359 1331//2359 1303//2359
f 1330//2360 1282//2360 1310//2360
f 1332//2361 1304//2361 1283//2361
f 1332//2362 1283//2362 1311//2362
f 1333//2363 1284//2363 1312//2363
f 1333//2364 1305//2364 1284//2364
f 1334//2365 1285//2365 1313//2365
f 1334//2366 1306//2366 1285//2366
f 1335//2367 1307//2367 1286//2367
f 1335//2368 1286//2368 1314//2368
f 1336//2369 1308//2369 1287//2369
f 1336//2370 1287//2370 1315//2370
f 1337//2371 1288//2371 1316//2371
f 1337//2372 1309//2372 1288//2372
f 1338//2373 1310//2373 1289//2373
f 1338//2374 1289//2374 1317//2374
f 1339//2375 1290//2375 1318//2375
f 1339//2376 1311//2376 1290//2376
f 1340//2377 1312//2377 1291//2377
f 1340//2378 1291//2378 1319//2378
f 1341//2379 1313//2379 1292//2379
f 1341//2380 1292//2380 1320//2380
f 1342//2381 1314//2381 1293//2381
f 1342//2382 1293//2382 1321//2382
f 1343//2383 1315//2383 1294//2383
f 1343//2384 1294//2384 1322//2384
f 1344//2385 1295//2385 1323//2385
f 1344//2386 1316//2386 1295//2386
f 1345//2387 1317//2387 1296//2387
f 1345//2388 1296//2388 1324//2388
f 1346//2389 1318//2389 1297//2389
f 1346//2390 1297//2390 1325//2390
f 1347//2391 1298//2391 1326//2391
f 1347//2392 1319//2392 1298//2392
f 1348//2393 1299//2393 1327//2393
f 1348//2394 1320//2394 1299//2394
f 1349//2395 1321//2395 1300//2395
f 1349//2396 1300//2396 1328//2396
f 1350//2397 1322//2397 1301//2397
f 1350//2398 1301//2398 1329//2398
f 1351//2399 1324//2399 1304//2399
f 1351//2400 1304//2400 1332//2400
f 1352//2401 1325//2401 1305//2401
f 1352//2402 1305//2402 1333//2402
f 1353//2403 1306//2403 1334//2403
f 1353//2404 1326//2404 1306//2404
f 1354//2405 1307//2405 1335//2405
f 1354//2406 1327//2406 1307//2406
f 1355//2407 1328//2407 1308//2407
f 1355//2408 1308//2408 1336//2408
f 1356//2409 1309//2409 1337//2409
f 1356//2410 1329//2410 1309//2410
f 1357//2411 1310//2411 1338//2411
f 1357//2412 1358//2412 1331//2412
f 1357//2413 1330//2413 1310//2413
f 1357//2414 1331//2414 1330//2414
f 1359//2415 1332//2415 1311//2415
f 1359//2416 1311//2416 1339//2416
f 1360//2417 1333//2417 1312//2417
f 1360//2418 1312//2418 1340//2418
f 1361//2419 1313//2419 1341//2419
f 1361//2420 1334//2420 1313//2420
f 1362//2421 1314//2421 1342//2421
f 1362//2422 1335//2422 1314//2422
f 1363//2423 1336//2423 1315//2423
f 1363//2424 1315//2424 1343//2424
f 1364//2425 1316//2425 1344//2425
f 1364//2426 1337//2426 1316//2426
f 1365//2427 1317//2427 1345//2427
f 1365//2428 1338//2428 1317//2428
f 1366//2429 1318//2429 1346//2429
f 1366//2430 1339//2430 1318//2430
f 1367//2431 1340//2431 1319//2431
f 1367//2432 1319//2432 1347//2432
f 1368//2433 1341//2433 1320//2433
f 1368//2434 1320//2434 1348//2434
f 1369//2435 1342//2435 1321//2435
f 1369//2436 1321//2436 1349//2436
f 1370//2437 1343//2437 1322//2437
f 1370//2438 1322//2438 1350//2438
f 1371//2439 1323//2439 297//2439
f 1371//2440 296//2440 294//2440
f 1371//2441 297//2441 296//2441
f 1371//2442 1344//2442 1323//2442
f 1372//2443 1345//2443 1324//2443
f 1372//2444 1324//2444 1351//2444
f 1373//2445 1346//2445 1325//2445
f 1373//2446 1325//2446 1352//2446
f 1374//2447 1347//2447 1326//2447
f 1374//2448 1326//2448 1353//2448
f 1375//2449 1348//2449 1327//2449
f 1375//2450 1327//2450 1354//2450
f 1376//2451 1328//2451 1355//2451
f 1376//2452 1349//2452 1328//2452
f 1377//2453 1350//2453 1329//2453
f 1377//2454 1329//2454 1356//2454
f 1378//2455 1332//2455 1359//2455
f 1378//2456 1351//2456 1332//2456
f 1379//2457 1352//2457 1333//2457
f 1379//2458 1333//2458 1360//2458
f 1380//2459 1353//2459 1334//2459
f 1380//2460 1334//2460 1361//2460
f 1381//2461 1354//2461 1335//2461
f 1381//2462 1335//2462 1362//2462
f 1382//2463 1336//2463 1363//2463
f 1382//2464 1355//2464 1336//2464
f 1383//2465 1356//2465 1337//2465
f 1383//2466 1337//2466 1364//2466
f 1384//2467 1358//2467 1357//2467
f 1384//2468 1357//2468 1338//2468
f 1384//2469 1338//2469 1365//2469
f 1384//2470 1385//2470 1358//2470
f 1386//2471 1359//2471 1339//2471
f 1386//2472 1339//2472 1366//2472
f 1387//2473 1360//2473 1340//2473
f 1387//2474 1340//2474 1367//2474
f 1388//2475 1341//2475 1368//2475
f 1388//2476 1361//2476 1341//2476
f 1389//2477 1362//2477 1342//2477
f 1389//2478 1342//2478 1369//2478
f 1390//2479 1363//2479 1343//2479
f 1390//2480 1343//2480 1370//2480
f 1391//2481 1364//2481 1344//2481
f 1391//2482 1344//2482 1371//2482
f 1392//2483 1365//2483 1345//2483
f 1392//2484 1345//2484 1372//2484
f 1393//2485 1346//2485 1373//2485
f 1393//2486 1366//2486 1346//2486
f 1394//2487 1347//2487 1374//2487
f 1394//2488 1367//2488 1347//2488
f 1395//2489 1348//2489 1375//2489
f 1395//2490 1368//2490 1348//2490
f 1396//2491 1349//2491 1376//2491
f 1396//2492 1369//2492 1349//2492
f 1397//2493 1350//2493 1377//2493
f 1397//2494 1370//2494 1350//2494
f 1398//2495 1372//2495 1351//2495
f 1398//2496 1351//2496 1378//2496
f 1399//2497 1352//2497 1379//2497
f 1399//2498 1373//2498 1352//2498
f 1400//2499 1374//2499 1353//2499
f 1400//2500 1353//2500 1380//2500
f 1401//2501 1375//2501 1354//2501
f 1401//2502 1354//2502 1381//2502
f 1402//2503 1376//2503 1355//2503
f 1402//2504 1355//2504 1382//2504
f 1403//2505 1377//2505 1356//2505
f 1403//2506 1356//2506 1383//2506
f 1404//2507 1359//2507 1386//2507
f 1404//2508 1378//2508 1359//2508
f 1405//2509 1379//2509 1360//2509
f 1405//2510 1360//2510 1387//2510
f 1406//2511 1380//2511 1361//2511
f 1406//2512 1361//2512 1388//2512
f 1407//2513 1381//2513 1362//2513
f 1407//2514 1362//2514 1389//2514
f 1408//2515 1382//2515 1363//2515
f 1408//2516 1363//2516 1390//2516
f 1409//2517 1364//2517 1391//2517
f 1409//2518 1383//2518 1364//2518
f 1410//2519 1384//2519 1365//2519
f 1410//2520 1385//2520 1384//2520
f 1410//2521 1411//2521 1385//2521
f 1410//2522 1365//2522 1392//2522
f 1412//2523 1386//2523 1366//2523
f 1412//2524 1366//2524 1393//2524
f 1413//2525 1367//2525 1394//2525
f 1413//2526 1387//2526 1367//2526
f 1414//2527 1388//2527 1368//2527
f 1414//2528 1368//2528 1395//2528
f 1415//2529 1369//2529 1396//2529
f 1415//2530 1389//2530 1369//2530
f 1416//2531 1390//2531 1370//2531
f 1416//2532 1370//2532 1397//2532
f 1417//2533 1371//2533 294//2533
f 1417//2534 294//2534 293//2534
f 1417//2535 1391//2535 1371//2535
f 1418//2536 1392//2536 1372//2536
f 1418//2537 1372//2537 1398//2537
f 1419//2538 1393//2538 1373//2538
f 1419//2539 1373//2539 1399//2539
f 1420//2540 1394//2540 1374//2540
f 1420//2541 1374//2541 1400//2541
f 1421//2542 1375//2542 1401//2542
f 1421//2543 1395//2543 1375//2543
f 1422//2544 1396//2544 1376//2544
f 1422//2545 1376//2545 1402//2545
f 1423//2546 1377//2546 1403//2546
f 1423//2547 1397//2547 1377//2547
f 1424//2548 1398//2548 1378//2548
f 1424//2549 1378//2549 1404//2549
f 1425//2550 1379//2550 1405//2550
f 1425//2551 1399//2551 1379//2551
f 1426//2552 1400//2552 1380//2552
f 1426//2553 1380//2553 1406//2553
f 1427//2554 1381//2554 1407//2554
f 1427//2555 1401//2555 1381//2555
f 1428//2556 1382//2556 1408//2556
f 1428//2557 1402//2557 1382//2557
f 1429//2558 1383//2558 1409//2558
f 1429//2559 1403//2559 1383//2559
f 1430//2560 1404//2560 1386//2560
f 1430//2561 1386//2561 1412//2561
f 1431//2562 1387//2562 1413//2562
f 1431//2563 1405//2563 1387//2563
f 1432//2564 1406//2564 1388//2564
f 1432//2565 1388//2565 1414//2565
f 1433//2566 1389//2566 1415//2566
f 1433//2567 1407//2567 1389//2567
f 1434//2568 1408//2568 1390//2568
f 1434//2569 1390//2569 1416//2569
f 1435//2570 1391//2570 1417//2570
f 1435//2571 1409//2571 1391//2571
f 1436//2572 1411//2572 1410//2572
f 1436//2573 1410//2573 1392//2573
f 1436//2574 1437//2574 1411//2574
f 1436//2575 1392//2575 1418//2575
f 1438//2576 1412//2576 1393//2576
f 1438//2577 1393//2577 1419//2577
f 1439//2578 1413//2578 1394//2578
f 1439//2579 1394//2579 1420//2579
f 1440//2580 1414//2580 1395//2580
f 1440//2581 1395//2581 1421//2581
f 1441//2582 1415//2582 1396//2582
f 1441//2583 1396//2583 1422//2583
f 1442//2584 1416//2584 1397//2584
f 1442//2585 1397//2585 1423//2585
f 1443//2586 293//2586 291//2586
f 1443//2587 1417//2587 293//2587
f 1444//2588 1398//2588 1424//2588
f 1444//2589 1418//2589 1398//2589
f 1445//2590 1419//2590 1399//2590
f 1445//2591 1399//2591 1425//2591
f 1446//2592 1400//2592 1426//2592
f 1446//2593 1420//2593 1400//2593
f 1447//2594 1421//2594 1401//2594
f 1447//2595 1401//2595 1427//2595
f 1448//2596 1422//2596 1402//2596
f 1448//2597 1402//2597 1428//2597
f 1449//2598 1423//2598 1403//2598
f 1449//2599 1403//2599 1429//2599
f 1450//2600 1424//2600 1404//2600
f 1450//2601 1404//2601 1430//2601
f 1451//2602 1405//2602 1431//2602
f 1451//2603 1425//2603 1405//2603
f 1452//2604 1426//2604 1406//2604
f 1452//2605 1406//2605 1432//2605
f 1453//2606 1427//2606 1407//2606
f 1453//2607 1407//2607 1433//2607
f 1454//2608 1408//2608 1434//2608
f 1454//2609 1428//2609 1408//2609
f 1455//2610 1429//2610 1409//2610
f 1455//2611 1409//2611 1435//2611
f 1456//2612 1412//2612 1438//2612
f 1456//2613 1430//2613 1412//2613
f 1457//2614 1431//2614 1413//2614
f 1457//2615 1413//2615 1439//2615
f 1458//2616 1432//2616 1414//2616
f 1458//2617 1414//2617 1440//2617
f 1459//2618 1415//2618 1441//2618
f 1459//2619 1433//2619 1415//2619
f 1460//2620 1434//2620 1416//2620
f 1460//2621 1416//2621 1442//2621
f 1461//2622 1417//2622 1443//2622
f 1461//2623 1435//2623 1417//2623
f 1462//2624 1463//2624 1437//2624
f 1462//2625 1418//2625 1444//2625
f 1462//2626 1436//2626 1418//2626
f 1462//2627 1437//2627 1436//2627
f 1464//2628 1419//2628 1445//2628
f 1464//2629 1438//2629 1419//2629
f 1465//2630 1420//2630 1446//2630
f 1465//2631 1439//2631 1420//2631
f 1466//2632 1421//2632 1447//2632
f 1466//2633 1440//2633 1421//2633
f 1467//2634 1441//2634 1422//2634
f 1467//2635 1422//2635 1448//2635
f 1468//2636 1442//2636 1423//2636
f 1468//2637 1423//2637 1449//2637
f 1469//2638 1444//2638 1424//2638
f 1469//2639 1424//2639 1450//2639
f 1470//2640 1445//2640 1425//2640
f 1470//2641 1425//2641 1451//2641
f 1471//2642 1446//2642 1426//2642
f 1471//2643 1426//2643 1452//2643
f 1472//2644 1427//2644 1453//2644
f 1472//2645 1447//2645 1427//2645
f 1473//2646 1448//2646 1428//2646
f 1473//2647 1428//2647 1454//2647
f 1474//2648 1449//2648 1429//2648
f 1474//2649 1429//2649 1455//2649
f 1475//2650 1450//2650 1430//2650
f 1475//2651 1430//2651 1456//2651
f 1476//2652 1451//2652 1431//2652
f 1476//2653 1431//2653 1457//2653
f 1477//2654 1452//2654 1432//2654
f 1477//2655 1432//2655 1458//2655
f 1478//2656 1453//2656 1433//2656
f 1478//2657 1433//2657 1459//2657
f 1479//2658 1454//2658 1434//2658
f 1479//2659 1434//2659 1460//2659
f 1480//2660 1455//2660 1435//2660
f 1480//2661 1435//2661 1461//2661
f 1481//2662 1456//2662 1438//2662
f 1481//2663 1438//2663 1464//2663
f 1482//2664 1457//2664 1439//2664
f 1482//2665 1439//2665 1465//2665
f 1483//2666 1458//2666 1440//2666
f 1483//2667 1440//2667 1466//2667
f 1484//2668 1459//2668 1441//2668
f 1484//2669 1441//2669 1467//2669
f 1485//2670 1460//2670 1442//2670
f 1485//2671 1442//2671 1468//2671
f 1486//2672 290//2672 288//2672
f 1486//2673 291//2673 290//2673
f 1486//2674 1461//2674 1443//2674
f 1486//2675 1443//2675 291//2675
f 1487//2676 1444//2676 1469//2676
f 1487//2677 1463//2677 1462//2677
f 1487//2678 1462//2678 1444//2678
f 1487//2679 1488//2679 1463//2679
f 1489//2680 1464//2680 1445//2680
f 1489//2681 1445//2681 1470//2681
f 1490//2682 1465//2682 1446//2682
f 1490//2683 1446//2683 1471//2683
f 1491//2684 1466//2684 1447//2684
f 1491//2685 1447//2685 1472//2685
f 1492//2686 1448//2686 1473//2686
f 1492//2687 1467//2687 1448//2687
f 1493//2688 1449//2688 1474//2688
f 1493//2689 1468//2689 1449//2689
f 1494//2690 1469//2690 1450//2690
f 1494//2691 1450//2691 1475//2691
f 1495//2692 1470//2692 1451//2692
f 1495//2693 1451//2693 1476//2693
f 1496//2694 1452//2694 1477//2694
f 1496//2695 1471//2695 1452//2695
f 1497//2696 1472//2696 1453//2696
f 1497//2697 1453//2697 1478//2697
f 1498//2698 1454//2698 1479//2698
f 1498//2699 1473//2699 1454//2699
f 1499//2700 1455//2700 1480//2700
f 1499//2701 1474//2701 1455//2701
f 1500//2702 1475//2702 1456//2702
f 1500//2703 1456//2703 1481//2703
f 1501//2704 1457//2704 1482//2704
f 1501//2705 1476//2705 1457//2705
f 1502//2706 1477//2706 1458//2706
f 1502//2707 1458//2707 1483//2707
f 1503//2708 1478//2708 1459//2708
f 1503//2709 1459//2709 1484//2709
f 1504//2710 1479//2710 1460//2710
f 1504//2711 1460//2711 1485//2711
f 1505//2712 1461//2712 1486//2712
f 1505//2713 1480//2713 1461//2713
f 1506//2714 1481//2714 1464//2714
f 1506//2715 1464//2715 1489//2715
f 1507//2716 1482//2716 1465//2716
f 1507//2717 1465//2717 1490//2717
f 1508//2718 1466//2718 1491//2718
f 1508//2719 1483//2719 1466//2719
f 1509//2720 1484//2720 1467//2720
f 1509//2721 1467//2721 1492//2721
f 1510//2722 1485//2722 1468//2722
f 1510//2723 1468//2723 1493//2723
f 1511//2724 1487//2724 1469//2724
f 1511//2725 1488//2725 1487//2725
f 1511//2726 1512//2726 1488//2726
f 1511//2727 1494//2727 1512//2727
f 1511//2728 1469//2728 1494//2728
f 1513//2729 1470//2729 1495//2729
f 1513//2730 1489//2730 1470//2730
f 1514//2731 1490//2731 1471//2731
f 1514//2732 1471//2732 1496//2732
f 1515//2733 1491//2733 1472//2733
f 1515//2734 1472//2734 1497//2734
f 1516//2735 1492//2735 1473//2735
f 1516//2736 1473//2736 1498//2736
f 1517//2737 1474//2737 1499//2737
f 1517//2738 1493//2738 1474//2738
f 1518//2739 1475//2739 1500//2739
f 1518//2740 1519//2740 1512//2740
f 1518//2741 1512//2741 1494//2741
f 1518//2742 1494//2742 1475//2742
f 1520//2743 1495//2743 1476//2743
f 1520//2744 1476//2744 1501//2744
f 1521//2745 1496//2745 1477//2745
f 1521//2746 1477//2746 1502//2746
f 1522//2747 1497//2747 1478//2747
f 1522//2748 1478//2748 1503//2748
f 1523//2749 1479//2749 1504//2749
f 1523//2750 1498//2750 1479//2750
f 1524//2751 1499//2751 1480//2751
f 1524//2752 1480//2752 1505//2752
f 1525//2753 1481//2753 1506//2753
f 1525//2754 1500//2754 1481//2754
f 1526//2755 1501//2755 1482//2755
f 1526//2756 1482//2756 1507//2756
f 1527//2757 1502//2757 1483//2757
f 1527//2758 1483//2758 1508//2758
f 1528//2759 1503//2759 1484//2759
f 1528//2760 1484//2760 1509//2760
f 1529//2761 1504//2761 1485//2761
f 1529//2762 1485//2762 1510//2762
f 1530//2763 288//2763 287//2763
f 1530//2764 1486//2764 288//2764
f 1530//2765 1505//2765 1486//2765
f 1531//2766 1489//2766 1513//2766
f 1531//2767 1506//2767 1489//2767
f 1532//2768 1507//2768 1490//2768
f 1532//2769 1490//2769 1514//2769
f 1533//2770 1508//2770 1491//2770
f 1533//2771 1491//2771 1515//2771
f 1534//2772 1492//2772 1516//2772
f 1534//2773 1509//2773 1492//2773
f 1535//2774 1493//2774 1517//2774
f 1535//2775 1510//2775 1493//2775
f 1536//2776 1495//2776 1520//2776
f 1536//2777 1513//2777 1495//2777
f 1537//2778 1514//2778 1496//2778
f 1537//2779 1496//2779 1521//2779
f 1538//2780 1515//2780 1497//2780
f 1538//2781 1497//2781 1522//2781
f 1539//2782 1516//2782 1498//2782
f 1539//2783 1498//2783 1523//2783
f 1540//2784 1517//2784 1499//2784
f 1540//2785 1499//2785 1524//2785
f 1541//2786 1519//2786 1518//2786
f 1541//2787 1500//2787 1525//2787
f 1541//2788 1542//2788 1543//2788
f 1541//2789 1543//2789 1519//2789
f 1541//2790 1518//2790 1500//2790
f 1544//2791 1520//2791 1501//2791
f 1544//2792 1501//2792 1526//2792
f 1545//2793 1502//2793 1527//2793
f 1545//2794 1521//2794 1502//2794
f 1546//2795 1522//2795 1503//2795
f 1546//2796 1503//2796 1528//2796
f 1547//2797 1523//2797 1504//2797
f 1547//2798 1504//2798 1529//2798
f 1548//2799 1524//2799 1505//2799
f 1548//2800 1505//2800 1530//2800
f 1549//2801 1506//2801 1531//2801
f 1549//2802 1525//2802 1506//2802
f 1550//2803 1507//2803 1532//2803
f 1550//2804 1526//2804 1507//2804
f 1551//2805 1527//2805 1508//2805
f 1551//2806 1508//2806 1533//2806
f 1552//2807 1509//2807 1534//2807
f 1552//2808 1528//2808 1509//2808
f 1553//2809 1510//2809 1535//2809
f 1553//2810 1529//2810 1510//2810
f 1554//2811 287//2811 286//2811
f 1554//2812 1530//2812 287//2812
f 1555//2813 1531//2813 1513//2813
f 1555//2814 1513//2814 1536//2814
f 1556//2815 1514//2815 1537//2815
f 1556//2816 1532//2816 1514//2816
f 1557//2817 1533//2817 1515//2817
f 1557//2818 1515//2818 1538//2818
f 1558//2819 1516//2819 1539//2819
f 1558//2820 1534//2820 1516//2820
f 1559//2821 1517//2821 1540//2821
f 1559//2822 1535//2822 1517//2822
f 1560//2823 1520//2823 1544//2823
f 1560//2824 1536//2824 1520//2824
f 1561//2825 1521//2825 1545//2825
f 1561//2826 1537//2826 1521//2826
f 1562//2827 1522//2827 1546//2827
f 1562//2828 1538//2828 1522//2828
f 1563//2829 1539//2829 1523//2829
f 1563//2830 1523//2830 1547//2830
f 1564//2831 1524//2831 1548//2831
f 1564//2832 1540//2832 1524//2832
f 1565//2833 1525//2833 1549//2833
f 1565//2834 1566//2834 1542//2834
f 1565//2835 1541//2835 1525//2835
f 1565//2836 1542//2836 1541//2836
f 1567//2837 1526//2837 1550//2837
f 1567//2838 1544//2838 1526//2838
f 1568//2839 1527//2839 1551//2839
f 1568//2840 1545//2840 1527//2840
f 1569//2841 1528//2841 1552//2841
f 1569//2842 1546//2842 1528//2842
f 1570//2843 1529//2843 1553//2843
f 1570//2844 1547//2844 1529//2844
f 1571//2845 1548//2845 1530//2845
f 1571//2846 1530//2846 1554//2846
f 1572//2847 1531//2847 1555//2847
f 1572//2848 1573//2848 1574//2848
f 1572//2849 1549//2849 1531//2849
f 1575//2850 1532//2850 1556//2850
f 1575//2851 1550//2851 1532//2851
f 1576//2852 1533//2852 1557//2852
f 1576//2853 1551//2853 1533//2853
f 1577//2854 1552//2854 1534//2854
f 1577//2855 1534//2855 1558//2855
f 1578//2856 1553//2856 1535//2856
f 1578//2857 1535//2857 1559//2857
f 1579//2858 1555//2858 1536//2858
f 1579//2859 1536//2859 1560//2859
f 1580//2860 1537//2860 1561//2860
f 1580//2861 1556//2861 1537//2861
f 1581//2862 1557//2862 1538//2862
f 1581//2863 1538//2863 1562//2863
f 1582//2864 1558//2864 1539//2864
f 1582//2865 1539//2865 1563//2865
f 1583//2866 1559//2866 1540//2866
f 1583//2867 1540//2867 1564//2867
f 1584//2868 1544//2868 1567//2868
f 1584//2869 1560//2869 1544//2869
f 1585//2870 1561//2870 1545//2870
f 1585//2871 1545//2871 1568//2871
f 1586//2872 1562//2872 1546//2872
f 1586//2873 1546//2873 1569//2873
f 1587//2874 1563//2874 1547//2874
f 1587//2875 1547//2875 1570//2875
f 1588//2876 1564//2876 1548//2876
f 1588//2877 1548//2877 1571//2877
f 1589//2878 1574//2878 1566//2878
f 1589//2879 1566//2879 1565//2879
f 1589//2880 1572//2880 1574//2880
f 1589//2881 1565//2881 1549//2881
f 1589//2882 1549//2882 1572//2882
f 1590//2883 1567//2883 1550//2883
f 1590//2884 1550//2884 1575//2884
f 1591//2885 1568//2885 1551//2885
f 1591//2886 1551//2886 1576//2886
f 1592//2887 1552//2887 1577//2887
f 1592//2888 1569//2888 1552//2888
f 1593//2889 1570//2889 1553//2889
f 1593//2890 1553//2890 1578//2890
f 1594//2891 1554//2891 286//2891
f 1594//2892 284//2892 283//2892
f 1594//2893 286//2893 284//2893
f 1594//2894 1571//2894 1554//2894
f 1595//2895 1572//2895 1555//2895
f 1595//2896 1596//2896 1573//2896
f 1595//2897 1555//2897 1579//2897
f 1595//2898 1573//2898 1572//2898
f 1597//2899 1556//2899 1580//2899
f 1597//2900 1575//2900 1556//2900
f 1598//2901 1576//2901 1557//2901
f 1598//2902 1557//2902 1581//2902
f 1599//2903 1577//2903 1558//2903
f 1599//2904 1558//2904 1582//2904
f 1600//2905 1578//2905 1559//2905
f 1600//2906 1559//2906 1583//2906
f 1601//2907 1602//2907 1603//2907
f 1601//2908 1579//2908 1560//2908
f 1601//2909 1560//2909 1584//2909
f 1604//2910 1561//2910 1585//2910
f 1604//2911 1580//2911 1561//2911
f 1605//2912 1562//2912 1586//2912
f 1605//2913 1581//2913 1562//2913
f 1606//2914 1563//2914 1587//2914
f 1606//2915 1582//2915 1563//2915
f 1607//2916 1564//2916 1588//2916
f 1607//2917 1583//2917 1564//2917
f 1608//2918 1567//2918 1590//2918
f 1608//2919 1584//2919 1567//2919
f 1609//2920 1568//2920 1591//2920
f 1609//2921 1585//2921 1568//2921
f 1610//2922 1569//2922 1592//2922
f 1610//2923 1586//2923 1569//2923
f 1611//2924 1587//2924 1570//2924
f 1611//2925 1570//2925 1593//2925
f 1612//2926 1588//2926 1571//2926
f 1612//2927 1571//2927 1594//2927
f 1613//2928 1590//2928 1575//2928
f 1613//2929 1575//2929 1597//2929
f 1614//2930 1576//2930 1598//2930
f 1614//2931 1591//2931 1576//2931
f 1615//2932 1592//2932 1577//2932
f 1615//2933 1577//2933 1599//2933
f 1616//2934 1593//2934 1578//2934
f 1616//2935 1578//2935 1600//2935
f 1617//2936 1596//2936 1595//2936
f 1617//2937 1595//2937 1579//2937
f 1617//2938 1603//2938 1596//2938
f 1617//2939 1579//2939 1601//2939
f 1617//2940 1601//2940 1603//2940
f 1618//2941 1597//2941 1580//2941
f 1618//2942 1580//2942 1604//2942
f 1619//2943 1598//2943 1581//2943
f 1619//2944 1581//2944 1605//2944
f 1620//2945 1582//2945 1606//2945
f 1620//2946 1599//2946 1582//2946
f 1621//2947 1600//2947 1583//2947
f 1621//2948 1583//2948 1607//2948
f 1622//2949 1602//2949 1601//2949
f 1622//2950 1623//2950 1602//2950
f 1622//2951 1601//2951 1584//2951
f 1622//2952 1584//2952 1608//2952
f 1624//2953 1604//2953 1585//2953
f 1624//2954 1585//2954 1609//2954
f 1625//2955 1586//2955 1610//2955
f 1625//2956 1605//2956 1586//2956
f 1626//2957 1587//2957 1611//2957
f 1626//2958 1606//2958 1587//2958
f 1627//2959 1588//2959 1612//2959
f 1627//2960 1607//2960 1588//2960
f 1628//2961 1590//2961 1613//2961
f 1628//2962 1629//2962 1630//2962
f 1628//2963 1608//2963 1590//2963
f 1631//2964 1609//2964 1591//2964
f 1631//2965 1591//2965 1614//2965
f 1632//2966 1610//2966 1592//2966
f 1632//2967 1592//2967 1615//2967
f 1633//2968 1593//2968 1616//2968
f 1633//2969 1611//2969 1593//2969
f 1634//2970 283//2970 281//2970
f 1634//2971 1594//2971 283//2971
f 1634//2972 1612//2972 1594//2972
f 1635//2973 1597//2973 1618//2973
f 1635//2974 1613//2974 1597//2974
f 1636//2975 1614//2975 1598//2975
f 1636//2976 1598//2976 1619//2976
f 1637//2977 1615//2977 1599//2977
f 1637//2978 1599//2978 1620//2978
f 1638//2979 1600//2979 1621//2979
f 1638//2980 1616//2980 1600//2980
f 1639//2981 1604//2981 1624//2981
f 1639//2982 1618//2982 1604//2982
f 1640//2983 1605//2983 1625//2983
f 1640//2984 1619//2984 1605//2984
f 1641//2985 1606//2985 1626//2985
f 1641//2986 1620//2986 1606//2986
f 1642//2987 1607//2987 1627//2987
f 1642//2988 1621//2988 1607//2988
f 1643//2989 1623//2989 1622//2989
f 1643//2990 1622//2990 1608//2990
f 1643//2991 1628//2991 1630//2991
f 1643//2992 1608//2992 1628//2992
f 1643//2993 1630//2993 1623//2993
f 1644//2994 1624//2994 1609//2994
f 1644//2995 1609//2995 1631//2995
f 1645//2996 1610//2996 1632//2996
f 1645//2997 1625//2997 1610//2997
f 1646//2998 1626//2998 1611//2998
f 1646//2999 1611//2999 1633//2999
f 1647//3000 1627//3000 1612//3000
f 1647//3001 1612//3001 1634//3001
f 1648//3002 1629//3002 1628//3002
f 1648//3003 1613//3003 1635//3003
f 1648//3004 1649//3004 1629//3004
f 1648//3005 1628//3005 1613//3005
f 1650//3006 1631//3006 1614//3006
f 1650//3007 1614//3007 1636//3007
f 1651//3008 1632//3008 1615//3008
f 1651//3009 1615//3009 1637//3009
f 1652//3010 1633//3010 1616//3010
f 1652//3011 1616//3011 1638//3011
f 1653//3012 279//3012 485//3012
f 1653//3013 281//3013 279//3013
f 1653//3014 1634//3014 281//3014
f 1654//3015 1618//3015 1639//3015
f 1654//3016 1635//3016 1618//3016
f 1654//3017 1655//3017 1656//3017
f 1657//3018 1636//3018 1619//3018
f 1657//3019 1619//3019 1640//3019
f 1658//3020 1637//3020 1620//3020
f 1658//3021 1620//3021 1641//3021
f 1659//3022 1621//3022 1642//3022
f 1659//3023 1638//3023 1621//3023
f 1660//3024 1624//3024 1644//3024
f 1660//3025 1639//3025 1624//3025
f 1661//3026 1640//3026 1625//3026
f 1661//3027 1625//3027 1645//3027
f 1662//3028 1626//3028 1646//3028
f 1662//3029 1641//3029 1626//3029
f 1663//3030 1664//3030 1665//3030
f 1663//3031 1627//3031 1647//3031
f 1663//3032 1642//3032 1627//3032
f 1666//3033 1631//3033 1650//3033
f 1666//3034 1644//3034 1631//3034
f 1667//3035 1645//3035 1632//3035
f 1667//3036 1632//3036 1651//3036
f 1668//3037 1646//3037 1633//3037
f 1668//3038 1633//3038 1652//3038
f 1669//3039 485//3039 1670//3039
f 1669//3040 1670//3040 1671//3040
f 1669//3041 1647//3041 1634//3041
f 1669//3042 1653//3042 485//3042
f 1669//3043 1634//3043 1653//3043
f 1672//3044 1656//3044 1649//3044
f 1672//3045 1648//3045 1635//3045
f 1672//3046 1649//3046 1648//3046
f 1672//3047 1654//3047 1656//3047
f 1672//3048 1635//3048 1654//3048
f 1673//3049 1650//3049 1636//3049
f 1673//3050 1636//3050 1657//3050
f 1674//3051 1637//3051 1658//3051
f 1674//3052 1651//3052 1637//3052
f 1675//3053 1676//3053 1677//3053
f 1675//3054 1652//3054 1638//3054
f 1675//3055 1638//3055 1659//3055
f 1678//3056 1654//3056 1639//3056
f 1678//3057 1679//3057 1680//3057
f 1678//3058 1680//3058 1655//3058
f 1678//3059 1655//3059 1654//3059
f 1678//3060 1660//3060 1679//3060
f 1678//3061 1639//3061 1660//3061
f 1681//3062 1657//3062 1640//3062
f 1681//3063 1640//3063 1661//3063
f 1682//3064 1641//3064 1662//3064
f 1682//3065 1658//3065 1641//3065
f 1683//3066 1642//3066 1663//3066
f 1683//3067 1665//3067 1684//3067
f 1683//3068 1684//3068 1685//3068
f 1683//3069 1663//3069 1665//3069
f 1683//3070 1659//3070 1642//3070
f 1686//3071 1644//3071 1666//3071
f 1686//3072 1687//3072 1688//3072
f 1686//3073 1688//3073 1679//3073
f 1686//3074 1660//3074 1644//3074
f 1686//3075 1679//3075 1660//3075
f 1689//3076 1661//3076 1645//3076
f 1689//3077 1690//3077 1691//3077
f 1689//3078 1645//3078 1667//3078
f 1692//3079 1662//3079 1646//3079
f 1692//3080 1693//3080 1694//3080
f 1692//3081 1646//3081 1668//3081
f 1695//3082 1671//3082 1664//3082
f 1695//3083 1663//3083 1647//3083
f 1695//3084 1669//3084 1671//3084
f 1695//3085 1647//3085 1669//3085
f 1695//3086 1664//3086 1663//3086
f 1696//3087 1697//3087 1698//3087
f 1696//3088 1666//3088 1650//3088
f 1696//3089 1650//3089 1673//3089
f 1699//3090 1667//3090 1651//3090
f 1699//3091 1651//3091 1674//3091
f 1700//3092 1677//3092 1701//3092
f 1700//3093 1701//3093 1702//3093
f 1700//3094 1668//3094 1652//3094
f 1700//3095 1652//3095 1675//3095
f 1700//3096 1675//3096 1677//3096
f 1703//3097 1704//3097 1673//3097
f 1703//3098 1673//3098 1657//3098
f 1703//3099 1705//3099 1704//3099
f 1703//3100 1657//3100 1681//3100
f 1706//3101 1707//3101 1708//3101
f 1706//3102 1674//3102 1658//3102
f 1706//3103 1658//3103 1682//3103
f 1709//3104 1685//3104 1676//3104
f 1709//3105 1675//3105 1659//3105
f 1709//3106 1683//3106 1685//3106
f 1709//3107 1659//3107 1683//3107
f 1709//3108 1676//3108 1675//3108
f 1710//3109 1691//3109 1711//3109
f 1710//3110 1661//3110 1689//3110
f 1710//3111 1689//3111 1691//3111
f 1710//3112 1681//3112 1661//3112
f 1712//3113 1662//3113 1692//3113
f 1712//3114 1694//3114 1713//3114
f 1712//3115 1713//3115 1714//3115
f 1712//3116 1682//3116 1662//3116
f 1712//3117 1692//3117 1694//3117
f 1712//3118 1714//3118 1682//3118
f 1715//3119 1698//3119 1687//3119
f 1715//3120 1687//3120 1686//3120
f 1715//3121 1696//3121 1698//3121
f 1715//3122 1666//3122 1696//3122
f 1715//3123 1686//3123 1666//3123
f 1716//3124 1689//3124 1667//3124
f 1716//3125 1717//3125 1718//3125
f 1716//3126 1718//3126 1690//3126
f 1716//3127 1667//3127 1699//3127
f 1716//3128 1690//3128 1689//3128
f 1716//3129 1699//3129 1717//3129
f 1719//3130 1702//3130 1693//3130
f 1719//3131 1693//3131 1692//3131
f 1719//3132 1692//3132 1668//3132
f 1719//3133 1668//3133 1700//3133
f 1719//3134 1700//3134 1702//3134
f 1720//3135 1696//3135 1673//3135
f 1720//3136 1673//3136 1704//3136
f 1720//3137 1704//3137 1697//3137
f 1720//3138 1697//3138 1696//3138
f 1721//3139 1708//3139 1722//3139
f 1721//3140 1722//3140 1717//3140
f 1721//3141 1717//3141 1699//3141
f 1721//3142 1699//3142 1674//3142
f 1721//3143 1674//3143 1706//3143
f 1721//3144 1706//3144 1708//3144
f 1723//3145 1710//3145 1711//3145
f 1723//3146 1711//3146 1724//3146
f 1723//3147 1724//3147 1705//3147
f 1723//3148 1705//3148 1703//3148
f 1723//3149 1703//3149 1681//3149
f 1723//3150 1681//3150 1710//3150
f 1725//3151 1714//3151 1707//3151
f 1725//3152 1707//3152 1706//3152
f 1725//3153 1706//3153 1682//3153
f 1725//3154 1682//3154 1714//3154
f 355//3155 1726//3155 422//3155
f 422//3156 1726//3156 1727//3156
f 1727//3157 1728//3157 1729//3157
f 1726//3158 1728//3158 1727//3158
f 1729//3159 1730//3159 1731//3159
f 1728//3160 1730//3160 1729//3160
f 1731//3161 1732//3161 1733//3161
f 1733//3162 1732//3162 1734//3162
f 1730//3163 1732//3163 1731//3163
f 1732//3164 1735//3164 1734//3164
f 1734//3165 1736//3165 1737//3165
f 1735//3166 1736//3166 1734//3166
f 1737//3167 1738//3167 1739//3167
f 1736//3168 1738//3168 1737//3168
f 1739//3169 1740//3169 1741//3169
f 1738//3170 1740//3170 1739//3170
f 1741//3171 1742//3171 1743//3171
f 1740//3172 1742//3172 1741//3172
f 1743//3173 1744//3173 1745//3173
f 1742//3174 1744//3174 1743//3174
f 1745//3175 1746//3175 1747//3175
f 1744//3176 1746//3176 1745//3176
f 1747//3177 1748//3177 1749//3177
f 1749//3178 1748//3178 1750//3178
f 1746//3179 1748//3179 1747//3179
f 1748//3180 1751//3180 1750//3180
f 1750//3181 1752//3181 1753//3181
f 1751//3182 1752//3182 1750//3182
f 1753//3183 1754//3183 1755//3183
f 1755//3184 1754//3184 1756//3184
f 1752//3185 1754//3185 1753//3185
f 1756//3186 1757//3186 1758//3186
f 1754//3187 1757//3187 1756//3187
f 1757//3188 1759//3188 1758//3188
f 1758//3189 1760//3189 1761//3189
f 1759//3190 1760//3190 1758//3190
f 1761//3191 1762//3191 1763//3191
f 1760//3192 1762//3192 1761//3192
f 1763//3193 1764//3193 1765//3193
f 1762//3194 1764//3194 1763//3194
f 1764//3195 1766//3195 1765//3195
f 1765//3196 1766//3196 1767//3196
f 1767//3197 1766//3197 1768//3197
f 1766//3198 1769//3198 1768//3198
f 1769//3199 1770//3199 1768//3199
f 1768//3200 1770//3200 1771//3200
f 1771//3201 1770//3201 1772//3201
f 1770//3202 1773//3202 1772//3202
f 1772//3203 1773//3203 1774//3203
f 1773//3204 1775//3204 1774//3204
f 1774//3205 1776//3205 1777//3205
f 1775//3206 1776//3206 1774//3206
f 1777//3207 1778//3207 1779//3207
f 1779//3208 1778//3208 1780//3208
f 1776//3209 1778//3209 1777//3209
f 1778//3210 1781//3210 1780//3210
f 1780//3211 1782//3211 1783//3211
f 1781//3212 1782//3212 1780//3212
f 1783//3213 1784//3213 1785//3213
f 1785//3214 1784//3214 1786//3214
f 1782//3215 1784//3215 1783//3215
f 1784//3216 1787//3216 1786//3216
f 1786//3217 1788//3217 1789//3217
f 1789//3218 1788//3218 1790//3218
f 1787//3219 1788//3219 1786//3219
f 1788//3220 1791//3220 1790//3220
f 1790//3221 1792//3221 1793//3221
f 1791//3222 1792//3222 1790//3222
f 1793//3223 1794//3223 1795//3223
f 1795//3224 1794//3224 1796//3224
f 1792//3225 1794//3225 1793//3225
f 1796//3226 1797//3226 1798//3226
f 1794//3227 1797//3227 1796//3227
f 1797//3228 1799//3228 1798//3228
f 1798//3229 1800//3229 1801//3229
f 1799//3230 1800//3230 1798//3230
f 1801//3231 1802//3231 1803//3231
f 1800//3232 1802//3232 1801//3232
f 1803//3233 1804//3233 1805//3233
f 1802//3234 1804//3234 1803//3234
f 1805//3235 1806//3235 1807//3235
f 1804//3236 1806//3236 1805//3236
f 1807//3237 1808//3237 1809//3237
f 1806//3238 1808//3238 1807//3238
f 1809//3239 1810//3239 1811//3239
f 1808//3240 1810//3240 1809//3240
f 1811//3241 1812//3241 1813//3241
f 1810//3242 1812//3242 1811//3242
f 1813//3243 1814//3243 1815//3243
f 1812//3244 1814//3244 1813//3244
f 1814//3245 1816//3245 1815//3245
f 1815//3246 1816//3246 1817//3246
f 1816//3247 1818//3247 1817//3247
f 1817//3248 1818//3248 1819//3248
f 1818//3249 1820//3249 1819//3249
f 1819//3250 1820//3250 1821//3250
f 1820//3251 1822//3251 1821//3251
f 1821//3252 1822//3252 1823//3252
f 1822//3253 1824//3253 1823//3253
f 1823//3254 1824//3254 1825//3254
f 1824//3255 1826//3255 1825//3255
f 1825//3256 1826//3256 1827//3256
f 1826//3257 1828//3257 1827//3257
f 1827//3258 1828//3258 1829//3258
f 1828//3259 1830//3259 1829//3259
f 1829//3260 1830//3260 1831//3260
f 1830//3261 1832//3261 1831//3261
f 1831//3262 1832//3262 1833//3262
f 1832//3263 1834//3263 1833//3263
f 1833//3264 1834//3264 1835//3264
f 1834//3265 1836//3265 1835//3265
f 1835//3266 1836//3266 1837//3266
f 1836//3267 1838//3267 1837//3267
f 1837//3268 1838//3268 1839//3268
f 1838//3269 1840//3269 1839//3269
f 1839//3270 1840//3270 1841//3270
f 485//3271 220//3271 219//3271
f 485//3272 219//3272 1842//3272
f 1670//3273 1842//3273 1843//3273
f 1670//3274 485//3274 1842//3274
f 1671//3275 1843//3275 1844//3275
f 1671//3276 1670//3276 1843//3276
f 1664//3277 1844//3277 1845//3277
f 1664//3278 1845//3278 1846//3278
f 1664//3279 1671//3279 1844//3279
f 1665//3280 1664//3280 1846//3280
f 1684//3281 1846//3281 1847//3281
f 1684//3282 1665//3282 1846//3282
f 1685//3283 1847//3283 1848//3283
f 1685//3284 1684//3284 1847//3284
f 1676//3285 1848//3285 1849//3285
f 1676//3286 1685//3286 1848//3286
f 1677//3287 1849//3287 1850//3287
f 1677//3288 1676//3288 1849//3288
f 1701//3289 1850//3289 1851//3289
f 1701//3290 1677//3290 1850//3290
f 1702//3291 1851//3291 1852//3291
f 1702//3292 1701//3292 1851//3292
f 1693//3293 1852//3293 1853//3293
f 1693//3294 1853//3294 1854//3294
f 1693//3295 1702//3295 1852//3295
f 1694//3296 1693//3296 1854//3296
f 1713//3297 1854//3297 1855//3297
f 1713//3298 1694//3298 1854//3298
f 1714//3299 1855//3299 1856//3299
f 1714//3300 1856//3300 1857//3300
f 1714//3301 1713//3301 1855//3301
f 1707//3302 1857//3302 1858//3302
f 1707//3303 1714//3303 1857//3303
f 1708//3304 1707//3304 1858//3304
f 1722//3305 1858//3305 1859//3305
f 1722//3306 1708//3306 1858//3306
f 1717//3307 1859//3307 1860//3307
f 1717//3308 1722//3308 1859//3308
f 1718//3309 1860//3309 1861//3309
f 1718//3310 1717//3310 1860//3310
f 1690//3311 1718//3311 1861//3311
f 1690//3312 1861//3312 1862//3312
f 1690//3313 1862//3313 1863//3313
f 1691//3314 1690//3314 1863//3314
f 1711//3315 1691//3315 1863//3315
f 1711//3316 1863//3316 1864//3316
f 1711//3317 1864//3317 1865//3317
f 1724//3318 1711//3318 1865//3318
f 1724//3319 1865//3319 1866//3319
f 1705//3320 1724//3320 1866//3320
f 1704//3321 1866//3321 1867//3321
f 1704//3322 1705//3322 1866//3322
f 1697//3323 1867//3323 1868//3323
f 1697//3324 1868//3324 1869//3324
f 1697//3325 1704//3325 1867//3325
f 1698//3326 1697//3326 1869//3326
f 1687//3327 1869//3327 1870//3327
f 1687//3328 1698//3328 1869//3328
f 1688//3329 1870//3329 1871//3329
f 1688//3330 1871//3330 1872//3330
f 1688//3331 1687//3331 1870//3331
f 1679//3332 1688//3332 1872//3332
f 1680//3333 1872//3333 1873//3333
f 1680//3334 1873//3334 1874//3334
f 1680//3335 1679//3335 1872//3335
f 1655//3336 1680//3336 1874//3336
f 1656//3337 1874//3337 1875//3337
f 1656//3338 1655//3338 1874//3338
f 1649//3339 1875//3339 1876//3339
f 1649//3340 1876//3340 1877//3340
f 1649//3341 1656//3341 1875//3341
f 1629//3342 1877//3342 1878//3342
f 1629//3343 1649//3343 1877//3343
f 1630//3344 1629//3344 1878//3344
f 1623//3345 1878//3345 1879//3345
f 1623//3346 1630//3346 1878//3346
f 1602//3347 1879//3347 1880//3347
f 1602//3348 1623//3348 1879//3348
f 1603//3349 1880//3349 1881//3349
f 1603//3350 1602//3350 1880//3350
f 1596//3351 1881//3351 1882//3351
f 1596//3352 1603//3352 1881//3352
f 1573//3353 1882//3353 1883//3353
f 1573//3354 1596//3354 1882//3354
f 1574//3355 1883//3355 1884//3355
f 1574//3356 1573//3356 1883//3356
f 1566//3357 1884//3357 1885//3357
f 1566//3358 1574//3358 1884//3358
f 1542//3359 1885//3359 1886//3359
f 1542//3360 1566//3360 1885//3360
f 1543//3361 1542//3361 1886//3361
f 1543//3362 1886//3362 1887//3362
f 1519//3363 1543//3363 1887//3363
f 1519//3364 1887//3364 1888//3364
f 1512//3365 1519//3365 1888//3365
f 1512//3366 1888//3366 1889//3366
f 1488//3367 1512//3367 1889//3367
f 1488//3368 1889//3368 1890//3368
f 1463//3369 1488//3369 1890//3369
f 1463//3370 1890//3370 1891//3370
f 1437//3371 1463//3371 1891//3371
f 1437//3372 1891//3372 1892//3372
f 1411//3373 1437//3373 1892//3373
f 1411//3374 1892//3374 1893//3374
f 1385//3375 1411//3375 1893//3375
f 1385//3376 1893//3376 1894//3376
f 1358//3377 1385//3377 1894//3377
f 1358//3378 1894//3378 1895//3378
f 1331//3379 1358//3379 1895//3379
f 1331//3380 1895//3380 1896//3380
f 1303//3381 1331//3381 1896//3381
f 1303//3382 1896//3382 1897//3382
f 482//3383 1303//3383 1897//3383
f 482//3384 1897//3384 1898//3384
f 483//3385 482//3385 1898//3385
f 483//3386 1898//3386 1899//3386
f 1840//3387 483//3387 1899//3387
f 1840//3388 1899//3388 1841//3388
f 479//3389 1900//3389 480//3389
f 1839//3390 1841//3390 1901//3390
f 1727//3391 423//3391 422//3391
f 1902//3392 1903//3392 1900//3392
f 1902//3393 1900//3393 479//3393
f 1904//3394 1902//3394 479//3394
f 1904//3395 479//3395 478//3395
f 1905//3396 1902//3396 1904//3396
f 1905//3397 1906//3397 1903//3397
f 1905//3398 1903//3398 1902//3398
f 1907//3399 478//3399 477//3399
f 1907//3400 1904//3400 478//3400
f 1908//3401 1909//3401 1906//3401
f 1908//3402 1910//3402 1909//3402
f 1908//3403 1906//3403 1905//3403
f 1911//3404 1905//3404 1904//3404
f 1911//3405 1904//3405 1907//3405
f 1912//3406 477//3406 476//3406
f 1912//3407 1907//3407 477//3407
f 1913//3408 1905//3408 1911//3408
f 1913//3409 1908//3409 1905//3409
f 1914//3410 1911//3410 1907//3410
f 1914//3411 1907//3411 1912//3411
f 1915//3412 476//3412 475//3412
f 1915//3413 1912//3413 476//3413
f 1916//3414 1908//3414 1913//3414
f 1916//3415 1917//3415 1910//3415
f 1916//3416 1910//3416 1908//3416
f 1918//3417 1911//3417 1914//3417
f 1918//3418 1913//3418 1911//3418
f 1919//3419 1912//3419 1915//3419
f 1919//3420 1914//3420 1912//3420
f 1920//3421 1921//3421 1917//3421
f 1920//3422 1917//3422 1916//3422
f 1920//3423 1922//3423 1921//3423
f 1923//3424 1915//3424 475//3424
f 1923//3425 475//3425 474//3425
f 1924//3426 1916//3426 1913//3426
f 1924//3427 1913//3427 1918//3427
f 1925//3428 1918//3428 1914//3428
f 1925//3429 1914//3429 1919//3429
f 1926//3430 1919//3430 1915//3430
f 1926//3431 1915//3431 1923//3431
f 1927//3432 1920//3432 1916//3432
f 1927//3433 1916//3433 1924//3433
f 1928//3434 474//3434 473//3434
f 1928//3435 1923//3435 474//3435
f 1929//3436 1918//3436 1925//3436
f 1929//3437 1924//3437 1918//3437
f 1930//3438 1925//3438 1919//3438
f 1930//3439 1919//3439 1926//3439
f 1931//3440 1922//3440 1920//3440
f 1931//3441 1932//3441 1922//3441
f 1931//3442 1920//3442 1927//3442
f 1933//3443 1926//3443 1923//3443
f 1933//3444 1923//3444 1928//3444
f 1934//3445 1927//3445 1924//3445
f 1934//3446 1924//3446 1929//3446
f 1935//3447 473//3447 472//3447
f 1935//3448 1928//3448 473//3448
f 1936//3449 1925//3449 1930//3449
f 1936//3450 1929//3450 1925//3450
f 1937//3451 1932//3451 1931//3451
f 1937//3452 1938//3452 1932//3452
f 1937//3453 1939//3453 1938//3453
f 1940//3454 1930//3454 1926//3454
f 1940//3455 1926//3455 1933//3455
f 1941//3456 1931//3456 1927//3456
f 1941//3457 1927//3457 1934//3457
f 1942//3458 1928//3458 1935//3458
f 1942//3459 1933//3459 1928//3459
f 1943//3460 1934//3460 1929//3460
f 1943//3461 1929//3461 1936//3461
f 1944//3462 472//3462 471//3462
f 1944//3463 1935//3463 472//3463
f 1945//3464 1936//3464 1930//3464
f 1945//3465 1930//3465 1940//3465
f 1946//3466 1937//3466 1931//3466
f 1946//3467 1931//3467 1941//3467
f 1947//3468 1940//3468 1933//3468
f 1947//3469 1933//3469 1942//3469
f 1948//3470 1941//3470 1934//3470
f 1948//3471 1934//3471 1943//3471
f 1949//3472 1942//3472 1935//3472
f 1949//3473 1935//3473 1944//3473
f 1950//3474 1936//3474 1945//3474
f 1950//3475 1943//3475 1936//3475
f 1951//3476 471//3476 470//3476
f 1951//3477 1944//3477 471//3477
f 1952//3478 1953//3478 1939//3478
f 1952//3479 1939//3479 1937//3479
f 1952//3480 1937//3480 1946//3480
f 1954//3481 1940//3481 1947//3481
f 1954//3482 1945//3482 1940//3482
f 1955//3483 1946//3483 1941//3483
f 1955//3484 1941//3484 1948//3484
f 1956//3485 1942//3485 1949//3485
f 1956//3486 1947//3486 1942//3486
f 1957//3487 1943//3487 1950//3487
f 1957//3488 1948//3488 1943//3488
f 1958//3489 1944//3489 1951//3489
f 1958//3490 1949//3490 1944//3490
f 1959//3491 1960//3491 1953//3491
f 1959//3492 1961//3492 1960//3492
f 1959//3493 1953//3493 1952//3493
f 1962//3494 1950//3494 1945//3494
f 1962//3495 1945//3495 1954//3495
f 1963//3496 1952//3496 1946//3496
f 1963//3497 1946//3497 1955//3497
f 1964//3498 1947//3498 1956//3498
f 1964//3499 1954//3499 1947//3499
f 1965//3500 1955//3500 1948//3500
f 1965//3501 1948//3501 1957//3501
f 1966//3502 1949//3502 1958//3502
f 1966//3503 1956//3503 1949//3503
f 1967//3504 1957//3504 1950//3504
f 1967//3505 1950//3505 1962//3505
f 1968//3506 1951//3506 470//3506
f 1968//3507 470//3507 469//3507
f 1968//3508 1958//3508 1951//3508
f 1969//3509 1952//3509 1963//3509
f 1969//3510 1959//3510 1952//3510
f 1970//3511 1954//3511 1964//3511
f 1970//3512 1962//3512 1954//3512
f 1971//3513 1963//3513 1955//3513
f 1971//3514 1955//3514 1965//3514
f 1972//3515 1964//3515 1956//3515
f 1972//3516 1956//3516 1966//3516
f 1973//3517 1957//3517 1967//3517
f 1973//3518 1965//3518 1957//3518
f 1974//3519 1966//3519 1958//3519
f 1974//3520 1958//3520 1968//3520
f 1975//3521 1961//3521 1959//3521
f 1975//3522 1976//3522 1961//3522
f 1975//3523 1959//3523 1969//3523
f 1977//3524 1967//3524 1962//3524
f 1977//3525 1962//3525 1970//3525
f 1978//3526 469//3526 468//3526
f 1978//3527 1968//3527 469//3527
f 1979//3528 1963//3528 1971//3528
f 1979//3529 1969//3529 1963//3529
f 1980//3530 1970//3530 1964//3530
f 1980//3531 1964//3531 1972//3531
f 1981//3532 1971//3532 1965//3532
f 1981//3533 1965//3533 1973//3533
f 1982//3534 1972//3534 1966//3534
f 1982//3535 1966//3535 1974//3535
f 1983//3536 1984//3536 1976//3536
f 1983//3537 1976//3537 1975//3537
f 1985//3538 1967//3538 1977//3538
f 1985//3539 1973//3539 1967//3539
f 1986//3540 1968//3540 1978//3540
f 1986//3541 1974//3541 1968//3541
f 1987//3542 1975//3542 1969//3542
f 1987//3543 1969//3543 1979//3543
f 1988//3544 1977//3544 1970//3544
f 1988//3545 1970//3545 1980//3545
f 1989//3546 468//3546 467//3546
f 1989//3547 1978//3547 468//3547
f 1990//3548 1979//3548 1971//3548
f 1990//3549 1971//3549 1981//3549
f 1991//3550 1980//3550 1972//3550
f 1991//3551 1972//3551 1982//3551
f 1992//3552 1973//3552 1985//3552
f 1992//3553 1981//3553 1973//3553
f 1993//3554 1974//3554 1986//3554
f 1993//3555 1982//3555 1974//3555
f 1994//3556 1983//3556 1975//3556
f 1994//3557 1975//3557 1987//3557
f 1995//3558 1977//3558 1988//3558
f 1995//3559 1985//3559 1977//3559
f 1996//3560 1986//3560 1978//3560
f 1996//3561 1978//3561 1989//3561
f 1997//3562 1987//3562 1979//3562
f 1997//3563 1979//3563 1990//3563
f 1998//3564 1988//3564 1980//3564
f 1998//3565 1980//3565 1991//3565
f 1999//3566 467//3566 466//3566
f 1999//3567 1989//3567 467//3567
f 2000//3568 1990//3568 1981//3568
f 2000//3569 1981//3569 1992//3569
f 2001//3570 1991//3570 1982//3570
f 2001//3571 1982//3571 1993//3571
f 2002//3572 2003//3572 1984//3572
f 2002//3573 2004//3573 2003//3573
f 2002//3574 1984//3574 1983//3574
f 2002//3575 1983//3575 1994//3575
f 2005//3576 1992//3576 1985//3576
f 2005//3577 1985//3577 1995//3577
f 2006//3578 1993//3578 1986//3578
f 2006//3579 1986//3579 1996//3579
f 2007//3580 1987//3580 1997//3580
f 2007//3581 1994//3581 1987//3581
f 2008//3582 1988//3582 1998//3582
f 2008//3583 1995//3583 1988//3583
f 2009//3584 1996//3584 1989//3584
f 2009//3585 1989//3585 1999//3585
f 2010//3586 1997//3586 1990//3586
f 2010//3587 1990//3587 2000//3587
f 2011//3588 1998//3588 1991//3588
f 2011//3589 1991//3589 2001//3589
f 2012//3590 2013//3590 2004//3590
f 2012//3591 2004//3591 2002//3591
f 2014//3592 2000//3592 1992//3592
f 2014//3593 1992//3593 2005//3593
f 2015//3594 1993//3594 2006//3594
f 2015//3595 2001//3595 1993//3595
f 2016//3596 1994//3596 2007//3596
f 2016//3597 2002//3597 1994//3597
f 2017//3598 2005//3598 1995//3598
f 2017//3599 1995//3599 2008//3599
f 2018//3600 2006//3600 1996//3600
f 2018//3601 1996//3601 2009//3601
f 2019//3602 1997//3602 2010//3602
f 2019//3603 2007//3603 1997//3603
f 2020//3604 2008//3604 1998//3604
f 2020//3605 1998//3605 2011//3605
f 2021//3606 2009//3606 1999//3606
f 2021//3607 466//3607 465//3607
f 2021//3608 1999//3608 466//3608
f 2022//3609 2010//3609 2000//3609
f 2022//3610 2000//3610 2014//3610
f 2023//3611 2001//3611 2015//3611
f 2023//3612 2011//3612 2001//3612
f 2024//3613 2002//3613 2016//3613
f 2024//3614 2012//3614 2002//3614
f 2025//3615 2014//3615 2005//3615
f 2025//3616 2005//3616 2017//3616
f 2026//3617 2015//3617 2006//3617
f 2026//3618 2006//3618 2018//3618
f 2027//3619 2007//3619 2019//3619
f 2027//3620 2016//3620 2007//3620
f 2028//3621 2008//3621 2020//3621
f 2028//3622 2017//3622 2008//3622
f 2029//3623 2009//3623 2021//3623
f 2029//3624 2018//3624 2009//3624
f 2030//3625 2019//3625 2010//3625
f 2030//3626 2010//3626 2022//3626
f 2031//3627 2011//3627 2023//3627
f 2031//3628 2020//3628 2011//3628
f 2032//3629 465//3629 464//3629
f 2032//3630 2021//3630 465//3630
f 2033//3631 2034//3631 2013//3631
f 2033//3632 2013//3632 2012//3632
f 2033//3633 2012//3633 2024//3633
f 2035//3634 2014//3634 2025//3634
f 2035//3635 2022//3635 2014//3635
f 2036//3636 2023//3636 2015//3636
f 2036//3637 2015//3637 2026//3637
f 2037//3638 2016//3638 2027//3638
f 2037//3639 2024//3639 2016//3639
f 2038//3640 2025//3640 2017//3640
f 2038//3641 2017//3641 2028//3641
f 2039//3642 2026//3642 2018//3642
f 2039//3643 2018//3643 2029//3643
f 2040//3644 2019//3644 2030//3644
f 2040//3645 2027//3645 2019//3645
f 2041//3646 2028//3646 2020//3646
f 2041//3647 2020//3647 2031//3647
f 2042//3648 2029//3648 2021//3648
f 2042//3649 2021//3649 2032//3649
f 2043//3650 2044//3650 2034//3650
f 2043//3651 2045//3651 2044//3651
f 2043//3652 2034//3652 2033//3652
f 2046//3653 2030//3653 2022//3653
f 2046//3654 2022//3654 2035//3654
f 2047//3655 2031//3655 2023//3655
f 2047//3656 2023//3656 2036//3656
f 2048//3657 464//3657 463//3657
f 2048//3658 2032//3658 464//3658
f 2049//3659 2033//3659 2024//3659
f 2049//3660 2024//3660 2037//3660
f 2050//3661 2035//3661 2025//3661
f 2050//3662 2025//3662 2038//3662
f 2051//3663 2026//3663 2039//3663
f 2051//3664 2036//3664 2026//3664
f 2052//3665 2037//3665 2027//3665
f 2052//3666 2027//3666 2040//3666
f 2053//3667 2028//3667 2041//3667
f 2053//3668 2038//3668 2028//3668
f 2054//3669 2029//3669 2042//3669
f 2054//3670 2039//3670 2029//3670
f 2055//3671 2030//3671 2046//3671
f 2055//3672 2040//3672 2030//3672
f 2056//3673 2041//3673 2031//3673
f 2056//3674 2031//3674 2047//3674
f 2057//3675 2032//3675 2048//3675
f 2057//3676 2042//3676 2032//3676
f 2058//3677 2043//3677 2033//3677
f 2058//3678 2033//3678 2049//3678
f 2059//3679 2046//3679 2035//3679
f 2059//3680 2035//3680 2050//3680
f 2060//3681 2047//3681 2036//3681
f 2060//3682 2036//3682 2051//3682
f 2061//3683 2048//3683 463//3683
f 2061//3684 463//3684 462//3684
f 2062//3685 2049//3685 2037//3685
f 2062//3686 2037//3686 2052//3686
f 2063//3687 2038//3687 2053//3687
f 2063//3688 2050//3688 2038//3688
f 2064//3689 2039//3689 2054//3689
f 2064//3690 2051//3690 2039//3690
f 2065//3691 2040//3691 2055//3691
f 2065//3692 2052//3692 2040//3692
f 2066//3693 2041//3693 2056//3693
f 2066//3694 2053//3694 2041//3694
f 2067//3695 2054//3695 2042//3695
f 2067//3696 2042//3696 2057//3696
f 2068//3697 2069//3697 2045//3697
f 2068//3698 2043//3698 2058//3698
f 2068//3699 2045//3699 2043//3699
f 2070//3700 2046//3700 2059//3700
f 2070//3701 2055//3701 2046//3701
f 2071//3702 2056//3702 2047//3702
f 2071//3703 2047//3703 2060//3703
f 2072//3704 2057//3704 2048//3704
f 2072//3705 2048//3705 2061//3705
f 2073//3706 2049//3706 2062//3706
f 2073//3707 2058//3707 2049//3707
f 2074//3708 2059//3708 2050//3708
f 2074//3709 2050//3709 2063//3709
f 2075//3710 2051//3710 2064//3710
f 2075//3711 2060//3711 2051//3711
f 2076//3712 2062//3712 2052//3712
f 2076//3713 2052//3713 2065//3713
f 2077//3714 2063//3714 2053//3714
f 2077//3715 2053//3715 2066//3715
f 2078//3716 2064//3716 2054//3716
f 2078//3717 2054//3717 2067//3717
f 2079//3718 2080//3718 2069//3718
f 2079//3719 2081//3719 2080//3719
f 2079//3720 2069//3720 2068//3720
f 2082//3721 2065//3721 2055//3721
f 2082//3722 2055//3722 2070//3722
f 2083//3723 2066//3723 2056//3723
f 2083//3724 2056//3724 2071//3724
f 2084//3725 2057//3725 2072//3725
f 2084//3726 2067//3726 2057//3726
f 2085//3727 2068//3727 2058//3727
f 2085//3728 2058//3728 2073//3728
f 2086//3729 2070//3729 2059//3729
f 2086//3730 2059//3730 2074//3730
f 2087//3731 2071//3731 2060//3731
f 2087//3732 2060//3732 2075//3732
f 2088//3733 462//3733 461//3733
f 2088//3734 2061//3734 462//3734
f 2088//3735 2072//3735 2061//3735
f 2089//3736 2073//3736 2062//3736
f 2089//3737 2062//3737 2076//3737
f 2090//3738 2074//3738 2063//3738
f 2090//3739 2063//3739 2077//3739
f 2091//3740 2064//3740 2078//3740
f 2091//3741 2075//3741 2064//3741
f 2092//3742 2076//3742 2065//3742
f 2092//3743 2065//3743 2082//3743
f 2093//3744 2077//3744 2066//3744
f 2093//3745 2066//3745 2083//3745
f 2094//3746 2067//3746 2084//3746
f 2094//3747 2078//3747 2067//3747
f 2095//3748 2079//3748 2068//3748
f 2095//3749 2068//3749 2085//3749
f 2096//3750 2070//3750 2086//3750
f 2096//3751 2082//3751 2070//3751
f 2097//3752 2083//3752 2071//3752
f 2097//3753 2071//3753 2087//3753
f 2098//3754 2084//3754 2072//3754
f 2098//3755 2072//3755 2088//3755
f 2099//3756 2073//3756 2089//3756
f 2099//3757 2085//3757 2073//3757
f 2100//3758 2086//3758 2074//3758
f 2100//3759 2074//3759 2090//3759
f 2101//3760 2087//3760 2075//3760
f 2101//3761 2075//3761 2091//3761
f 2102//3762 2088//3762 461//3762
f 2102//3763 461//3763 460//3763
f 2103//3764 2089//3764 2076//3764
f 2103//3765 2076//3765 2092//3765
f 2104//3766 2090//3766 2077//3766
f 2104//3767 2077//3767 2093//3767
f 2105//3768 2078//3768 2094//3768
f 2105//3769 2091//3769 2078//3769
f 2106//3770 2081//3770 2079//3770
f 2106//3771 2107//3771 2081//3771
f 2106//3772 2079//3772 2095//3772
f 2108//3773 2092//3773 2082//3773
f 2108//3774 2082//3774 2096//3774
f 2109//3775 2093//3775 2083//3775
f 2109//3776 2083//3776 2097//3776
f 2110//3777 2094//3777 2084//3777
f 2110//3778 2084//3778 2098//3778
f 2111//3779 2085//3779 2099//3779
f 2111//3780 2095//3780 2085//3780
f 2112//3781 2086//3781 2100//3781
f 2112//3782 2096//3782 2086//3782
f 2113//3783 2097//3783 2087//3783
f 2113//3784 2087//3784 2101//3784
f 2114//3785 2088//3785 2102//3785
f 2114//3786 2098//3786 2088//3786
f 2115//3787 2089//3787 2103//3787
f 2115//3788 2099//3788 2089//3788
f 2116//3789 2090//3789 2104//3789
f 2116//3790 2100//3790 2090//3790
f 2117//3791 2101//3791 2091//3791
f 2117//3792 2091//3792 2105//3792
f 2118//3793 459//3793 458//3793
f 2118//3794 460//3794 459//3794
f 2118//3795 2102//3795 460//3795
f 2119//3796 2107//3796 2106//3796
f 2119//3797 2120//3797 2107//3797
f 2119//3798 2121//3798 2120//3798
f 2122//3799 2103//3799 2092//3799
f 2122//3800 2092//3800 2108//3800
f 2123//3801 2104//3801 2093//3801
f 2123//3802 2093//3802 2109//3802
f 2124//3803 2105//3803 2094//3803
f 2124//3804 2094//3804 2110//3804
f 2125//3805 2106//3805 2095//3805
f 2125//3806 2095//3806 2111//3806
f 2126//3807 2108//3807 2096//3807
f 2126//3808 2096//3808 2112//3808
f 2127//3809 2109//3809 2097//3809
f 2127//3810 2097//3810 2113//3810
f 2128//3811 2098//3811 2114//3811
f 2128//3812 2110//3812 2098//3812
f 2129//3813 2111//3813 2099//3813
f 2129//3814 2099//3814 2115//3814
f 2130//3815 2100//3815 2116//3815
f 2130//3816 2112//3816 2100//3816
f 2131//3817 2101//3817 2117//3817
f 2131//3818 2113//3818 2101//3818
f 2132//3819 2102//3819 2118//3819
f 2132//3820 2114//3820 2102//3820
f 2133//3821 2103//3821 2122//3821
f 2133//3822 2115//3822 2103//3822
f 2134//3823 2104//3823 2123//3823
f 2134//3824 2116//3824 2104//3824
f 2135//3825 2117//3825 2105//3825
f 2135//3826 2105//3826 2124//3826
f 2136//3827 2106//3827 2125//3827
f 2136//3828 2119//3828 2106//3828
f 2137//3829 2108//3829 2126//3829
f 2137//3830 2122//3830 2108//3830
f 2138//3831 2109//3831 2127//3831
f 2138//3832 2123//3832 2109//3832
f 2139//3833 2124//3833 2110//3833
f 2139//3834 2110//3834 2128//3834
f 2140//3835 2111//3835 2129//3835
f 2140//3836 2125//3836 2111//3836
f 2141//3837 2126//3837 2112//3837
f 2141//3838 2112//3838 2130//3838
f 2142//3839 2127//3839 2113//3839
f 2142//3840 2113//3840 2131//3840
f 2143//3841 2128//3841 2114//3841
f 2143//3842 2114//3842 2132//3842
f 2144//3843 2129//3843 2115//3843
f 2144//3844 2115//3844 2133//3844
f 2145//3845 2130//3845 2116//3845
f 2145//3846 2116//3846 2134//3846
f 2146//3847 2131//3847 2117//3847
f 2146//3848 2117//3848 2135//3848
f 2147//3849 2118//3849 458//3849
f 2147//3850 2132//3850 2118//3850
f 2148//3851 2149//3851 2121//3851
f 2148//3852 2119//3852 2136//3852
f 2148//3853 2121//3853 2119//3853
f 2150//3854 2133//3854 2122//3854
f 2150//3855 2122//3855 2137//3855
f 2151//3856 2123//3856 2138//3856
f 2151//3857 2134//3857 2123//3857
f 2152//3858 2124//3858 2139//3858
f 2152//3859 2135//3859 2124//3859
f 2153//3860 2136//3860 2125//3860
f 2153//3861 2125//3861 2140//3861
f 2154//3862 2137//3862 2126//3862
f 2154//3863 2126//3863 2141//3863
f 2155//3864 2138//3864 2127//3864
f 2155//3865 2127//3865 2142//3865
f 2156//3866 2128//3866 2143//3866
f 2156//3867 2139//3867 2128//3867
f 2157//3868 2129//3868 2144//3868
f 2157//3869 2140//3869 2129//3869
f 2158//3870 2141//3870 2130//3870
f 2158//3871 2130//3871 2145//3871
f 2159//3872 2142//3872 2131//3872
f 2159//3873 2131//3873 2146//3873
f 2160//3874 2143//3874 2132//3874
f 2160//3875 2132//3875 2147//3875
f 2161//3876 2162//3876 2149//3876
f 2161//3877 2163//3877 2162//3877
f 2161//3878 2149//3878 2148//3878
f 2164//3879 2144//3879 2133//3879
f 2164//3880 2133//3880 2150//3880
f 2165//3881 2145//3881 2134//3881
f 2165//3882 2134//3882 2151//3882
f 2166//3883 2135//3883 2152//3883
f 2166//3884 2146//3884 2135//3884
f 2167//3885 457//3885 456//3885
f 2167//3886 458//3886 457//3886
f 2167//3887 2147//3887 458//3887
f 2168//3888 2136//3888 2153//3888
f 2168//3889 2148//3889 2136//3889
f 2169//3890 2150//3890 2137//3890
f 2169//3891 2137//3891 2154//3891
f 2170//3892 2151//3892 2138//3892
f 2170//3893 2138//3893 2155//3893
f 2171//3894 2139//3894 2156//3894
f 2171//3895 2152//3895 2139//3895
f 2172//3896 2153//3896 2140//3896
f 2172//3897 2140//3897 2157//3897
f 2173//3898 2154//3898 2141//3898
f 2173//3899 2141//3899 2158//3899
f 2174//3900 2155//3900 2142//3900
f 2174//3901 2142//3901 2159//3901
f 2175//3902 2156//3902 2143//3902
f 2175//3903 2143//3903 2160//3903
f 2176//3904 2144//3904 2164//3904
f 2176//3905 2157//3905 2144//3905
f 2177//3906 2158//3906 2145//3906
f 2177//3907 2145//3907 2165//3907
f 2178//3908 2159//3908 2146//3908
f 2178//3909 2146//3909 2166//3909
f 2179//3910 2160//3910 2147//3910
f 2179//3911 2147//3911 2167//3911
f 2180//3912 2148//3912 2168//3912
f 2180//3913 2161//3913 2148//3913
f 2181//3914 2164//3914 2150//3914
f 2181//3915 2150//3915 2169//3915
f 2182//3916 2165//3916 2151//3916
f 2182//3917 2151//3917 2170//3917
f 2183//3918 2152//3918 2171//3918
f 2183//3919 2166//3919 2152//3919
f 2184//3920 2153//3920 2172//3920
f 2184//3921 2168//3921 2153//3921
f 2185//3922 2169//3922 2154//3922
f 2185//3923 2154//3923 2173//3923
f 2186//3924 2170//3924 2155//3924
f 2186//3925 2155//3925 2174//3925
f 2187//3926 2171//3926 2156//3926
f 2187//3927 2156//3927 2175//3927
f 2188//3928 2172//3928 2157//3928
f 2188//3929 2157//3929 2176//3929
f 2189//3930 2158//3930 2177//3930
f 2189//3931 2173//3931 2158//3931
f 2190//3932 2159//3932 2178//3932
f 2190//3933 2174//3933 2159//3933
f 2191//3934 2160//3934 2179//3934
f 2191//3935 2175//3935 2160//3935
f 2192//3936 2161//3936 2180//3936
f 2192//3937 2163//3937 2161//3937
f 2192//3938 2193//3938 2163//3938
f 2194//3939 2164//3939 2181//3939
f 2194//3940 2176//3940 2164//3940
f 2195//3941 2177//3941 2165//3941
f 2195//3942 2165//3942 2182//3942
f 2196//3943 2166//3943 2183//3943
f 2196//3944 2178//3944 2166//3944
f 2197//3945 456//3945 455//3945
f 2197//3946 2167//3946 456//3946
f 2197//3947 2179//3947 2167//3947
f 2198//3948 2168//3948 2184//3948
f 2198//3949 2180//3949 2168//3949
f 2199//3950 2181//3950 2169//3950
f 2199//3951 2169//3951 2185//3951
f 2200//3952 2182//3952 2170//3952
f 2200//3953 2170//3953 2186//3953
f 2201//3954 2171//3954 2187//3954
f 2201//3955 2183//3955 2171//3955
f 2202//3956 2184//3956 2172//3956
f 2202//3957 2172//3957 2188//3957
f 2203//3958 2185//3958 2173//3958
f 2203//3959 2173//3959 2189//3959
f 2204//3960 2174//3960 2190//3960
f 2204//3961 2186//3961 2174//3961
f 2205//3962 2187//3962 2175//3962
f 2205//3963 2175//3963 2191//3963
f 2206//3964 2193//3964 2192//3964
f 2206//3965 2207//3965 2193//3965
f 2208//3966 2176//3966 2194//3966
f 2208//3967 2188//3967 2176//3967
f 2209//3968 2189//3968 2177//3968
f 2209//3969 2177//3969 2195//3969
f 2210//3970 2190//3970 2178//3970
f 2210//3971 2178//3971 2196//3971
f 2211//3972 2191//3972 2179//3972
f 2211//3973 2179//3973 2197//3973
f 2212//3974 2192//3974 2180//3974
f 2212//3975 2180//3975 2198//3975
f 2213//3976 2194//3976 2181//3976
f 2213//3977 2181//3977 2199//3977
f 2214//3978 2182//3978 2200//3978
f 2214//3979 2195//3979 2182//3979
f 2215//3980 2196//3980 2183//3980
f 2215//3981 2183//3981 2201//3981
f 2216//3982 2197//3982 455//3982
f 2216//3983 455//3983 454//3983
f 2217//3984 2198//3984 2184//3984
f 2217//3985 2184//3985 2202//3985
f 2218//3986 2185//3986 2203//3986
f 2218//3987 2199//3987 2185//3987
f 2219//3988 2186//3988 2204//3988
f 2219//3989 2200//3989 2186//3989
f 2220//3990 2187//3990 2205//3990
f 2220//3991 2201//3991 2187//3991
f 2221//3992 2188//3992 2208//3992
f 2221//3993 2202//3993 2188//3993
f 2222//3994 2203//3994 2189//3994
f 2222//3995 2189//3995 2209//3995
f 2223//3996 2204//3996 2190//3996
f 2223//3997 2190//3997 2210//3997
f 2224//3998 2191//3998 2211//3998
f 2224//3999 2205//3999 2191//3999
f 2225//4000 2206//4000 2192//4000
f 2225//4001 2192//4001 2212//4001
f 2226//4002 2194//4002 2213//4002
f 2226//4003 2208//4003 2194//4003
f 2227//4004 2195//4004 2214//4004
f 2227//4005 2209//4005 2195//4005
f 2228//4006 2210//4006 2196//4006
f 2228//4007 2196//4007 2215//4007
f 2229//4008 2211//4008 2197//4008
f 2229//4009 2197//4009 2216//4009
f 2230//4010 2198//4010 2217//4010
f 2230//4011 2212//4011 2198//4011
f 2231//4012 2199//4012 2218//4012
f 2231//4013 2213//4013 2199//4013
f 2232//4014 2214//4014 2200//4014
f 2232//4015 2200//4015 2219//4015
f 2233//4016 2215//4016 2201//4016
f 2233//4017 2201//4017 2220//4017
f 2234//4018 454//4018 453//4018
f 2234//4019 2216//4019 454//4019
f 2235//4020 2202//4020 2221//4020
f 2235//4021 2217//4021 2202//4021
f 2236//4022 2218//4022 2203//4022
f 2236//4023 2203//4023 2222//4023
f 2237//4024 2219//4024 2204//4024
f 2237//4025 2204//4025 2223//4025
f 2238//4026 2205//4026 2224//4026
f 2238//4027 2220//4027 2205//4027
f 2239//4028 2240//4028 2207//4028
f 2239//4029 2241//4029 2240//4029
f 2239//4030 2207//4030 2206//4030
f 2239//4031 2206//4031 2225//4031
f 2242//4032 2221//4032 2208//4032
f 2242//4033 2208//4033 2226//4033
f 2243//4034 2222//4034 2209//4034
f 2243//4035 2209//4035 2227//4035
f 2244//4036 2223//4036 2210//4036
f 2244//4037 2210//4037 2228//4037
f 2245//4038 2211//4038 2229//4038
f 2245//4039 2224//4039 2211//4039
f 2246//4040 2212//4040 2230//4040
f 2246//4041 2225//4041 2212//4041
f 2247//4042 2226//4042 2213//4042
f 2247//4043 2213//4043 2231//4043
f 2248//4044 2227//4044 2214//4044
f 2248//4045 2214//4045 2232//4045
f 2249//4046 2228//4046 2215//4046
f 2249//4047 2215//4047 2233//4047
f 2250//4048 2229//4048 2216//4048
f 2250//4049 2216//4049 2234//4049
f 2251//4050 2230//4050 2217//4050
f 2251//4051 2217//4051 2235//4051
f 2252//4052 2218//4052 2236//4052
f 2252//4053 2231//4053 2218//4053
f 2253//4054 2219//4054 2237//4054
f 2253//4055 2232//4055 2219//4055
f 2254//4056 2233//4056 2220//4056
f 2254//4057 2220//4057 2238//4057
f 2255//4058 2256//4058 2241//4058
f 2255//4059 2241//4059 2239//4059
f 2257//4060 2235//4060 2221//4060
f 2257//4061 2221//4061 2242//4061
f 2258//4062 2222//4062 2243//4062
f 2258//4063 2236//4063 2222//4063
f 2259//4064 2237//4064 2223//4064
f 2259//4065 2223//4065 2244//4065
f 2260//4066 2238//4066 2224//4066
f 2260//4067 2224//4067 2245//4067
f 2261//4068 2225//4068 2246//4068
f 2261//4069 2239//4069 2225//4069
f 2262//4070 2226//4070 2247//4070
f 2262//4071 2242//4071 2226//4071
f 2263//4072 2243//4072 2227//4072
f 2263//4073 2227//4073 2248//4073
f 2264//4074 2244//4074 2228//4074
f 2264//4075 2228//4075 2249//4075
f 2265//4076 2245//4076 2229//4076
f 2265//4077 2229//4077 2250//4077
f 2266//4078 2230//4078 2251//4078
f 2266//4079 2246//4079 2230//4079
f 2267//4080 2231//4080 2252//4080
f 2267//4081 2247//4081 2231//4081
f 2268//4082 2232//4082 2253//4082
f 2268//4083 2248//4083 2232//4083
f 2269//4084 2233//4084 2254//4084
f 2269//4085 2249//4085 2233//4085
f 2270//4086 453//4086 452//4086
f 2270//4087 2234//4087 453//4087
f 2270//4088 2250//4088 2234//4088
f 2271//4089 2251//4089 2235//4089
f 2271//4090 2235//4090 2257//4090
f 2272//4091 2252//4091 2236//4091
f 2272//4092 2236//4092 2258//4092
f 2273//4093 2253//4093 2237//4093
f 2273//4094 2237//4094 2259//4094
f 2274//4095 2238//4095 2260//4095
f 2274//4096 2254//4096 2238//4096
f 2275//4097 2255//4097 2239//4097
f 2275//4098 2239//4098 2261//4098
f 2276//4099 2257//4099 2242//4099
f 2276//4100 2242//4100 2262//4100
f 2277//4101 2258//4101 2243//4101
f 2277//4102 2243//4102 2263//4102
f 2278//4103 2259//4103 2244//4103
f 2278//4104 2244//4104 2264//4104
f 2279//4105 2260//4105 2245//4105
f 2279//4106 2245//4106 2265//4106
f 2280//4107 2261//4107 2246//4107
f 2280//4108 2246//4108 2266//4108
f 2281//4109 2262//4109 2247//4109
f 2281//4110 2247//4110 2267//4110
f 2282//4111 2248//4111 2268//4111
f 2282//4112 2263//4112 2248//4112
f 2283//4113 2264//4113 2249//4113
f 2283//4114 2249//4114 2269//4114
f 2284//4115 2250//4115 2270//4115
f 2284//4116 2265//4116 2250//4116
f 2285//4117 2266//4117 2251//4117
f 2285//4118 2251//4118 2271//4118
f 2286//4119 2267//4119 2252//4119
f 2286//4120 2252//4120 2272//4120
f 2287//4121 2253//4121 2273//4121
f 2287//4122 2268//4122 2253//4122
f 2288//4123 2269//4123 2254//4123
f 2288//4124 2254//4124 2274//4124
f 2289//4125 451//4125 450//4125
f 2289//4126 452//4126 451//4126
f 2289//4127 2270//4127 452//4127
f 2290//4128 2255//4128 2275//4128
f 2290//4129 2291//4129 2256//4129
f 2290//4130 2256//4130 2255//4130
f 2292//4131 2257//4131 2276//4131
f 2292//4132 2271//4132 2257//4132
f 2293//4133 2258//4133 2277//4133
f 2293//4134 2272//4134 2258//4134
f 2294//4135 2273//4135 2259//4135
f 2294//4136 2259//4136 2278//4136
f 2295//4137 2260//4137 2279//4137
f 2295//4138 2274//4138 2260//4138
f 2296//4139 2275//4139 2261//4139
f 2296//4140 2261//4140 2280//4140
f 2297//4141 2262//4141 2281//4141
f 2297//4142 2276//4142 2262//4142
f 2298//4143 2263//4143 2282//4143
f 2298//4144 2277//4144 2263//4144
f 2299//4145 2278//4145 2264//4145
f 2299//4146 2264//4146 2283//4146
f 2300//4147 2265//4147 2284//4147
f 2300//4148 2279//4148 2265//4148
f 2301//4149 2266//4149 2285//4149
f 2301//4150 2280//4150 2266//4150
f 2302//4151 2267//4151 2286//4151
f 2302//4152 2281//4152 2267//4152
f 2303//4153 2268//4153 2287//4153
f 2303//4154 2282//4154 2268//4154
f 2304//4155 2269//4155 2288//4155
f 2304//4156 2283//4156 2269//4156
f 2305//4157 2284//4157 2270//4157
f 2305//4158 2270//4158 2289//4158
f 2306//4159 2307//4159 2291//4159
f 2306//4160 2308//4160 2307//4160
f 2306//4161 2291//4161 2290//4161
f 2309//4162 2271//4162 2292//4162
f 2309//4163 2285//4163 2271//4163
f 2310//4164 2286//4164 2272//4164
f 2310//4165 2272//4165 2293//4165
f 2311//4166 2273//4166 2294//4166
f 2311//4167 2287//4167 2273//4167
f 2312//4168 2274//4168 2295//4168
f 2312//4169 2288//4169 2274//4169
f 2313//4170 2275//4170 2296//4170
f 2313//4171 2290//4171 2275//4171
f 2314//4172 2292//4172 2276//4172
f 2314//4173 2276//4173 2297//4173
f 2315//4174 2293//4174 2277//4174
f 2315//4175 2277//4175 2298//4175
f 2316//4176 2294//4176 2278//4176
f 2316//4177 2278//4177 2299//4177
f 2317//4178 2279//4178 2300//4178
f 2317//4179 2295//4179 2279//4179
f 2318//4180 2296//4180 2280//4180
f 2318//4181 2280//4181 2301//4181
f 2319//4182 2297//4182 2281//4182
f 2319//4183 2281//4183 2302//4183
f 2320//4184 2282//4184 2303//4184
f 2320//4185 2298//4185 2282//4185
f 2321//4186 2299//4186 2283//4186
f 2321//4187 2283//4187 2304//4187
f 2322//4188 2300//4188 2284//4188
f 2322//4189 2284//4189 2305//4189
f 2323//4190 2301//4190 2285//4190
f 2323//4191 2285//4191 2309//4191
f 2324//4192 2302//4192 2286//4192
f 2324//4193 2286//4193 2310//4193
f 2325//4194 2303//4194 2287//4194
f 2325//4195 2287//4195 2311//4195
f 2326//4196 2304//4196 2288//4196
f 2326//4197 2288//4197 2312//4197
f 2327//4198 2289//4198 450//4198
f 2327//4199 2305//4199 2289//4199
f 2328//4200 2290//4200 2313//4200
f 2328//4201 2306//4201 2290//4201
f 2329//4202 2292//4202 2314//4202
f 2329//4203 2309//4203 2292//4203
f 2330//4204 2293//4204 2315//4204
f 2330//4205 2310//4205 2293//4205
f 2331//4206 2294//4206 2316//4206
f 2331//4207 2311//4207 2294//4207
f 2332//4208 2312//4208 2295//4208
f 2332//4209 2295//4209 2317//4209
f 2333//4210 2313//4210 2296//4210
f 2333//4211 2296//4211 2318//4211
f 2334//4212 2314//4212 2297//4212
f 2334//4213 2297//4213 2319//4213
f 2335//4214 2298//4214 2320//4214
f 2335//4215 2315//4215 2298//4215
f 2336//4216 2299//4216 2321//4216
f 2336//4217 2316//4217 2299//4217
f 2337//4218 2300//4218 2322//4218
f 2337//4219 2317//4219 2300//4219
f 2338//4220 2301//4220 2323//4220
f 2338//4221 2318//4221 2301//4221
f 2339//4222 2319//4222 2302//4222
f 2339//4223 2302//4223 2324//4223
f 2340//4224 2303//4224 2325//4224
f 2340//4225 2320//4225 2303//4225
f 2341//4226 2304//4226 2326//4226
f 2341//4227 2321//4227 2304//4227
f 2342//4228 2305//4228 2327//4228
f 2342//4229 2322//4229 2305//4229
f 2343//4230 2306//4230 2328//4230
f 2343//4231 2308//4231 2306//4231
f 2343//4232 2344//4232 2308//4232
f 2345//4233 2323//4233 2309//4233
f 2345//4234 2309//4234 2329//4234
f 2346//4235 2310//4235 2330//4235
f 2346//4236 2324//4236 2310//4236
f 2347//4237 2325//4237 2311//4237
f 2347//4238 2311//4238 2331//4238
f 2348//4239 2312//4239 2332//4239
f 2348//4240 2326//4240 2312//4240
f 2349//4241 449//4241 448//4241
f 2349//4242 450//4242 449//4242
f 2349//4243 2327//4243 450//4243
f 2350//4244 2328//4244 2313//4244
f 2350//4245 2313//4245 2333//4245
f 2351//4246 2314//4246 2334//4246
f 2351//4247 2329//4247 2314//4247
f 2352//4248 2315//4248 2335//4248
f 2352//4249 2330//4249 2315//4249
f 2353//4250 2316//4250 2336//4250
f 2353//4251 2331//4251 2316//4251
f 2354//4252 2332//4252 2317//4252
f 2354//4253 2317//4253 2337//4253
f 2355//4254 2318//4254 2338//4254
f 2355//4255 2333//4255 2318//4255
f 2356//4256 2319//4256 2339//4256
f 2356//4257 2334//4257 2319//4257
f 2357//4258 2335//4258 2320//4258
f 2357//4259 2320//4259 2340//4259
f 2358//4260 2321//4260 2341//4260
f 2358//4261 2336//4261 2321//4261
f 2359//4262 2337//4262 2322//4262
f 2359//4263 2322//4263 2342//4263
f 2360//4264 2344//4264 2343//4264
f 2360//4265 2361//4265 2344//4265
f 2360//4266 2362//4266 2361//4266
f 2363//4267 2323//4267 2345//4267
f 2363//4268 2338//4268 2323//4268
f 2364//4269 2339//4269 2324//4269
f 2364//4270 2324//4270 2346//4270
f 2365//4271 2325//4271 2347//4271
f 2365//4272 2340//4272 2325//4272
f 2366//4273 2341//4273 2326//4273
f 2366//4274 2326//4274 2348//4274
f 2367//4275 2342//4275 2327//4275
f 2367//4276 2327//4276 2349//4276
f 2368//4277 2343//4277 2328//4277
f 2368//4278 2328//4278 2350//4278
f 2369//4279 2329//4279 2351//4279
f 2369//4280 2345//4280 2329//4280
f 2370//4281 2346//4281 2330//4281
f 2370//4282 2330//4282 2352//4282
f 2371//4283 2347//4283 2331//4283
f 2371//4284 2331//4284 2353//4284
f 2372//4285 2348//4285 2332//4285
f 2372//4286 2332//4286 2354//4286
f 2373//4287 2350//4287 2333//4287
f 2373//4288 2333//4288 2355//4288
f 2374//4289 2334//4289 2356//4289
f 2374//4290 2351//4290 2334//4290
f 2375//4291 2352//4291 2335//4291
f 2375//4292 2335//4292 2357//4292
f 2376//4293 2353//4293 2336//4293
f 2376//4294 2336//4294 2358//4294
f 2377//4295 2354//4295 2337//4295
f 2377//4296 2337//4296 2359//4296
f 2378//4297 2355//4297 2338//4297
f 2378//4298 2338//4298 2363//4298
f 2379//4299 2339//4299 2364//4299
f 2379//4300 2356//4300 2339//4300
f 2380//4301 2357//4301 2340//4301
f 2380//4302 2340//4302 2365//4302
f 2381//4303 2341//4303 2366//4303
f 2381//4304 2358//4304 2341//4304
f 2382//4305 2359//4305 2342//4305
f 2382//4306 2342//4306 2367//4306
f 2383//4307 2360//4307 2343//4307
f 2383//4308 2343//4308 2368//4308
f 2384//4309 2363//4309 2345//4309
f 2384//4310 2345//4310 2369//4310
f 2385//4311 2364//4311 2346//4311
f 2385//4312 2346//4312 2370//4312
f 2386//4313 2365//4313 2347//4313
f 2386//4314 2347//4314 2371//4314
f 2387//4315 2348//4315 2372//4315
f 2387//4316 2366//4316 2348//4316
f 2388//4317 2367//4317 2349//4317
f 2388//4318 448//4318 447//4318
f 2388//4319 2349//4319 448//4319
f 2389//4320 2350//4320 2373//4320
f 2389//4321 2368//4321 2350//4321
f 2390//4322 2369//4322 2351//4322
f 2390//4323 2351//4323 2374//4323
f 2391//4324 2352//4324 2375//4324
f 2391//4325 2370//4325 2352//4325
f 2392//4326 2371//4326 2353//4326
f 2392//4327 2353//4327 2376//4327
f 2393//4328 2372//4328 2354//4328
f 2393//4329 2354//4329 2377//4329
f 2394//4330 2373//4330 2355//4330
f 2394//4331 2355//4331 2378//4331
f 2395//4332 2374//4332 2356//4332
f 2395//4333 2356//4333 2379//4333
f 2396//4334 2357//4334 2380//4334
f 2396//4335 2375//4335 2357//4335
f 2397//4336 2358//4336 2381//4336
f 2397//4337 2376//4337 2358//4337
f 2398//4338 2377//4338 2359//4338
f 2398//4339 2359//4339 2382//4339
f 2399//4340 2360//4340 2383//4340
f 2399//4341 2362//4341 2360//4341
f 2399//4342 2400//4342 2362//4342
f 2401//4343 2378//4343 2363//4343
f 2401//4344 2363//4344 2384//4344
f 2402//4345 2364//4345 2385//4345
f 2402//4346 2379//4346 2364//4346
f 2403//4347 2380//4347 2365//4347
f 2403//4348 2365//4348 2386//4348
f 2404//4349 2366//4349 2387//4349
f 2404//4350 2381//4350 2366//4350
f 2405//4351 2367//4351 2388//4351
f 2405//4352 2382//4352 2367//4352
f 2406//4353 2383//4353 2368//4353
f 2406//4354 2368//4354 2389//4354
f 2407//4355 2384//4355 2369//4355
f 2407//4356 2369//4356 2390//4356
f 2408//4357 2385//4357 2370//4357
f 2408//4358 2370//4358 2391//4358
f 2409//4359 2371//4359 2392//4359
f 2409//4360 2386//4360 2371//4360
f 2410//4361 2372//4361 2393//4361
f 2410//4362 2387//4362 2372//4362
f 2411//4363 447//4363 446//4363
f 2411//4364 2388//4364 447//4364
f 2412//4365 2389//4365 2373//4365
f 2412//4366 2373//4366 2394//4366
f 2413//4367 2390//4367 2374//4367
f 2413//4368 2374//4368 2395//4368
f 2414//4369 2375//4369 2396//4369
f 2414//4370 2391//4370 2375//4370
f 2415//4371 2376//4371 2397//4371
f 2415//4372 2392//4372 2376//4372
f 2416//4373 2393//4373 2377//4373
f 2416//4374 2377//4374 2398//4374
f 2417//4375 2400//4375 2399//4375
f 2417//4376 2418//4376 2400//4376
f 2417//4377 2419//4377 2418//4377
f 2420//4378 2378//4378 2401//4378
f 2420//4379 2394//4379 2378//4379
f 2421//4380 2379//4380 2402//4380
f 2421//4381 2395//4381 2379//4381
f 2422//4382 2380//4382 2403//4382
f 2422//4383 2396//4383 2380//4383
f 2423//4384 2397//4384 2381//4384
f 2423//4385 2381//4385 2404//4385
f 2424//4386 2382//4386 2405//4386
f 2424//4387 2398//4387 2382//4387
f 2425//4388 2399//4388 2383//4388
f 2425//4389 2383//4389 2406//4389
f 2426//4390 2384//4390 2407//4390
f 2426//4391 2401//4391 2384//4391
f 2427//4392 2385//4392 2408//4392
f 2427//4393 2402//4393 2385//4393
f 2428//4394 2386//4394 2409//4394
f 2428//4395 2403//4395 2386//4395
f 2429//4396 2387//4396 2410//4396
f 2429//4397 2404//4397 2387//4397
f 2430//4398 2405//4398 2388//4398
f 2430//4399 2388//4399 2411//4399
f 2431//4400 2389//4400 2412//4400
f 2431//4401 2406//4401 2389//4401
f 2432//4402 2407//4402 2390//4402
f 2432//4403 2390//4403 2413//4403
f 2433//4404 2408//4404 2391//4404
f 2433//4405 2391//4405 2414//4405
f 2434//4406 2392//4406 2415//4406
f 2434//4407 2409//4407 2392//4407
f 2435//4408 2410//4408 2393//4408
f 2435//4409 2393//4409 2416//4409
f 2436//4410 2412//4410 2394//4410
f 2436//4411 2394//4411 2420//4411
f 2437//4412 2395//4412 2421//4412
f 2437//4413 2413//4413 2395//4413
f 2438//4414 2396//4414 2422//4414
f 2438//4415 2414//4415 2396//4415
f 2439//4416 2397//4416 2423//4416
f 2439//4417 2415//4417 2397//4417
f 2440//4418 2416//4418 2398//4418
f 2440//4419 2398//4419 2424//4419
f 2441//4420 2399//4420 2425//4420
f 2441//4421 2417//4421 2399//4421
f 2442//4422 2420//4422 2401//4422
f 2442//4423 2401//4423 2426//4423
f 2443//4424 2402//4424 2427//4424
f 2443//4425 2421//4425 2402//4425
f 2444//4426 2422//4426 2403//4426
f 2444//4427 2403//4427 2428//4427
f 2445//4428 2423//4428 2404//4428
f 2445//4429 2404//4429 2429//4429
f 2446//4430 2424//4430 2405//4430
f 2446//4431 2405//4431 2430//4431
f 2447//4432 2406//4432 2431//4432
f 2447//4433 2425//4433 2406//4433
f 2448//4434 2426//4434 2407//4434
f 2448//4435 2407//4435 2432//4435
f 2449//4436 2408//4436 2433//4436
f 2449//4437 2427//4437 2408//4437
f 2450//4438 2409//4438 2434//4438
f 2450//4439 2428//4439 2409//4439
f 2451//4440 2429//4440 2410//4440
f 2451//4441 2410//4441 2435//4441
f 2452//4442 2430//4442 2411//4442
f 2452//4443 446//4443 445//4443
f 2452//4444 2411//4444 446//4444
f 2453//4445 2412//4445 2436//4445
f 2453//4446 2431//4446 2412//4446
f 2454//4447 2432//4447 2413//4447
f 2454//4448 2413//4448 2437//4448
f 2455//4449 2433//4449 2414//4449
f 2455//4450 2414//4450 2438//4450
f 2456//4451 2434//4451 2415//4451
f 2456//4452 2415//4452 2439//4452
f 2457//4453 2416//4453 2440//4453
f 2457//4454 2435//4454 2416//4454
f 2458//4455 2419//4455 2417//4455
f 2458//4456 2417//4456 2441//4456
f 2458//4457 2459//4457 2419//4457
f 2460//4458 2436//4458 2420//4458
f 2460//4459 2420//4459 2442//4459
f 2461//4460 2437//4460 2421//4460
f 2461//4461 2421//4461 2443//4461
f 2462//4462 2422//4462 2444//4462
f 2462//4463 2438//4463 2422//4463
f 2463//4464 2439//4464 2423//4464
f 2463//4465 2423//4465 2445//4465
f 2464//4466 2440//4466 2424//4466
f 2464//4467 2424//4467 2446//4467
f 2465//4468 2441//4468 2425//4468
f 2465//4469 2425//4469 2447//4469
f 2466//4470 2442//4470 2426//4470
f 2466//4471 2426//4471 2448//4471
f 2467//4472 2443//4472 2427//4472
f 2467//4473 2427//4473 2449//4473
f 2468//4474 2428//4474 2450//4474
f 2468//4475 2444//4475 2428//4475
f 2469//4476 2445//4476 2429//4476
f 2469//4477 2429//4477 2451//4477
f 2470//4478 2430//4478 2452//4478
f 2470//4479 2446//4479 2430//4479
f 2471//4480 2447//4480 2431//4480
f 2471//4481 2431//4481 2453//4481
f 2472//4482 2448//4482 2432//4482
f 2472//4483 2432//4483 2454//4483
f 2473//4484 2433//4484 2455//4484
f 2473//4485 2449//4485 2433//4485
f 2474//4486 2434//4486 2456//4486
f 2474//4487 2450//4487 2434//4487
f 2475//4488 2451//4488 2435//4488
f 2475//4489 2435//4489 2457//4489
f 2476//4490 444//4490 443//4490
f 2476//4491 445//4491 444//4491
f 2476//4492 2452//4492 445//4492
f 2477//4493 2478//4493 2459//4493
f 2477//4494 2459//4494 2458//4494
f 2479//4495 2453//4495 2436//4495
f 2479//4496 2436//4496 2460//4496
f 2480//4497 2454//4497 2437//4497
f 2480//4498 2437//4498 2461//4498
f 2481//4499 2438//4499 2462//4499
f 2481//4500 2455//4500 2438//4500
f 2482//4501 2439//4501 2463//4501
f 2482//4502 2456//4502 2439//4502
f 2483//4503 2457//4503 2440//4503
f 2483//4504 2440//4504 2464//4504
f 2484//4505 2458//4505 2441//4505
f 2484//4506 2441//4506 2465//4506
f 2485//4507 2460//4507 2442//4507
f 2485//4508 2442//4508 2466//4508
f 2486//4509 2461//4509 2443//4509
f 2486//4510 2443//4510 2467//4510
f 2487//4511 2462//4511 2444//4511
f 2487//4512 2444//4512 2468//4512
f 2488//4513 2445//4513 2469//4513
f 2488//4514 2463//4514 2445//4514
f 2489//4515 2464//4515 2446//4515
f 2489//4516 2446//4516 2470//4516
f 2490//4517 2465//4517 2447//4517
f 2490//4518 2447//4518 2471//4518
f 2491//4519 2448//4519 2472//4519
f 2491//4520 2466//4520 2448//4520
f 2492//4521 2449//4521 2473//4521
f 2492//4522 2467//4522 2449//4522
f 2493//4523 2450//4523 2474//4523
f 2493//4524 2468//4524 2450//4524
f 2494//4525 2469//4525 2451//4525
f 2494//4526 2451//4526 2475//4526
f 2495//4527 2452//4527 2476//4527
f 2495//4528 2470//4528 2452//4528
f 2496//4529 2471//4529 2453//4529
f 2496//4530 2453//4530 2479//4530
f 2497//4531 2472//4531 2454//4531
f 2497//4532 2454//4532 2480//4532
f 2498//4533 2473//4533 2455//4533
f 2498//4534 2455//4534 2481//4534
f 2499//4535 2456//4535 2482//4535
f 2499//4536 2474//4536 2456//4536
f 2500//4537 2475//4537 2457//4537
f 2500//4538 2457//4538 2483//4538
f 2501//4539 2458//4539 2484//4539
f 2501//4540 2477//4540 2458//4540
f 2502//4541 2479//4541 2460//4541
f 2502//4542 2460//4542 2485//4542
f 2503//4543 2480//4543 2461//4543
f 2503//4544 2461//4544 2486//4544
f 2504//4545 2481//4545 2462//4545
f 2504//4546 2462//4546 2487//4546
f 2505//4547 2463//4547 2488//4547
f 2505//4548 2482//4548 2463//4548
f 2506//4549 2483//4549 2464//4549
f 2506//4550 2464//4550 2489//4550
f 2507//4551 2465//4551 2490//4551
f 2507//4552 2484//4552 2465//4552
f 2508//4553 2466//4553 2491//4553
f 2508//4554 2485//4554 2466//4554
f 2509//4555 2486//4555 2467//4555
f 2509//4556 2467//4556 2492//4556
f 2510//4557 2468//4557 2493//4557
f 2510//4558 2487//4558 2468//4558
f 2511//4559 2488//4559 2469//4559
f 2511//4560 2469//4560 2494//4560
f 2512//4561 2489//4561 2470//4561
f 2512//4562 2470//4562 2495//4562
f 2513//4563 2490//4563 2471//4563
f 2513//4564 2471//4564 2496//4564
f 2514//4565 2472//4565 2497//4565
f 2514//4566 2491//4566 2472//4566
f 2515//4567 2473//4567 2498//4567
f 2515//4568 2492//4568 2473//4568
f 2516//4569 2493//4569 2474//4569
f 2516//4570 2474//4570 2499//4570
f 2517//4571 2494//4571 2475//4571
f 2517//4572 2475//4572 2500//4572
f 2518//4573 443//4573 442//4573
f 2518//4574 2476//4574 443//4574
f 2518//4575 2495//4575 2476//4575
f 2519//4576 2520//4576 2478//4576
f 2519//4577 2521//4577 2520//4577
f 2519//4578 2478//4578 2477//4578
f 2519//4579 2477//4579 2501//4579
f 2522//4580 2479//4580 2502//4580
f 2522//4581 2496//4581 2479//4581
f 2523//4582 2497//4582 2480//4582
f 2523//4583 2480//4583 2503//4583
f 2524//4584 2498//4584 2481//4584
f 2524//4585 2481//4585 2504//4585
f 2525//4586 2499//4586 2482//4586
f 2525//4587 2482//4587 2505//4587
f 2526//4588 2483//4588 2506//4588
f 2526//4589 2500//4589 2483//4589
f 2527//4590 2484//4590 2507//4590
f 2527//4591 2501//4591 2484//4591
f 2528//4592 2502//4592 2485//4592
f 2528//4593 2485//4593 2508//4593
f 2529//4594 2503//4594 2486//4594
f 2529//4595 2486//4595 2509//4595
f 2530//4596 2504//4596 2487//4596
f 2530//4597 2487//4597 2510//4597
f 2531//4598 2488//4598 2511//4598
f 2531//4599 2505//4599 2488//4599
f 2532//4600 2506//4600 2489//4600
f 2532//4601 2489//4601 2512//4601
f 2533//4602 2507//4602 2490//4602
f 2533//4603 2490//4603 2513//4603
f 2534//4604 2491//4604 2514//4604
f 2534//4605 2508//4605 2491//4605
f 2535//4606 2509//4606 2492//4606
f 2535//4607 2492//4607 2515//4607
f 2536//4608 2493//4608 2516//4608
f 2536//4609 2510//4609 2493//4609
f 2537//4610 2494//4610 2517//4610
f 2537//4611 2511//4611 2494//4611
f 2538//4612 2495//4612 2518//4612
f 2538//4613 2512//4613 2495//4613
f 2539//4614 2521//4614 2519//4614
f 2539//4615 2540//4615 2521//4615
f 2541//4616 2496//4616 2522//4616
f 2541//4617 2513//4617 2496//4617
f 2542//4618 2514//4618 2497//4618
f 2542//4619 2497//4619 2523//4619
f 2543//4620 2515//4620 2498//4620
f 2543//4621 2498//4621 2524//4621
f 2544//4622 2516//4622 2499//4622
f 2544//4623 2499//4623 2525//4623
f 2545//4624 2500//4624 2526//4624
f 2545//4625 2517//4625 2500//4625
f 2546//4626 442//4626 441//4626
f 2546//4627 2518//4627 442//4627
f 2547//4628 2519//4628 2501//4628
f 2547//4629 2501//4629 2527//4629
f 2548//4630 2502//4630 2528//4630
f 2548//4631 2522//4631 2502//4631
f 2549//4632 2503//4632 2529//4632
f 2549//4633 2523//4633 2503//4633
f 2550//4634 2504//4634 2530//4634
f 2550//4635 2524//4635 2504//4635
f 2551//4636 2505//4636 2531//4636
f 2551//4637 2525//4637 2505//4637
f 2552//4638 2506//4638 2532//4638
f 2552//4639 2526//4639 2506//4639
f 2553//4640 2507//4640 2533//4640
f 2553//4641 2527//4641 2507//4641
f 2554//4642 2528//4642 2508//4642
f 2554//4643 2508//4643 2534//4643
f 2555//4644 2529//4644 2509//4644
f 2555//4645 2509//4645 2535//4645
f 2556//4646 2530//4646 2510//4646
f 2556//4647 2510//4647 2536//4647
f 2557//4648 2531//4648 2511//4648
f 2557//4649 2511//4649 2537//4649
f 2558//4650 2532//4650 2512//4650
f 2558//4651 2512//4651 2538//4651
f 2559//4652 2533//4652 2513//4652
f 2559//4653 2513//4653 2541//4653
f 2560//4654 2514//4654 2542//4654
f 2560//4655 2534//4655 2514//4655
f 2561//4656 2535//4656 2515//4656
f 2561//4657 2515//4657 2543//4657
f 2562//4658 2536//4658 2516//4658
f 2562//4659 2516//4659 2544//4659
f 2563//4660 2517//4660 2545//4660
f 2563//4661 2537//4661 2517//4661
f 2564//4662 2518//4662 2546//4662
f 2564//4663 2538//4663 2518//4663
f 2565//4664 2539//4664 2519//4664
f 2565//4665 2519//4665 2547//4665
f 2566//4666 2522//4666 2548//4666
f 2566//4667 2541//4667 2522//4667
f 2567//4668 2542//4668 2523//4668
f 2567//4669 2523//4669 2549//4669
f 2568//4670 2543//4670 2524//4670
f 2568//4671 2524//4671 2550//4671
f 2569//4672 2525//4672 2551//4672
f 2569//4673 2544//4673 2525//4673
f 2570//4674 2526//4674 2552//4674
f 2570//4675 2545//4675 2526//4675
f 2571//4676 2527//4676 2553//4676
f 2571//4677 2547//4677 2527//4677
f 2572//4678 2528//4678 2554//4678
f 2572//4679 2548//4679 2528//4679
f 2573//4680 2529//4680 2555//4680
f 2573//4681 2549//4681 2529//4681
f 2574//4682 2530//4682 2556//4682
f 2574//4683 2550//4683 2530//4683
f 2575//4684 2531//4684 2557//4684
f 2575//4685 2551//4685 2531//4685
f 2576//4686 2532//4686 2558//4686
f 2576//4687 2552//4687 2532//4687
f 2577//4688 2553//4688 2533//4688
f 2577//4689 2533//4689 2559//4689
f 2578//4690 2554//4690 2534//4690
f 2578//4691 2534//4691 2560//4691
f 2579//4692 2535//4692 2561//4692
f 2579//4693 2555//4693 2535//4693
f 2580//4694 2536//4694 2562//4694
f 2580//4695 2556//4695 2536//4695
f 2581//4696 2537//4696 2563//4696
f 2581//4697 2557//4697 2537//4697
f 2582//4698 2538//4698 2564//4698
f 2582//4699 2558//4699 2538//4699
f 2583//4700 2584//4700 2540//4700
f 2583//4701 2585//4701 2584//4701
f 2583//4702 2539//4702 2565//4702
f 2583//4703 2540//4703 2539//4703
f 2586//4704 2541//4704 2566//4704
f 2586//4705 2559//4705 2541//4705
f 2587//4706 2560//4706 2542//4706
f 2587//4707 2542//4707 2567//4707
f 2588//4708 2543//4708 2568//4708
f 2588//4709 2561//4709 2543//4709
f 2589//4710 2562//4710 2544//4710
f 2589//4711 2544//4711 2569//4711
f 2590//4712 2545//4712 2570//4712
f 2590//4713 2563//4713 2545//4713
f 2591//4714 2546//4714 441//4714
f 2591//4715 440//4715 439//4715
f 2591//4716 2564//4716 2546//4716
f 2591//4717 441//4717 440//4717
f 2592//4718 2565//4718 2547//4718
f 2592//4719 2547//4719 2571//4719
f 2593//4720 2566//4720 2548//4720
f 2593//4721 2548//4721 2572//4721
f 2594//4722 2549//4722 2573//4722
f 2594//4723 2567//4723 2549//4723
f 2595//4724 2568//4724 2550//4724
f 2595//4725 2550//4725 2574//4725
f 2596//4726 2569//4726 2551//4726
f 2596//4727 2551//4727 2575//4727
f 2597//4728 2552//4728 2576//4728
f 2597//4729 2570//4729 2552//4729
f 2598//4730 2553//4730 2577//4730
f 2598//4731 2571//4731 2553//4731
f 2599//4732 2572//4732 2554//4732
f 2599//4733 2554//4733 2578//4733
f 2600//4734 2573//4734 2555//4734
f 2600//4735 2555//4735 2579//4735
f 2601//4736 2574//4736 2556//4736
f 2601//4737 2556//4737 2580//4737
f 2602//4738 2557//4738 2581//4738
f 2602//4739 2575//4739 2557//4739
f 2603//4740 2558//4740 2582//4740
f 2603//4741 2576//4741 2558//4741
f 2604//4742 2585//4742 2583//4742
f 2604//4743 2605//4743 2585//4743
f 2606//4744 2577//4744 2559//4744
f 2606//4745 2559//4745 2586//4745
f 2607//4746 2560//4746 2587//4746
f 2607//4747 2578//4747 2560//4747
f 2608//4748 2579//4748 2561//4748
f 2608//4749 2561//4749 2588//4749
f 2609//4750 2580//4750 2562//4750
f 2609//4751 2562//4751 2589//4751
f 2610//4752 2563//4752 2590//4752
f 2610//4753 2581//4753 2563//4753
f 2611//4754 2582//4754 2564//4754
f 2611//4755 2564//4755 2591//4755
f 2612//4756 2565//4756 2592//4756
f 2612//4757 2583//4757 2565//4757
f 2613//4758 2586//4758 2566//4758
f 2613//4759 2566//4759 2593//4759
f 2614//4760 2567//4760 2594//4760
f 2614//4761 2587//4761 2567//4761
f 2615//4762 2588//4762 2568//4762
f 2615//4763 2568//4763 2595//4763
f 2616//4764 2589//4764 2569//4764
f 2616//4765 2569//4765 2596//4765
f 2617//4766 2570//4766 2597//4766
f 2617//4767 2590//4767 2570//4767
f 2618//4768 2592//4768 2571//4768
f 2618//4769 2571//4769 2598//4769
f 2619//4770 2572//4770 2599//4770
f 2619//4771 2593//4771 2572//4771
f 2620//4772 2594//4772 2573//4772
f 2620//4773 2573//4773 2600//4773
f 2621//4774 2574//4774 2601//4774
f 2621//4775 2595//4775 2574//4775
f 2622//4776 2575//4776 2602//4776
f 2622//4777 2596//4777 2575//4777
f 2623//4778 2576//4778 2603//4778
f 2623//4779 2597//4779 2576//4779
f 2624//4780 2598//4780 2577//4780
f 2624//4781 2577//4781 2606//4781
f 2625//4782 2578//4782 2607//4782
f 2625//4783 2599//4783 2578//4783
f 2626//4784 2600//4784 2579//4784
f 2626//4785 2579//4785 2608//4785
f 2627//4786 2580//4786 2609//4786
f 2627//4787 2601//4787 2580//4787
f 2628//4788 2602//4788 2581//4788
f 2628//4789 2581//4789 2610//4789
f 2629//4790 2582//4790 2611//4790
f 2629//4791 2603//4791 2582//4791
f 2630//4792 2604//4792 2583//4792
f 2630//4793 2583//4793 2612//4793
f 2631//4794 2586//4794 2613//4794
f 2631//4795 2606//4795 2586//4795
f 2632//4796 2587//4796 2614//4796
f 2632//4797 2607//4797 2587//4797
f 2633//4798 2588//4798 2615//4798
f 2633//4799 2608//4799 2588//4799
f 2634//4800 2609//4800 2589//4800
f 2634//4801 2589//4801 2616//4801
f 2635//4802 2590//4802 2617//4802
f 2635//4803 2610//4803 2590//4803
f 2636//4804 2591//4804 439//4804
f 2636//4805 2611//4805 2591//4805
f 2637//4806 2592//4806 2618//4806
f 2637//4807 2612//4807 2592//4807
f 2638//4808 2613//4808 2593//4808
f 2638//4809 2593//4809 2619//4809
f 2639//4810 2614//4810 2594//4810
f 2639//4811 2594//4811 2620//4811
f 2640//4812 2615//4812 2595//4812
f 2640//4813 2595//4813 2621//4813
f 2641//4814 2616//4814 2596//4814
f 2641//4815 2596//4815 2622//4815
f 2642//4816 2597//4816 2623//4816
f 2642//4817 2617//4817 2597//4817
f 2643//4818 2618//4818 2598//4818
f 2643//4819 2598//4819 2624//4819
f 2644//4820 2619//4820 2599//4820
f 2644//4821 2599//4821 2625//4821
f 2645//4822 2600//4822 2626//4822
f 2645//4823 2620//4823 2600//4823
f 2646//4824 2601//4824 2627//4824
f 2646//4825 2621//4825 2601//4825
f 2647//4826 2622//4826 2602//4826
f 2647//4827 2602//4827 2628//4827
f 2648//4828 2623//4828 2603//4828
f 2648//4829 2603//4829 2629//4829
f 2649//4830 2604//4830 2630//4830
f 2649//4831 2650//4831 2605//4831
f 2649//4832 2605//4832 2604//4832
f 2651//4833 2624//4833 2606//4833
f 2651//4834 2606//4834 2631//4834
f 2652//4835 2625//4835 2607//4835
f 2652//4836 2607//4836 2632//4836
f 2653//4837 2626//4837 2608//4837
f 2653//4838 2608//4838 2633//4838
f 2654//4839 2609//4839 2634//4839
f 2654//4840 2627//4840 2609//4840
f 2655//4841 2610//4841 2635//4841
f 2655//4842 2628//4842 2610//4842
f 2656//4843 2629//4843 2611//4843
f 2656//4844 2611//4844 2636//4844
f 2657//4845 2630//4845 2612//4845
f 2657//4846 2612//4846 2637//4846
f 2658//4847 2613//4847 2638//4847
f 2658//4848 2631//4848 2613//4848
f 2659//4849 2614//4849 2639//4849
f 2659//4850 2632//4850 2614//4850
f 2660//4851 2633//4851 2615//4851
f 2660//4852 2615//4852 2640//4852
f 2661//4853 2616//4853 2641//4853
f 2661//4854 2634//4854 2616//4854
f 2662//4855 2617//4855 2642//4855
f 2662//4856 2635//4856 2617//4856
f 2663//4857 438//4857 437//4857
f 2663//4858 439//4858 438//4858
f 2663//4859 2636//4859 439//4859
f 2664//4860 2637//4860 2618//4860
f 2664//4861 2618//4861 2643//4861
f 2665//4862 2619//4862 2644//4862
f 2665//4863 2638//4863 2619//4863
f 2666//4864 2639//4864 2620//4864
f 2666//4865 2620//4865 2645//4865
f 2667//4866 2621//4866 2646//4866
f 2667//4867 2640//4867 2621//4867
f 2668//4868 2641//4868 2622//4868
f 2668//4869 2622//4869 2647//4869
f 2669//4870 2623//4870 2648//4870
f 2669//4871 2642//4871 2623//4871
f 2670//4872 2671//4872 2650//4872
f 2670//4873 2672//4873 2671//4873
f 2670//4874 2650//4874 2649//4874
f 2673//4875 2624//4875 2651//4875
f 2673//4876 2643//4876 2624//4876
f 2674//4877 2625//4877 2652//4877
f 2674//4878 2644//4878 2625//4878
f 2675//4879 2645//4879 2626//4879
f 2675//4880 2626//4880 2653//4880
f 2676//4881 2646//4881 2627//4881
f 2676//4882 2627//4882 2654//4882
f 2677//4883 2647//4883 2628//4883
f 2677//4884 2628//4884 2655//4884
f 2678//4885 2648//4885 2629//4885
f 2678//4886 2629//4886 2656//4886
f 2679//4887 2630//4887 2657//4887
f 2679//4888 2649//4888 2630//4888
f 2680//4889 2651//4889 2631//4889
f 2680//4890 2631//4890 2658//4890
f 2681//4891 2632//4891 2659//4891
f 2681//4892 2652//4892 2632//4892
f 2682//4893 2653//4893 2633//4893
f 2682//4894 2633//4894 2660//4894
f 2683//4895 2634//4895 2661//4895
f 2683//4896 2654//4896 2634//4896
f 2684//4897 2635//4897 2662//4897
f 2684//4898 2655//4898 2635//4898
f 2685//4899 2656//4899 2636//4899
f 2685//4900 2636//4900 2663//4900
f 2686//4901 2657//4901 2637//4901
f 2686//4902 2637//4902 2664//4902
f 2687//4903 2658//4903 2638//4903
f 2687//4904 2638//4904 2665//4904
f 2688//4905 2659//4905 2639//4905
f 2688//4906 2639//4906 2666//4906
f 2689//4907 2640//4907 2667//4907
f 2689//4908 2660//4908 2640//4908
f 2690//4909 2661//4909 2641//4909
f 2690//4910 2641//4910 2668//4910
f 2691//4911 2662//4911 2642//4911
f 2691//4912 2642//4912 2669//4912
f 2692//4913 2664//4913 2643//4913
f 2692//4914 2643//4914 2673//4914
f 2693//4915 2644//4915 2674//4915
f 2693//4916 2665//4916 2644//4916
f 2694//4917 2645//4917 2675//4917
f 2694//4918 2666//4918 2645//4918
f 2695//4919 2667//4919 2646//4919
f 2695//4920 2646//4920 2676//4920
f 2696//4921 2668//4921 2647//4921
f 2696//4922 2647//4922 2677//4922
f 2697//4923 2648//4923 2678//4923
f 2697//4924 2669//4924 2648//4924
f 2698//4925 2670//4925 2649//4925
f 2698//4926 2649//4926 2679//4926
f 2699//4927 2673//4927 2651//4927
f 2699//4928 2651//4928 2680//4928
f 2700//4929 2674//4929 2652//4929
f 2700//4930 2652//4930 2681//4930
f 2701//4931 2675//4931 2653//4931
f 2701//4932 2653//4932 2682//4932
f 2702//4933 2676//4933 2654//4933
f 2702//4934 2654//4934 2683//4934
f 2703//4935 2655//4935 2684//4935
f 2703//4936 2677//4936 2655//4936
f 2704//4937 2656//4937 2685//4937
f 2704//4938 2678//4938 2656//4938
f 2705//4939 2657//4939 2686//4939
f 2705//4940 2679//4940 2657//4940
f 2706//4941 2658//4941 2687//4941
f 2706//4942 2680//4942 2658//4942
f 2707//4943 2659//4943 2688//4943
f 2707//4944 2681//4944 2659//4944
f 2708//4945 2682//4945 2660//4945
f 2708//4946 2660//4946 2689//4946
f 2709//4947 2683//4947 2661//4947
f 2709//4948 2661//4948 2690//4948
f 2710//4949 2662//4949 2691//4949
f 2710//4950 2684//4950 2662//4950
f 2711//4951 2685//4951 2663//4951
f 2711//4952 437//4952 436//4952
f 2711//4953 2663//4953 437//4953
f 2712//4954 2686//4954 2664//4954
f 2712//4955 2664//4955 2692//4955
f 2713//4956 2687//4956 2665//4956
f 2713//4957 2665//4957 2693//4957
f 2714//4958 2688//4958 2666//4958
f 2714//4959 2666//4959 2694//4959
f 2715//4960 2667//4960 2695//4960
f 2715//4961 2689//4961 2667//4961
f 2716//4962 2690//4962 2668//4962
f 2716//4963 2668//4963 2696//4963
f 2717//4964 2691//4964 2669//4964
f 2717//4965 2669//4965 2697//4965
f 2718//4966 1837//4966 1839//4966
f 2718//4967 2670//4967 2698//4967
f 2718//4968 2672//4968 2670//4968
f 2718//4969 1901//4969 2672//4969
f 2718//4970 1839//4970 1901//4970
f 2719//4971 2692//4971 2673//4971
f 2719//4972 2673//4972 2699//4972
f 2720//4973 2693//4973 2674//4973
f 2720//4974 2674//4974 2700//4974
f 2721//4975 2694//4975 2675//4975
f 2721//4976 2675//4976 2701//4976
f 2722//4977 2676//4977 2702//4977
f 2722//4978 2695//4978 2676//4978
f 2723//4979 2677//4979 2703//4979
f 2723//4980 2696//4980 2677//4980
f 2724//4981 2697//4981 2678//4981
f 2724//4982 2678//4982 2704//4982
f 2725//4983 2698//4983 2679//4983
f 2725//4984 2679//4984 2705//4984
f 2726//4985 2699//4985 2680//4985
f 2726//4986 2680//4986 2706//4986
f 2727//4987 2681//4987 2707//4987
f 2727//4988 2700//4988 2681//4988
f 2728//4989 2701//4989 2682//4989
f 2728//4990 2682//4990 2708//4990
f 2729//4991 2683//4991 2709//4991
f 2729//4992 2702//4992 2683//4992
f 2730//4993 2703//4993 2684//4993
f 2730//4994 2684//4994 2710//4994
f 2731//4995 2704//4995 2685//4995
f 2731//4996 2685//4996 2711//4996
f 2732//4997 2686//4997 2712//4997
f 2732//4998 2705//4998 2686//4998
f 2733//4999 2687//4999 2713//4999
f 2733//5000 2706//5000 2687//5000
f 2734//5001 2707//5001 2688//5001
f 2734//5002 2688//5002 2714//5002
f 2735//5003 2689//5003 2715//5003
f 2735//5004 2708//5004 2689//5004
f 2736//5005 2709//5005 2690//5005
f 2736//5006 2690//5006 2716//5006
f 2737//5007 2691//5007 2717//5007
f 2737//5008 2710//5008 2691//5008
f 2738//5009 436//5009 435//5009
f 2738//5010 2711//5010 436//5010
f 2739//5011 2692//5011 2719//5011
f 2739//5012 2712//5012 2692//5012
f 2740//5013 2693//5013 2720//5013
f 2740//5014 2713//5014 2693//5014
f 2741//5015 2714//5015 2694//5015
f 2741//5016 2694//5016 2721//5016
f 2742//5017 2715//5017 2695//5017
f 2742//5018 2695//5018 2722//5018
f 2743//5019 2716//5019 2696//5019
f 2743//5020 2696//5020 2723//5020
f 2744//5021 2697//5021 2724//5021
f 2744//5022 2717//5022 2697//5022
f 2745//5023 2718//5023 2698//5023
f 2745//5024 1835//5024 1837//5024
f 2745//5025 1837//5025 2718//5025
f 2745//5026 2698//5026 2725//5026
f 2746//5027 2719//5027 2699//5027
f 2746//5028 2699//5028 2726//5028
f 2747//5029 2700//5029 2727//5029
f 2747//5030 2720//5030 2700//5030
f 2748//5031 2701//5031 2728//5031
f 2748//5032 2721//5032 2701//5032
f 2749//5033 2722//5033 2702//5033
f 2749//5034 2702//5034 2729//5034
f 2750//5035 2703//5035 2730//5035
f 2750//5036 2723//5036 2703//5036
f 2751//5037 2724//5037 2704//5037
f 2751//5038 2704//5038 2731//5038
f 2752//5039 2725//5039 2705//5039
f 2752//5040 2705//5040 2732//5040
f 2753//5041 2726//5041 2706//5041
f 2753//5042 2706//5042 2733//5042
f 2754//5043 2727//5043 2707//5043
f 2754//5044 2707//5044 2734//5044
f 2755//5045 2728//5045 2708//5045
f 2755//5046 2708//5046 2735//5046
f 2756//5047 2729//5047 2709//5047
f 2756//5048 2709//5048 2736//5048
f 2757//5049 2710//5049 2737//5049
f 2757//5050 2730//5050 2710//5050
f 2758//5051 2731//5051 2711//5051
f 2758//5052 2711//5052 2738//5052
f 2759//5053 2732//5053 2712//5053
f 2759//5054 2712//5054 2739//5054
f 2760//5055 2713//5055 2740//5055
f 2760//5056 2733//5056 2713//5056
f 2761//5057 2714//5057 2741//5057
f 2761//5058 2734//5058 2714//5058
f 2762//5059 2715//5059 2742//5059
f 2762//5060 2735//5060 2715//5060
f 2763//5061 2716//5061 2743//5061
f 2763//5062 2736//5062 2716//5062
f 2764//5063 2737//5063 2717//5063
f 2764//5064 2717//5064 2744//5064
f 2765//5065 2719//5065 2746//5065
f 2765//5066 2739//5066 2719//5066
f 2766//5067 2740//5067 2720//5067
f 2766//5068 2720//5068 2747//5068
f 2767//5069 2721//5069 2748//5069
f 2767//5070 2741//5070 2721//5070
f 2768//5071 2722//5071 2749//5071
f 2768//5072 2742//5072 2722//5072
f 2769//5073 2743//5073 2723//5073
f 2769//5074 2723//5074 2750//5074
f 2770//5075 2724//5075 2751//5075
f 2770//5076 2744//5076 2724//5076
f 2771//5077 1833//5077 1835//5077
f 2771//5078 2725//5078 2752//5078
f 2771//5079 1835//5079 2745//5079
f 2771//5080 2745//5080 2725//5080
f 2772//5081 2726//5081 2753//5081
f 2772//5082 2746//5082 2726//5082
f 2773//5083 2747//5083 2727//5083
f 2773//5084 2727//5084 2754//5084
f 2774//5085 2728//5085 2755//5085
f 2774//5086 2748//5086 2728//5086
f 2775//5087 2729//5087 2756//5087
f 2775//5088 2749//5088 2729//5088
f 2776//5089 2750//5089 2730//5089
f 2776//5090 2730//5090 2757//5090
f 2777//5091 2751//5091 2731//5091
f 2777//5092 2731//5092 2758//5092
f 2778//5093 2752//5093 2732//5093
f 2778//5094 2732//5094 2759//5094
f 2779//5095 2753//5095 2733//5095
f 2779//5096 2733//5096 2760//5096
f 2780//5097 2734//5097 2761//5097
f 2780//5098 2754//5098 2734//5098
f 2781//5099 2755//5099 2735//5099
f 2781//5100 2735//5100 2762//5100
f 2782//5101 2736//5101 2763//5101
f 2782//5102 2756//5102 2736//5102
f 2783//5103 2757//5103 2737//5103
f 2783//5104 2737//5104 2764//5104
f 2784//5105 434//5105 433//5105
f 2784//5106 435//5106 434//5106
f 2784//5107 2758//5107 2738//5107
f 2784//5108 2738//5108 435//5108
f 2785//5109 2759//5109 2739//5109
f 2785//5110 2739//5110 2765//5110
f 2786//5111 2760//5111 2740//5111
f 2786//5112 2740//5112 2766//5112
f 2787//5113 2741//5113 2767//5113
f 2787//5114 2761//5114 2741//5114
f 2788//5115 2742//5115 2768//5115
f 2788//5116 2762//5116 2742//5116
f 2789//5117 2763//5117 2743//5117
f 2789//5118 2743//5118 2769//5118
f 2790//5119 2744//5119 2770//5119
f 2790//5120 2764//5120 2744//5120
f 2791//5121 2765//5121 2746//5121
f 2791//5122 2746//5122 2772//5122
f 2792//5123 2747//5123 2773//5123
f 2792//5124 2766//5124 2747//5124
f 2793//5125 2748//5125 2774//5125
f 2793//5126 2767//5126 2748//5126
f 2794//5127 2749//5127 2775//5127
f 2794//5128 2768//5128 2749//5128
f 2795//5129 2750//5129 2776//5129
f 2795//5130 2769//5130 2750//5130
f 2796//5131 2751//5131 2777//5131
f 2796//5132 2770//5132 2751//5132
f 2797//5133 1833//5133 2771//5133
f 2797//5134 1831//5134 1833//5134
f 2797//5135 2752//5135 2778//5135
f 2797//5136 2771//5136 2752//5136
f 2798//5137 2772//5137 2753//5137
f 2798//5138 2753//5138 2779//5138
f 2799//5139 2773//5139 2754//5139
f 2799//5140 2754//5140 2780//5140
f 2800//5141 2755//5141 2781//5141
f 2800//5142 2774//5142 2755//5142
f 2801//5143 2756//5143 2782//5143
f 2801//5144 2775//5144 2756//5144
f 2802//5145 2776//5145 2757//5145
f 2802//5146 2757//5146 2783//5146
f 2803//5147 2777//5147 2758//5147
f 2803//5148 2758//5148 2784//5148
f 2804//5149 2759//5149 2785//5149
f 2804//5150 2778//5150 2759//5150
f 2805//5151 2760//5151 2786//5151
f 2805//5152 2779//5152 2760//5152
f 2806//5153 2761//5153 2787//5153
f 2806//5154 2780//5154 2761//5154
f 2807//5155 2781//5155 2762//5155
f 2807//5156 2762//5156 2788//5156
f 2808//5157 2763//5157 2789//5157
f 2808//5158 2782//5158 2763//5158
f 2809//5159 2764//5159 2790//5159
f 2809//5160 2783//5160 2764//5160
f 2810//5161 2765//5161 2791//5161
f 2810//5162 2785//5162 2765//5162
f 2811//5163 2786//5163 2766//5163
f 2811//5164 2766//5164 2792//5164
f 2812//5165 2767//5165 2793//5165
f 2812//5166 2787//5166 2767//5166
f 2813//5167 2788//5167 2768//5167
f 2813//5168 2768//5168 2794//5168
f 2814//5169 2769//5169 2795//5169
f 2814//5170 2789//5170 2769//5170
f 2815//5171 2790//5171 2770//5171
f 2815//5172 2770//5172 2796//5172
f 2816//5173 2791//5173 2772//5173
f 2816//5174 2772//5174 2798//5174
f 2817//5175 2773//5175 2799//5175
f 2817//5176 2792//5176 2773//5176
f 2818//5177 2793//5177 2774//5177
f 2818//5178 2774//5178 2800//5178
f 2819//5179 2775//5179 2801//5179
f 2819//5180 2794//5180 2775//5180
f 2820//5181 2795//5181 2776//5181
f 2820//5182 2776//5182 2802//5182
f 2821//5183 2796//5183 2777//5183
f 2821//5184 2777//5184 2803//5184
f 2822//5185 1829//5185 1831//5185
f 2822//5186 1831//5186 2797//5186
f 2822//5187 2797//5187 2778//5187
f 2822//5188 2778//5188 2804//5188
f 2823//5189 2798//5189 2779//5189
f 2823//5190 2779//5190 2805//5190
f 2824//5191 2799//5191 2780//5191
f 2824//5192 2780//5192 2806//5192
f 2825//5193 2800//5193 2781//5193
f 2825//5194 2781//5194 2807//5194
f 2826//5195 2782//5195 2808//5195
f 2826//5196 2801//5196 2782//5196
f 2827//5197 2783//5197 2809//5197
f 2827//5198 2802//5198 2783//5198
f 2828//5199 433//5199 432//5199
f 2828//5200 2803//5200 2784//5200
f 2828//5201 2784//5201 433//5201
f 2829//5202 2804//5202 2785//5202
f 2829//5203 2785//5203 2810//5203
f 2830//5204 2786//5204 2811//5204
f 2830//5205 2805//5205 2786//5205
f 2831//5206 2787//5206 2812//5206
f 2831//5207 2806//5207 2787//5207
f 2832//5208 2807//5208 2788//5208
f 2832//5209 2788//5209 2813//5209
f 2833//5210 2789//5210 2814//5210
f 2833//5211 2808//5211 2789//5211
f 2834//5212 2809//5212 2790//5212
f 2834//5213 2790//5213 2815//5213
f 2835//5214 2810//5214 2791//5214
f 2835//5215 2791//5215 2816//5215
f 2836//5216 2811//5216 2792//5216
f 2836//5217 2792//5217 2817//5217
f 2837//5218 2812//5218 2793//5218
f 2837//5219 2793//5219 2818//5219
f 2838//5220 2794//5220 2819//5220
f 2838//5221 2813//5221 2794//5221
f 2839//5222 2814//5222 2795//5222
f 2839//5223 2795//5223 2820//5223
f 2840//5224 2796//5224 2821//5224
f 2840//5225 2815//5225 2796//5225
f 2841//5226 2798//5226 2823//5226
f 2841//5227 2816//5227 2798//5227
f 2842//5228 2799//5228 2824//5228
f 2842//5229 2817//5229 2799//5229
f 2843//5230 2818//5230 2800//5230
f 2843//5231 2800//5231 2825//5231
f 2844//5232 2801//5232 2826//5232
f 2844//5233 2819//5233 2801//5233
f 2845//5234 2820//5234 2802//5234
f 2845//5235 2802//5235 2827//5235
f 2846//5236 2821//5236 2803//5236
f 2846//5237 2803//5237 2828//5237
f 2847//5238 1827//5238 1829//5238
f 2847//5239 2822//5239 2804//5239
f 2847//5240 2804//5240 2829//5240
f 2847//5241 1829//5241 2822//5241
f 2848//5242 2823//5242 2805//5242
f 2848//5243 2805//5243 2830//5243
f 2849//5244 2824//5244 2806//5244
f 2849//5245 2806//5245 2831//5245
f 2850//5246 2825//5246 2807//5246
f 2850//5247 2807//5247 2832//5247
f 2851//5248 2826//5248 2808//5248
f 2851//5249 2808//5249 2833//5249
f 2852//5250 2827//5250 2809//5250
f 2852//5251 2809//5251 2834//5251
f 2853//5252 432//5252 431//5252
f 2853//5253 2828//5253 432//5253
f 2854//5254 2829//5254 2810//5254
f 2854//5255 2810//5255 2835//5255
f 2855//5256 2811//5256 2836//5256
f 2855//5257 2830//5257 2811//5257
f 2856//5258 2812//5258 2837//5258
f 2856//5259 2831//5259 2812//5259
f 2857//5260 2813//5260 2838//5260
f 2857//5261 2832//5261 2813//5261
f 2858//5262 2814//5262 2839//5262
f 2858//5263 2833//5263 2814//5263
f 2859//5264 2815//5264 2840//5264
f 2859//5265 2834//5265 2815//5265
f 2860//5266 2835//5266 2816//5266
f 2860//5267 2816//5267 2841//5267
f 2861//5268 2817//5268 2842//5268
f 2861//5269 2836//5269 2817//5269
f 2862//5270 2837//5270 2818//5270
f 2862//5271 2818//5271 2843//5271
f 2863//5272 2838//5272 2819//5272
f 2863//5273 2819//5273 2844//5273
f 2864//5274 2839//5274 2820//5274
f 2864//5275 2820//5275 2845//5275
f 2865//5276 2821//5276 2846//5276
f 2865//5277 2840//5277 2821//5277
f 2866//5278 2841//5278 2823//5278
f 2866//5279 2823//5279 2848//5279
f 2867//5280 2824//5280 2849//5280
f 2867//5281 2842//5281 2824//5281
f 2868//5282 2825//5282 2850//5282
f 2868//5283 2843//5283 2825//5283
f 2869//5284 2844//5284 2826//5284
f 2869//5285 2826//5285 2851//5285
f 2870//5286 2827//5286 2852//5286
f 2870//5287 2845//5287 2827//5287
f 2871//5288 2828//5288 2853//5288
f 2871//5289 2846//5289 2828//5289
f 2872//5290 2829//5290 2854//5290
f 2872//5291 1825//5291 1827//5291
f 2872//5292 1827//5292 2847//5292
f 2872//5293 2847//5293 2829//5293
f 2873//5294 2830//5294 2855//5294
f 2873//5295 2848//5295 2830//5295
f 2874//5296 2849//5296 2831//5296
f 2874//5297 2831//5297 2856//5297
f 2875//5298 2832//5298 2857//5298
f 2875//5299 2850//5299 2832//5299
f 2876//5300 2833//5300 2858//5300
f 2876//5301 2851//5301 2833//5301
f 2877//5302 2834//5302 2859//5302
f 2877//5303 2852//5303 2834//5303
f 2878//5304 2854//5304 2835//5304
f 2878//5305 2835//5305 2860//5305
f 2879//5306 2855//5306 2836//5306
f 2879//5307 2836//5307 2861//5307
f 2880//5308 2837//5308 2862//5308
f 2880//5309 2856//5309 2837//5309
f 2881//5310 2857//5310 2838//5310
f 2881//5311 2838//5311 2863//5311
f 2882//5312 2839//5312 2864//5312
f 2882//5313 2858//5313 2839//5313
f 2883//5314 2840//5314 2865//5314
f 2883//5315 2859//5315 2840//5315
f 2884//5316 2860//5316 2841//5316
f 2884//5317 2841//5317 2866//5317
f 2885//5318 2842//5318 2867//5318
f 2885//5319 2861//5319 2842//5319
f 2886//5320 2843//5320 2868//5320
f 2886//5321 2862//5321 2843//5321
f 2887//5322 2844//5322 2869//5322
f 2887//5323 2863//5323 2844//5323
f 2888//5324 2864//5324 2845//5324
f 2888//5325 2845//5325 2870//5325
f 2889//5326 2846//5326 2871//5326
f 2889//5327 2865//5327 2846//5327
f 2890//5328 2866//5328 2848//5328
f 2890//5329 2848//5329 2873//5329
f 2891//5330 2867//5330 2849//5330
f 2891//5331 2849//5331 2874//5331
f 2892//5332 2850//5332 2875//5332
f 2892//5333 2868//5333 2850//5333
f 2893//5334 2851//5334 2876//5334
f 2893//5335 2869//5335 2851//5335
f 2894//5336 2870//5336 2852//5336
f 2894//5337 2852//5337 2877//5337
f 2895//5338 2853//5338 431//5338
f 2895//5339 430//5339 429//5339
f 2895//5340 431//5340 430//5340
f 2895//5341 2871//5341 2853//5341
f 2896//5342 1823//5342 1825//5342
f 2896//5343 2872//5343 2854//5343
f 2896//5344 1825//5344 2872//5344
f 2896//5345 2854//5345 2878//5345
f 2897//5346 2873//5346 2855//5346
f 2897//5347 2855//5347 2879//5347
f 2898//5348 2856//5348 2880//5348
f 2898//5349 2874//5349 2856//5349
f 2899//5350 2857//5350 2881//5350
f 2899//5351 2875//5351 2857//5351
f 2900//5352 2858//5352 2882//5352
f 2900//5353 2876//5353 2858//5353
f 2901//5354 2877//5354 2859//5354
f 2901//5355 2859//5355 2883//5355
f 2902//5356 2860//5356 2884//5356
f 2902//5357 2878//5357 2860//5357
f 2903//5358 2879//5358 2861//5358
f 2903//5359 2861//5359 2885//5359
f 2904//5360 2880//5360 2862//5360
f 2904//5361 2862//5361 2886//5361
f 2905//5362 2863//5362 2887//5362
f 2905//5363 2881//5363 2863//5363
f 2906//5364 2882//5364 2864//5364
f 2906//5365 2864//5365 2888//5365
f 2907//5366 2865//5366 2889//5366
f 2907//5367 2883//5367 2865//5367
f 2908//5368 2866//5368 2890//5368
f 2908//5369 2884//5369 2866//5369
f 2909//5370 2867//5370 2891//5370
f 2909//5371 2885//5371 2867//5371
f 2910//5372 2886//5372 2868//5372
f 2910//5373 2868//5373 2892//5373
f 2911//5374 2869//5374 2893//5374
f 2911//5375 2887//5375 2869//5375
f 2912//5376 2870//5376 2894//5376
f 2912//5377 2888//5377 2870//5377
f 2913//5378 2889//5378 2871//5378
f 2913//5379 2871//5379 2895//5379
f 2914//5380 2873//5380 2897//5380
f 2914//5381 2890//5381 2873//5381
f 2915//5382 2874//5382 2898//5382
f 2915//5383 2891//5383 2874//5383
f 2916//5384 2892//5384 2875//5384
f 2916//5385 2875//5385 2899//5385
f 2917//5386 2876//5386 2900//5386
f 2917//5387 2893//5387 2876//5387
f 2918//5388 2877//5388 2901//5388
f 2918//5389 2894//5389 2877//5389
f 2919//5390 1821//5390 1823//5390
f 2919//5391 2896//5391 2878//5391
f 2919//5392 2878//5392 2902//5392
f 2919//5393 2902//5393 1821//5393
f 2919//5394 1823//5394 2896//5394
f 2920//5395 2879//5395 2903//5395
f 2920//5396 2897//5396 2879//5396
f 2921//5397 2898//5397 2880//5397
f 2921//5398 2880//5398 2904//5398
f 2922//5399 2881//5399 2905//5399
f 2922//5400 2899//5400 2881//5400
f 2923//5401 2900//5401 2882//5401
f 2923//5402 2882//5402 2906//5402
f 2924//5403 2901//5403 2883//5403
f 2924//5404 2883//5404 2907//5404
f 2925//5405 1819//5405 1821//5405
f 2925//5406 2902//5406 2884//5406
f 2925//5407 1821//5407 2902//5407
f 2925//5408 2884//5408 2908//5408
f 2926//5409 2903//5409 2885//5409
f 2926//5410 2885//5410 2909//5410
f 2927//5411 2886//5411 2910//5411
f 2927//5412 2904//5412 2886//5412
f 2928//5413 2887//5413 2911//5413
f 2928//5414 2905//5414 2887//5414
f 2929//5415 2888//5415 2912//5415
f 2929//5416 2906//5416 2888//5416
f 2930//5417 2889//5417 2913//5417
f 2930//5418 2907//5418 2889//5418
f 2931//5419 2908//5419 2890//5419
f 2931//5420 2890//5420 2914//5420
f 2932//5421 2909//5421 2891//5421
f 2932//5422 2891//5422 2915//5422
f 2933//5423 2892//5423 2916//5423
f 2933//5424 2910//5424 2892//5424
f 2934//5425 2911//5425 2893//5425
f 2934//5426 2893//5426 2917//5426
f 2935//5427 2912//5427 2894//5427
f 2935//5428 2894//5428 2918//5428
f 2936//5429 429//5429 428//5429
f 2936//5430 2895//5430 429//5430
f 2936//5431 2913//5431 2895//5431
f 2937//5432 2897//5432 2920//5432
f 2937//5433 2914//5433 2897//5433
f 2938//5434 2898//5434 2921//5434
f 2938//5435 2915//5435 2898//5435
f 2939//5436 2899//5436 2922//5436
f 2939//5437 2916//5437 2899//5437
f 2940//5438 2917//5438 2900//5438
f 2940//5439 2900//5439 2923//5439
f 2941//5440 2918//5440 2901//5440
f 2941//5441 2901//5441 2924//5441
f 2942//5442 2903//5442 2926//5442
f 2942//5443 2920//5443 2903//5443
f 2943//5444 2921//5444 2904//5444
f 2943//5445 2904//5445 2927//5445
f 2944//5446 2922//5446 2905//5446
f 2944//5447 2905//5447 2928//5447
f 2945//5448 2923//5448 2906//5448
f 2945//5449 2906//5449 2929//5449
f 2946//5450 2907//5450 2930//5450
f 2946//5451 2924//5451 2907//5451
f 2947//5452 1815//5452 1817//5452
f 2947//5453 1817//5453 1819//5453
f 2947//5454 1819//5454 2925//5454
f 2947//5455 2925//5455 2908//5455
f 2947//5456 2908//5456 2931//5456
f 2948//5457 2926//5457 2909//5457
f 2948//5458 2909//5458 2932//5458
f 2949//5459 2927//5459 2910//5459
f 2949//5460 2910//5460 2933//5460
f 2950//5461 2928//5461 2911//5461
f 2950//5462 2911//5462 2934//5462
f 2951//5463 2912//5463 2935//5463
f 2951//5464 2929//5464 2912//5464
f 2952//5465 2930//5465 2913//5465
f 2952//5466 2913//5466 2936//5466
f 2953//5467 2931//5467 2914//5467
f 2953//5468 2914//5468 2937//5468
f 2954//5469 2915//5469 2938//5469
f 2954//5470 2932//5470 2915//5470
f 2955//5471 2916//5471 2939//5471
f 2955//5472 2933//5472 2916//5472
f 2956//5473 2917//5473 2940//5473
f 2956//5474 2934//5474 2917//5474
f 2957//5475 2918//5475 2941//5475
f 2957//5476 2935//5476 2918//5476
f 2958//5477 428//5477 427//5477
f 2958//5478 2936//5478 428//5478
f 2959//5479 2920//5479 2942//5479
f 2959//5480 2937//5480 2920//5480
f 2960//5481 2921//5481 2943//5481
f 2960//5482 2938//5482 2921//5482
f 2961//5483 2922//5483 2944//5483
f 2961//5484 2939//5484 2922//5484
f 2962//5485 2940//5485 2923//5485
f 2962//5486 2923//5486 2945//5486
f 2963//5487 2924//5487 2946//5487
f 2963//5488 2941//5488 2924//5488
f 2964//5489 2926//5489 2948//5489
f 2964//5490 2942//5490 2926//5490
f 2965//5491 2943//5491 2927//5491
f 2965//5492 2927//5492 2949//5492
f 2966//5493 2944//5493 2928//5493
f 2966//5494 2928//5494 2950//5494
f 2967//5495 2945//5495 2929//5495
f 2967//5496 2929//5496 2951//5496
f 2968//5497 2930//5497 2952//5497
f 2968//5498 2946//5498 2930//5498
f 2969//5499 2931//5499 2953//5499
f 2969//5500 1813//5500 1815//5500
f 2969//5501 1815//5501 2947//5501
f 2969//5502 2947//5502 2931//5502
f 2970//5503 2948//5503 2932//5503
f 2970//5504 2932//5504 2954//5504
f 2971//5505 2933//5505 2955//5505
f 2971//5506 2949//5506 2933//5506
f 2972//5507 2934//5507 2956//5507
f 2972//5508 2950//5508 2934//5508
f 2973//5509 2935//5509 2957//5509
f 2973//5510 2951//5510 2935//5510
f 2974//5511 2952//5511 2936//5511
f 2974//5512 2936//5512 2958//5512
f 2975//5513 1809//5513 1811//5513
f 2975//5514 2953//5514 2937//5514
f 2975//5515 2937//5515 2959//5515
f 2976//5516 2938//5516 2960//5516
f 2976//5517 2954//5517 2938//5517
f 2977//5518 2939//5518 2961//5518
f 2977//5519 2955//5519 2939//5519
f 2978//5520 2940//5520 2962//5520
f 2978//5521 2956//5521 2940//5521
f 2979//5522 2957//5522 2941//5522
f 2979//5523 2941//5523 2963//5523
f 2980//5524 2959//5524 2942//5524
f 2980//5525 2942//5525 2964//5525
f 2981//5526 2943//5526 2965//5526
f 2981//5527 2960//5527 2943//5527
f 2982//5528 2944//5528 2966//5528
f 2982//5529 2961//5529 2944//5529
f 2983//5530 2962//5530 2945//5530
f 2983//5531 2945//5531 2967//5531
f 2984//5532 2946//5532 2968//5532
f 2984//5533 2963//5533 2946//5533
f 2985//5534 2964//5534 2948//5534
f 2985//5535 2948//5535 2970//5535
f 2986//5536 2949//5536 2971//5536
f 2986//5537 2965//5537 2949//5537
f 2987//5538 2950//5538 2972//5538
f 2987//5539 2966//5539 2950//5539
f 2988//5540 2951//5540 2973//5540
f 2988//5541 2967//5541 2951//5541
f 2989//5542 2968//5542 2952//5542
f 2989//5543 2952//5543 2974//5543
f 2990//5544 1811//5544 1813//5544
f 2990//5545 2975//5545 1811//5545
f 2990//5546 2969//5546 2953//5546
f 2990//5547 1813//5547 2969//5547
f 2990//5548 2953//5548 2975//5548
f 2991//5549 2954//5549 2976//5549
f 2991//5550 2970//5550 2954//5550
f 2992//5551 2955//5551 2977//5551
f 2992//5552 2971//5552 2955//5552
f 2993//5553 2972//5553 2956//5553
f 2993//5554 2956//5554 2978//5554
f 2994//5555 2957//5555 2979//5555
f 2994//5556 2973//5556 2957//5556
f 2995//5557 426//5557 425//5557
f 2995//5558 427//5558 426//5558
f 2995//5559 2974//5559 2958//5559
f 2995//5560 2958//5560 427//5560
f 2996//5561 2959//5561 2980//5561
f 2996//5562 2975//5562 2959//5562
f 2996//5563 1809//5563 2975//5563
f 2996//5564 1807//5564 1809//5564
f 2997//5565 2960//5565 2981//5565
f 2997//5566 2976//5566 2960//5566
f 2998//5567 2961//5567 2982//5567
f 2998//5568 2977//5568 2961//5568
f 2999//5569 2978//5569 2962//5569
f 2999//5570 2962//5570 2983//5570
f 3000//5571 2979//5571 2963//5571
f 3000//5572 2963//5572 2984//5572
f 3001//5573 2964//5573 2985//5573
f 3001//5574 2980//5574 2964//5574
f 3001//5575 1803//5575 1805//5575
f 3002//5576 2965//5576 2986//5576
f 3002//5577 2981//5577 2965//5577
f 3003//5578 2966//5578 2987//5578
f 3003//5579 2982//5579 2966//5579
f 3004//5580 2967//5580 2988//5580
f 3004//5581 2983//5581 2967//5581
f 3005//5582 2968//5582 2989//5582
f 3005//5583 2984//5583 2968//5583
f 3006//5584 2970//5584 2991//5584
f 3006//5585 2985//5585 2970//5585
f 3007//5586 2971//5586 2992//5586
f 3007//5587 2986//5587 2971//5587
f 3008//5588 2987//5588 2972//5588
f 3008//5589 2972//5589 2993//5589
f 3009//5590 2973//5590 2994//5590
f 3009//5591 2988//5591 2973//5591
f 3010//5592 2989//5592 2974//5592
f 3010//5593 2974//5593 2995//5593
f 3011//5594 2976//5594 2997//5594
f 3011//5595 2991//5595 2976//5595
f 3012//5596 2992//5596 2977//5596
f 3012//5597 2977//5597 2998//5597
f 3013//5598 2993//5598 2978//5598
f 3013//5599 2978//5599 2999//5599
f 3014//5600 2979//5600 3000//5600
f 3014//5601 2994//5601 2979//5601
f 3015//5602 2980//5602 3001//5602
f 3015//5603 1807//5603 2996//5603
f 3015//5604 3001//5604 1805//5604
f 3015//5605 2996//5605 2980//5605
f 3015//5606 1805//5606 1807//5606
f 3016//5607 2997//5607 2981//5607
f 3016//5608 2981//5608 3002//5608
f 3017//5609 2982//5609 3003//5609
f 3017//5610 2998//5610 2982//5610
f 3018//5611 2983//5611 3004//5611
f 3018//5612 2999//5612 2983//5612
f 3019//5613 2984//5613 3005//5613
f 3019//5614 3000//5614 2984//5614
f 3020//5615 1803//5615 3001//5615
f 3020//5616 3001//5616 2985//5616
f 3020//5617 2985//5617 3006//5617
f 3020//5618 1801//5618 1803//5618
f 3021//5619 2986//5619 3007//5619
f 3021//5620 3002//5620 2986//5620
f 3022//5621 3003//5621 2987//5621
f 3022//5622 2987//5622 3008//5622
f 3023//5623 3004//5623 2988//5623
f 3023//5624 2988//5624 3009//5624
f 3024//5625 3005//5625 2989//5625
f 3024//5626 2989//5626 3010//5626
f 3025//5627 3006//5627 2991//5627
f 3025//5628 2991//5628 3011//5628
f 3025//5629 1796//5629 1798//5629
f 3026//5630 3007//5630 2992//5630
f 3026//5631 2992//5631 3012//5631
f 3027//5632 2993//5632 3013//5632
f 3027//5633 3008//5633 2993//5633
f 3028//5634 3009//5634 2994//5634
f 3028//5635 2994//5635 3014//5635
f 3029//5636 425//5636 424//5636
f 3029//5637 3010//5637 2995//5637
f 3029//5638 2995//5638 425//5638
f 3030//5639 3011//5639 2997//5639
f 3030//5640 2997//5640 3016//5640
f 3031//5641 3012//5641 2998//5641
f 3031//5642 2998//5642 3017//5642
f 3032//5643 3013//5643 2999//5643
f 3032//5644 2999//5644 3018//5644
f 3033//5645 3014//5645 3000//5645
f 3033//5646 3000//5646 3019//5646
f 3034//5647 3016//5647 3002//5647
f 3034//5648 3002//5648 3021//5648
f 3035//5649 3017//5649 3003//5649
f 3035//5650 3003//5650 3022//5650
f 3036//5651 3004//5651 3023//5651
f 3036//5652 3018//5652 3004//5652
f 3037//5653 3019//5653 3005//5653
f 3037//5654 3005//5654 3024//5654
f 3038//5655 3020//5655 3006//5655
f 3038//5656 1801//5656 3020//5656
f 3038//5657 3025//5657 1798//5657
f 3038//5658 3006//5658 3025//5658
f 3038//5659 1798//5659 1801//5659
f 3039//5660 3021//5660 3007//5660
f 3039//5661 3007//5661 3026//5661
f 3040//5662 3022//5662 3008//5662
f 3040//5663 3008//5663 3027//5663
f 3041//5664 3023//5664 3009//5664
f 3041//5665 3009//5665 3028//5665
f 3042//5666 3024//5666 3010//5666
f 3042//5667 3010//5667 3029//5667
f 3043//5668 1796//5668 3025//5668
f 3043//5669 3011//5669 3030//5669
f 3043//5670 1795//5670 1796//5670
f 3043//5671 3025//5671 3011//5671
f 3044//5672 3012//5672 3031//5672
f 3044//5673 3026//5673 3012//5673
f 3045//5674 3013//5674 3032//5674
f 3045//5675 3027//5675 3013//5675
f 3046//5676 3014//5676 3033//5676
f 3046//5677 3028//5677 3014//5677
f 3047//5678 3029//5678 424//5678
f 3047//5679 424//5679 423//5679
f 3047//5680 423//5680 1727//5680
f 3048//5681 3030//5681 3016//5681
f 3048//5682 3016//5682 3034//5682
f 3048//5683 1790//5683 1793//5683
f 3049//5684 3031//5684 3017//5684
f 3049//5685 3017//5685 3035//5685
f 3050//5686 3018//5686 3036//5686
f 3050//5687 3032//5687 3018//5687
f 3051//5688 3019//5688 3037//5688
f 3051//5689 3033//5689 3019//5689
f 3052//5690 3034//5690 3021//5690
f 3052//5691 3021//5691 3039//5691
f 3053//5692 3035//5692 3022//5692
f 3053//5693 3022//5693 3040//5693
f 3054//5694 3036//5694 3023//5694
f 3054//5695 3023//5695 3041//5695
f 3055//5696 3024//5696 3042//5696
f 3055//5697 1733//5697 1734//5697
f 3055//5698 3037//5698 3024//5698
f 3056//5699 3039//5699 3026//5699
f 3056//5700 3026//5700 3044//5700
f 3057//5701 3040//5701 3027//5701
f 3057//5702 3027//5702 3045//5702
f 3058//5703 3028//5703 3046//5703
f 3058//5704 3041//5704 3028//5704
f 3059//5705 3029//5705 3047//5705
f 3059//5706 3042//5706 3029//5706
f 3059//5707 1727//5707 1729//5707
f 3059//5708 1729//5708 1731//5708
f 3059//5709 3047//5709 1727//5709
f 3060//5710 3043//5710 3030//5710
f 3060//5711 3048//5711 1793//5711
f 3060//5712 1795//5712 3043//5712
f 3060//5713 3030//5713 3048//5713
f 3060//5714 1793//5714 1795//5714
f 3061//5715 3044//5715 3031//5715
f 3061//5716 3031//5716 3049//5716
f 3062//5717 3045//5717 3032//5717
f 3062//5718 3032//5718 3050//5718
f 3063//5719 3046//5719 3033//5719
f 3063//5720 3033//5720 3051//5720
f 3063//5721 1741//5721 1743//5721
f 3064//5722 3034//5722 3052//5722
f 3064//5723 3048//5723 3034//5723
f 3064//5724 1790//5724 3048//5724
f 3064//5725 1786//5725 1789//5725
f 3064//5726 1789//5726 1790//5726
f 3064//5727 3052//5727 1786//5727
f 3065//5728 3035//5728 3053//5728
f 3065//5729 3049//5729 3035//5729
f 3066//5730 3036//5730 3054//5730
f 3066//5731 3050//5731 3036//5731
f 3067//5732 3037//5732 3055//5732
f 3067//5733 3051//5733 3037//5733
f 3067//5734 1734//5734 1737//5734
f 3067//5735 1737//5735 1739//5735
f 3067//5736 3055//5736 1734//5736
f 3068//5737 3039//5737 3056//5737
f 3068//5738 1783//5738 1785//5738
f 3068//5739 1785//5739 1786//5739
f 3068//5740 3052//5740 3039//5740
f 3068//5741 1786//5741 3052//5741
f 3069//5742 1767//5742 1768//5742
f 3069//5743 3040//5743 3057//5743
f 3069//5744 3053//5744 3040//5744
f 3070//5745 3041//5745 3058//5745
f 3070//5746 3054//5746 3041//5746
f 3070//5747 1749//5747 1750//5747
f 3071//5748 1733//5748 3055//5748
f 3071//5749 3042//5749 3059//5749
f 3071//5750 3059//5750 1731//5750
f 3071//5751 1731//5751 1733//5751
f 3071//5752 3055//5752 3042//5752
f 3072//5753 3056//5753 3044//5753
f 3072//5754 1779//5754 1780//5754
f 3072//5755 3044//5755 3061//5755
f 3073//5756 3057//5756 3045//5756
f 3073//5757 3045//5757 3062//5757
f 3074//5758 3063//5758 1743//5758
f 3074//5759 3058//5759 3046//5759
f 3074//5760 1743//5760 1745//5760
f 3074//5761 1745//5761 1747//5761
f 3074//5762 3046//5762 3063//5762
f 3075//5763 1777//5763 3061//5763
f 3075//5764 3061//5764 3049//5764
f 3075//5765 1774//5765 1777//5765
f 3075//5766 3049//5766 3065//5766
f 3076//5767 3050//5767 3066//5767
f 3076//5768 1756//5768 1758//5768
f 3076//5769 3062//5769 3050//5769
f 3077//5770 1741//5770 3063//5770
f 3077//5771 3067//5771 1739//5771
f 3077//5772 3051//5772 3067//5772
f 3077//5773 1739//5773 1741//5773
f 3077//5774 3063//5774 3051//5774
f 3078//5775 3053//5775 3069//5775
f 3078//5776 3069//5776 1768//5776
f 3078//5777 3065//5777 3053//5777
f 3078//5778 1768//5778 1771//5778
f 3079//5779 3054//5779 3070//5779
f 3079//5780 1755//5780 3066//5780
f 3079//5781 3066//5781 3054//5781
f 3079//5782 1750//5782 1753//5782
f 3079//5783 1753//5783 1755//5783
f 3079//5784 3070//5784 1750//5784
f 3080//5785 1783//5785 3068//5785
f 3080//5786 3068//5786 3056//5786
f 3080//5787 3072//5787 1780//5787
f 3080//5788 3056//5788 3072//5788
f 3080//5789 1780//5789 1783//5789
f 3081//5790 1767//5790 3069//5790
f 3081//5791 3073//5791 1763//5791
f 3081//5792 1763//5792 1765//5792
f 3081//5793 1765//5793 1767//5793
f 3081//5794 3057//5794 3073//5794
f 3081//5795 3069//5795 3057//5795
f 3082//5796 3074//5796 1747//5796
f 3082//5797 3070//5797 3058//5797
f 3082//5798 1749//5798 3070//5798
f 3082//5799 1747//5799 1749//5799
f 3082//5800 3058//5800 3074//5800
f 3083//5801 3061//5801 1777//5801
f 3083//5802 1779//5802 3072//5802
f 3083//5803 3072//5803 3061//5803
f 3083//5804 1777//5804 1779//5804
f 3084//5805 3076//5805 1758//5805
f 3084//5806 3073//5806 3062//5806
f 3084//5807 1763//5807 3073//5807
f 3084//5808 1758//5808 1761//5808
f 3084//5809 1761//5809 1763//5809
f 3084//5810 3062//5810 3076//5810
f 3085//5811 3075//5811 3065//5811
f 3085//5812 1774//5812 3075//5812
f 3085//5813 3065//5813 3078//5813
f 3085//5814 3078//5814 1771//5814
f 3085//5815 1771//5815 1772//5815
f 3085//5816 1772//5816 1774//5816
f 3086//5817 3066//5817 1755//5817
f 3086//5818 3076//5818 3066//5818
f 3086//5819 1756//5819 3076//5819
f 3086//5820 1755//5820 1756//5820
f 1838//5821 3087//5821 1840//5821
f 421//5822 353//5822 3088//5822
f 354//5823 1726//5823 355//5823
f 3089//5824 3090//5824 3087//5824
f 3089//5825 3087//5825 1838//5825
f 3091//5826 3089//5826 1838//5826
f 3091//5827 1838//5827 1836//5827
f 3092//5828 3089//5828 3091//5828
f 3092//5829 3090//5829 3089//5829
f 3092//5830 3093//5830 3090//5830
f 3094//5831 1836//5831 1834//5831
f 3094//5832 3091//5832 1836//5832
f 3095//5833 3093//5833 3092//5833
f 3095//5834 3096//5834 3097//5834
f 3095//5835 3097//5835 3093//5835
f 3098//5836 3092//5836 3091//5836
f 3098//5837 3091//5837 3094//5837
f 3099//5838 1834//5838 1832//5838
f 3099//5839 3094//5839 1834//5839
f 3100//5840 3095//5840 3092//5840
f 3100//5841 3092//5841 3098//5841
f 3101//5842 3098//5842 3094//5842
f 3101//5843 3094//5843 3099//5843
f 3102//5844 1832//5844 1830//5844
f 3102//5845 3099//5845 1832//5845
f 3103//5846 3096//5846 3095//5846
f 3103//5847 3104//5847 3096//5847
f 3103//5848 3095//5848 3100//5848
f 3105//5849 3100//5849 3098//5849
f 3105//5850 3098//5850 3101//5850
f 3106//5851 3099//5851 3102//5851
f 3106//5852 3101//5852 3099//5852
f 3107//5853 3104//5853 3103//5853
f 3107//5854 3108//5854 3109//5854
f 3107//5855 3109//5855 3104//5855
f 3110//5856 1830//5856 1828//5856
f 3110//5857 3102//5857 1830//5857
f 3111//5858 3100//5858 3105//5858
f 3111//5859 3103//5859 3100//5859
f 3112//5860 3105//5860 3101//5860
f 3112//5861 3101//5861 3106//5861
f 3113//5862 3102//5862 3110//5862
f 3113//5863 3106//5863 3102//5863
f 3114//5864 3107//5864 3103//5864
f 3114//5865 3103//5865 3111//5865
f 3115//5866 3110//5866 1828//5866
f 3115//5867 1828//5867 1826//5867
f 3116//5868 3105//5868 3112//5868
f 3116//5869 3111//5869 3105//5869
f 3117//5870 3112//5870 3106//5870
f 3117//5871 3106//5871 3113//5871
f 3118//5872 3108//5872 3107//5872
f 3118//5873 3119//5873 3108//5873
f 3118//5874 3107//5874 3114//5874
f 3120//5875 3113//5875 3110//5875
f 3120//5876 3110//5876 3115//5876
f 3121//5877 3111//5877 3116//5877
f 3121//5878 3114//5878 3111//5878
f 3122//5879 1826//5879 1824//5879
f 3122//5880 3115//5880 1826//5880
f 3123//5881 3116//5881 3112//5881
f 3123//5882 3112//5882 3117//5882
f 3124//5883 3119//5883 3118//5883
f 3124//5884 3125//5884 3126//5884
f 3124//5885 3126//5885 3119//5885
f 3127//5886 3117//5886 3113//5886
f 3127//5887 3113//5887 3120//5887
f 3128//5888 3118//5888 3114//5888
f 3128//5889 3114//5889 3121//5889
f 3129//5890 3115//5890 3122//5890
f 3129//5891 3120//5891 3115//5891
f 3130//5892 3121//5892 3116//5892
f 3130//5893 3116//5893 3123//5893
f 3131//5894 1824//5894 1822//5894
f 3131//5895 3122//5895 1824//5895
f 3132//5896 3123//5896 3117//5896
f 3132//5897 3117//5897 3127//5897
f 3133//5898 3124//5898 3118//5898
f 3133//5899 3118//5899 3128//5899
f 3134//5900 3120//5900 3129//5900
f 3134//5901 3127//5901 3120//5901
f 3135//5902 3121//5902 3130//5902
f 3135//5903 3128//5903 3121//5903
f 3136//5904 3129//5904 3122//5904
f 3136//5905 3122//5905 3131//5905
f 3137//5906 3130//5906 3123//5906
f 3137//5907 3123//5907 3132//5907
f 3138//5908 3131//5908 1822//5908
f 3138//5909 1822//5909 1820//5909
f 3139//5910 3125//5910 3124//5910
f 3139//5911 3140//5911 3125//5911
f 3139//5912 3124//5912 3133//5912
f 3141//5913 3127//5913 3134//5913
f 3141//5914 3132//5914 3127//5914
f 3142//5915 3128//5915 3135//5915
f 3142//5916 3133//5916 3128//5916
f 3143//5917 3134//5917 3129//5917
f 3143//5918 3129//5918 3136//5918
f 3144//5919 3130//5919 3137//5919
f 3144//5920 3135//5920 3130//5920
f 3145//5921 3131//5921 3138//5921
f 3145//5922 3136//5922 3131//5922
f 3146//5923 3140//5923 3139//5923
f 3146//5924 3147//5924 3148//5924
f 3146//5925 3148//5925 3140//5925
f 3149//5926 3132//5926 3141//5926
f 3149//5927 3137//5927 3132//5927
f 3150//5928 3133//5928 3142//5928
f 3150//5929 3139//5929 3133//5929
f 3151//5930 3134//5930 3143//5930
f 3151//5931 3141//5931 3134//5931
f 3152//5932 3135//5932 3144//5932
f 3152//5933 3142//5933 3135//5933
f 3153//5934 3143//5934 3136//5934
f 3153//5935 3136//5935 3145//5935
f 3154//5936 3144//5936 3137//5936
f 3154//5937 3137//5937 3149//5937
f 3155//5938 3138//5938 1820//5938
f 3155//5939 1820//5939 1818//5939
f 3155//5940 3145//5940 3138//5940
f 3156//5941 3146//5941 3139//5941
f 3156//5942 3139//5942 3150//5942
f 3157//5943 3141//5943 3151//5943
f 3157//5944 3149//5944 3141//5944
f 3158//5945 3142//5945 3152//5945
f 3158//5946 3150//5946 3142//5946
f 3159//5947 3143//5947 3153//5947
f 3159//5948 3151//5948 3143//5948
f 3160//5949 3152//5949 3144//5949
f 3160//5950 3144//5950 3154//5950
f 3161//5951 3145//5951 3155//5951
f 3161//5952 3153//5952 3145//5952
f 3162//5953 3146//5953 3156//5953
f 3162//5954 3163//5954 3147//5954
f 3162//5955 3147//5955 3146//5955
f 3164//5956 3149//5956 3157//5956
f 3164//5957 3154//5957 3149//5957
f 3165//5958 1818//5958 1816//5958
f 3165//5959 3155//5959 1818//5959
f 3166//5960 3156//5960 3150//5960
f 3166//5961 3150//5961 3158//5961
f 3167//5962 3157//5962 3151//5962
f 3167//5963 3151//5963 3159//5963
f 3168//5964 3158//5964 3152//5964
f 3168//5965 3152//5965 3160//5965
f 3169//5966 3159//5966 3153//5966
f 3169//5967 3153//5967 3161//5967
f 3170//5968 3163//5968 3162//5968
f 3170//5969 3171//5969 3163//5969
f 3172//5970 3160//5970 3154//5970
f 3172//5971 3154//5971 3164//5971
f 3173//5972 3161//5972 3155//5972
f 3173//5973 3155//5973 3165//5973
f 3174//5974 3162//5974 3156//5974
f 3174//5975 3156//5975 3166//5975
f 3175//5976 3157//5976 3167//5976
f 3175//5977 3164//5977 3157//5977
f 3176//5978 3165//5978 1816//5978
f 3176//5979 1816//5979 1814//5979
f 3177//5980 3158//5980 3168//5980
f 3177//5981 3166//5981 3158//5981
f 3178//5982 3159//5982 3169//5982
f 3178//5983 3167//5983 3159//5983
f 3179//5984 3168//5984 3160//5984
f 3179//5985 3160//5985 3172//5985
f 3180//5986 3169//5986 3161//5986
f 3180//5987 3161//5987 3173//5987
f 3181//5988 3162//5988 3174//5988
f 3181//5989 3170//5989 3162//5989
f 3182//5990 3172//5990 3164//5990
f 3182//5991 3164//5991 3175//5991
f 3183//5992 3165//5992 3176//5992
f 3183//5993 3173//5993 3165//5993
f 3184//5994 3174//5994 3166//5994
f 3184//5995 3166//5995 3177//5995
f 3185//5996 3167//5996 3178//5996
f 3185//5997 3175//5997 3167//5997
f 3186//5998 1814//5998 1812//5998
f 3186//5999 3176//5999 1814//5999
f 3187//6000 3177//6000 3168//6000
f 3187//6001 3168//6001 3179//6001
f 3188//6002 3178//6002 3169//6002
f 3188//6003 3169//6003 3180//6003
f 3189//6004 3171//6004 3170//6004
f 3189//6005 3190//6005 3191//6005
f 3189//6006 3191//6006 3171//6006
f 3189//6007 3170//6007 3181//6007
f 3192//6008 3179//6008 3172//6008
f 3192//6009 3172//6009 3182//6009
f 3193//6010 3173//6010 3183//6010
f 3193//6011 3180//6011 3173//6011
f 3194//6012 3181//6012 3174//6012
f 3194//6013 3174//6013 3184//6013
f 3195//6014 3182//6014 3175//6014
f 3195//6015 3175//6015 3185//6015
f 3196//6016 3183//6016 3176//6016
f 3196//6017 3176//6017 3186//6017
f 3197//6018 3177//6018 3187//6018
f 3197//6019 3184//6019 3177//6019
f 3198//6020 3185//6020 3178//6020
f 3198//6021 3178//6021 3188//6021
f 3199//6022 3200//6022 3190//6022
f 3199//6023 3190//6023 3189//6023
f 3201//6024 3179//6024 3192//6024
f 3201//6025 3187//6025 3179//6025
f 3202//6026 3180//6026 3193//6026
f 3202//6027 3188//6027 3180//6027
f 3203//6028 3181//6028 3194//6028
f 3203//6029 3189//6029 3181//6029
f 3204//6030 3182//6030 3195//6030
f 3204//6031 3192//6031 3182//6031
f 3205//6032 3193//6032 3183//6032
f 3205//6033 3183//6033 3196//6033
f 3206//6034 3194//6034 3184//6034
f 3206//6035 3184//6035 3197//6035
f 3207//6036 3195//6036 3185//6036
f 3207//6037 3185//6037 3198//6037
f 3208//6038 1812//6038 1810//6038
f 3208//6039 3196//6039 3186//6039
f 3208//6040 3186//6040 1812//6040
f 3209//6041 3187//6041 3201//6041
f 3209//6042 3197//6042 3187//6042
f 3210//6043 3198//6043 3188//6043
f 3210//6044 3188//6044 3202//6044
f 3211//6045 3189//6045 3203//6045
f 3211//6046 3199//6046 3189//6046
f 3212//6047 3201//6047 3192//6047
f 3212//6048 3192//6048 3204//6048
f 3213//6049 3193//6049 3205//6049
f 3213//6050 3202//6050 3193//6050
f 3214//6051 3194//6051 3206//6051
f 3214//6052 3203//6052 3194//6052
f 3215//6053 3204//6053 3195//6053
f 3215//6054 3195//6054 3207//6054
f 3216//6055 3205//6055 3196//6055
f 3216//6056 3196//6056 3208//6056
f 3217//6057 3197//6057 3209//6057
f 3217//6058 3206//6058 3197//6058
f 3218//6059 3207//6059 3198//6059
f 3218//6060 3198//6060 3210//6060
f 3219//6061 1810//6061 1808//6061
f 3219//6062 3208//6062 1810//6062
f 3220//6063 3200//6063 3199//6063
f 3220//6064 3199//6064 3211//6064
f 3220//6065 3221//6065 3200//6065
f 3222//6066 3209//6066 3201//6066
f 3222//6067 3201//6067 3212//6067
f 3223//6068 3210//6068 3202//6068
f 3223//6069 3202//6069 3213//6069
f 3224//6070 3203//6070 3214//6070
f 3224//6071 3211//6071 3203//6071
f 3225//6072 3212//6072 3204//6072
f 3225//6073 3204//6073 3215//6073
f 3226//6074 3213//6074 3205//6074
f 3226//6075 3205//6075 3216//6075
f 3227//6076 3214//6076 3206//6076
f 3227//6077 3206//6077 3217//6077
f 3228//6078 3215//6078 3207//6078
f 3228//6079 3207//6079 3218//6079
f 3229//6080 3216//6080 3208//6080
f 3229//6081 3208//6081 3219//6081
f 3230//6082 3231//6082 3232//6082
f 3230//6083 3232//6083 3221//6083
f 3230//6084 3221//6084 3220//6084
f 3233//6085 3209//6085 3222//6085
f 3233//6086 3217//6086 3209//6086
f 3234//6087 3210//6087 3223//6087
f 3234//6088 3218//6088 3210//6088
f 3235//6089 1808//6089 1806//6089
f 3235//6090 3219//6090 1808//6090
f 3236//6091 3220//6091 3211//6091
f 3236//6092 3211//6092 3224//6092
f 3237//6093 3222//6093 3212//6093
f 3237//6094 3212//6094 3225//6094
f 3238//6095 3213//6095 3226//6095
f 3238//6096 3223//6096 3213//6096
f 3239//6097 3214//6097 3227//6097
f 3239//6098 3224//6098 3214//6098
f 3240//6099 3215//6099 3228//6099
f 3240//6100 3225//6100 3215//6100
f 3241//6101 3216//6101 3229//6101
f 3241//6102 3226//6102 3216//6102
f 3242//6103 3217//6103 3233//6103
f 3242//6104 3227//6104 3217//6104
f 3243//6105 3218//6105 3234//6105
f 3243//6106 3228//6106 3218//6106
f 3244//6107 3229//6107 3219//6107
f 3244//6108 3219//6108 3235//6108
f 3245//6109 3220//6109 3236//6109
f 3245//6110 3230//6110 3220//6110
f 3246//6111 3222//6111 3237//6111
f 3246//6112 3233//6112 3222//6112
f 3247//6113 3223//6113 3238//6113
f 3247//6114 3234//6114 3223//6114
f 3248//6115 3235//6115 1806//6115
f 3248//6116 1806//6116 1804//6116
f 3249//6117 3236//6117 3224//6117
f 3249//6118 3224//6118 3239//6118
f 3250//6119 3225//6119 3240//6119
f 3250//6120 3237//6120 3225//6120
f 3251//6121 3238//6121 3226//6121
f 3251//6122 3226//6122 3241//6122
f 3252//6123 3239//6123 3227//6123
f 3252//6124 3227//6124 3242//6124
f 3253//6125 3240//6125 3228//6125
f 3253//6126 3228//6126 3243//6126
f 3254//6127 3229//6127 3244//6127
f 3254//6128 3241//6128 3229//6128
f 3255//6129 3231//6129 3230//6129
f 3255//6130 3256//6130 3231//6130
f 3255//6131 3230//6131 3245//6131
f 3257//6132 3242//6132 3233//6132
f 3257//6133 3233//6133 3246//6133
f 3258//6134 3234//6134 3247//6134
f 3258//6135 3243//6135 3234//6135
f 3259//6136 3235//6136 3248//6136
f 3259//6137 3244//6137 3235//6137
f 3260//6138 3245//6138 3236//6138
f 3260//6139 3236//6139 3249//6139
f 3261//6140 3246//6140 3237//6140
f 3261//6141 3237//6141 3250//6141
f 3262//6142 3247//6142 3238//6142
f 3262//6143 3238//6143 3251//6143
f 3263//6144 3249//6144 3239//6144
f 3263//6145 3239//6145 3252//6145
f 3264//6146 3240//6146 3253//6146
f 3264//6147 3250//6147 3240//6147
f 3265//6148 3241//6148 3254//6148
f 3265//6149 3251//6149 3241//6149
f 3266//6150 3267//6150 3268//6150
f 3266//6151 3268//6151 3256//6151
f 3266//6152 3256//6152 3255//6152
f 3269//6153 3242//6153 3257//6153
f 3269//6154 3252//6154 3242//6154
f 3270//6155 3253//6155 3243//6155
f 3270//6156 3243//6156 3258//6156
f 3271//6157 3254//6157 3244//6157
f 3271//6158 3244//6158 3259//6158
f 3272//6159 3255//6159 3245//6159
f 3272//6160 3245//6160 3260//6160
f 3273//6161 3246//6161 3261//6161
f 3273//6162 3257//6162 3246//6162
f 3274//6163 3247//6163 3262//6163
f 3274//6164 3258//6164 3247//6164
f 3275//6165 1804//6165 1802//6165
f 3275//6166 3248//6166 1804//6166
f 3275//6167 3259//6167 3248//6167
f 3276//6168 3249//6168 3263//6168
f 3276//6169 3260//6169 3249//6169
f 3277//6170 3261//6170 3250//6170
f 3277//6171 3250//6171 3264//6171
f 3278//6172 3251//6172 3265//6172
f 3278//6173 3262//6173 3251//6173
f 3279//6174 3263//6174 3252//6174
f 3279//6175 3252//6175 3269//6175
f 3280//6176 3253//6176 3270//6176
f 3280//6177 3264//6177 3253//6177
f 3281//6178 3254//6178 3271//6178
f 3281//6179 3265//6179 3254//6179
f 3282//6180 3266//6180 3255//6180
f 3282//6181 3255//6181 3272//6181
f 3283//6182 3257//6182 3273//6182
f 3283//6183 3269//6183 3257//6183
f 3284//6184 3270//6184 3258//6184
f 3284//6185 3258//6185 3274//6185
f 3285//6186 3271//6186 3259//6186
f 3285//6187 3259//6187 3275//6187
f 3286//6188 3260//6188 3276//6188
f 3286//6189 3272//6189 3260//6189
f 3287//6190 3261//6190 3277//6190
f 3287//6191 3273//6191 3261//6191
f 3288//6192 3262//6192 3278//6192
f 3288//6193 3274//6193 3262//6193
f 3289//6194 3275//6194 1802//6194
f 3289//6195 1802//6195 1800//6195
f 3290//6196 3276//6196 3263//6196
f 3290//6197 3263//6197 3279//6197
f 3291//6198 3264//6198 3280//6198
f 3291//6199 3277//6199 3264//6199
f 3292//6200 3265//6200 3281//6200
f 3292//6201 3278//6201 3265//6201
f 3293//6202 3294//6202 3267//6202
f 3293//6203 3267//6203 3266//6203
f 3293//6204 3266//6204 3282//6204
f 3295//6205 3269//6205 3283//6205
f 3295//6206 3279//6206 3269//6206
f 3296//6207 3280//6207 3270//6207
f 3296//6208 3270//6208 3284//6208
f 3297//6209 3271//6209 3285//6209
f 3297//6210 3281//6210 3271//6210
f 3298//6211 3282//6211 3272//6211
f 3298//6212 3272//6212 3286//6212
f 3299//6213 3283//6213 3273//6213
f 3299//6214 3273//6214 3287//6214
f 3300//6215 3284//6215 3274//6215
f 3300//6216 3274//6216 3288//6216
f 3301//6217 3285//6217 3275//6217
f 3301//6218 3275//6218 3289//6218
f 3302//6219 3276//6219 3290//6219
f 3302//6220 3286//6220 3276//6220
f 3303//6221 3277//6221 3291//6221
f 3303//6222 3287//6222 3277//6222
f 3304//6223 3288//6223 3278//6223
f 3304//6224 3278//6224 3292//6224
f 3305//6225 1799//6225 1797//6225
f 3305//6226 1800//6226 1799//6226
f 3305//6227 3289//6227 1800//6227
f 3306//6228 3294//6228 3293//6228
f 3306//6229 3307//6229 3308//6229
f 3306//6230 3308//6230 3294//6230
f 3309//6231 3279//6231 3295//6231
f 3309//6232 3290//6232 3279//6232
f 3310//6233 3291//6233 3280//6233
f 3310//6234 3280//6234 3296//6234
f 3311//6235 3281//6235 3297//6235
f 3311//6236 3292//6236 3281//6236
f 3312//6237 3282//6237 3298//6237
f 3312//6238 3293//6238 3282//6238
f 3313//6239 3295//6239 3283//6239
f 3313//6240 3283//6240 3299//6240
f 3314//6241 3284//6241 3300//6241
f 3314//6242 3296//6242 3284//6242
f 3315//6243 3285//6243 3301//6243
f 3315//6244 3297//6244 3285//6244
f 3316//6245 3286//6245 3302//6245
f 3316//6246 3298//6246 3286//6246
f 3317//6247 3287//6247 3303//6247
f 3317//6248 3299//6248 3287//6248
f 3318//6249 3288//6249 3304//6249
f 3318//6250 3300//6250 3288//6250
f 3319//6251 3289//6251 3305//6251
f 3319//6252 3301//6252 3289//6252
f 3320//6253 3290//6253 3309//6253
f 3320//6254 3302//6254 3290//6254
f 3321//6255 3303//6255 3291//6255
f 3321//6256 3291//6256 3310//6256
f 3322//6257 3304//6257 3292//6257
f 3322//6258 3292//6258 3311//6258
f 3323//6259 3293//6259 3312//6259
f 3323//6260 3306//6260 3293//6260
f 3324//6261 3309//6261 3295//6261
f 3324//6262 3295//6262 3313//6262
f 3325//6263 3310//6263 3296//6263
f 3325//6264 3296//6264 3314//6264
f 3326//6265 3311//6265 3297//6265
f 3326//6266 3297//6266 3315//6266
f 3327//6267 3298//6267 3316//6267
f 3327//6268 3312//6268 3298//6268
f 3328//6269 3299//6269 3317//6269
f 3328//6270 3313//6270 3299//6270
f 3329//6271 3314//6271 3300//6271
f 3329//6272 3300//6272 3318//6272
f 3330//6273 3315//6273 3301//6273
f 3330//6274 3301//6274 3319//6274
f 3331//6275 3316//6275 3302//6275
f 3331//6276 3302//6276 3320//6276
f 3332//6277 3303//6277 3321//6277
f 3332//6278 3317//6278 3303//6278
f 3333//6279 3318//6279 3304//6279
f 3333//6280 3304//6280 3322//6280
f 3334//6281 3319//6281 3305//6281
f 3334//6282 3305//6282 1797//6282
f 3335//6283 3307//6283 3306//6283
f 3335//6284 3336//6284 3307//6284
f 3335//6285 3306//6285 3323//6285
f 3337//6286 3309//6286 3324//6286
f 3337//6287 3320//6287 3309//6287
f 3338//6288 3321//6288 3310//6288
f 3338//6289 3310//6289 3325//6289
f 3339//6290 3322//6290 3311//6290
f 3339//6291 3311//6291 3326//6291
f 3340//6292 3323//6292 3312//6292
f 3340//6293 3312//6293 3327//6293
f 3341//6294 3313//6294 3328//6294
f 3341//6295 3324//6295 3313//6295
f 3342//6296 3325//6296 3314//6296
f 3342//6297 3314//6297 3329//6297
f 3343//6298 3326//6298 3315//6298
f 3343//6299 3315//6299 3330//6299
f 3344//6300 3327//6300 3316//6300
f 3344//6301 3316//6301 3331//6301
f 3345//6302 3317//6302 3332//6302
f 3345//6303 3328//6303 3317//6303
f 3346//6304 3318//6304 3333//6304
f 3346//6305 3329//6305 3318//6305
f 3347//6306 3330//6306 3319//6306
f 3347//6307 3319//6307 3334//6307
f 3348//6308 3349//6308 3350//6308
f 3348//6309 3350//6309 3336//6309
f 3348//6310 3336//6310 3335//6310
f 3351//6311 3320//6311 3337//6311
f 3351//6312 3331//6312 3320//6312
f 3352//6313 3332//6313 3321//6313
f 3352//6314 3321//6314 3338//6314
f 3353//6315 3322//6315 3339//6315
f 3353//6316 3333//6316 3322//6316
f 3354//6317 1794//6317 1792//6317
f 3354//6318 1797//6318 1794//6318
f 3354//6319 3334//6319 1797//6319
f 3355//6320 3323//6320 3340//6320
f 3355//6321 3335//6321 3323//6321
f 3356//6322 3324//6322 3341//6322
f 3356//6323 3337//6323 3324//6323
f 3357//6324 3325//6324 3342//6324
f 3357//6325 3338//6325 3325//6325
f 3358//6326 3339//6326 3326//6326
f 3358//6327 3326//6327 3343//6327
f 3359//6328 3327//6328 3344//6328
f 3359//6329 3340//6329 3327//6329
f 3360//6330 3328//6330 3345//6330
f 3360//6331 3341//6331 3328//6331
f 3361//6332 3342//6332 3329//6332
f 3361//6333 3329//6333 3346//6333
f 3362//6334 3343//6334 3330//6334
f 3362//6335 3330//6335 3347//6335
f 3363//6336 3331//6336 3351//6336
f 3363//6337 3344//6337 3331//6337
f 3364//6338 3345//6338 3332//6338
f 3364//6339 3332//6339 3352//6339
f 3365//6340 3346//6340 3333//6340
f 3365//6341 3333//6341 3353//6341
f 3366//6342 3347//6342 3334//6342
f 3366//6343 3334//6343 3354//6343
f 3367//6344 3335//6344 3355//6344
f 3367//6345 3348//6345 3335//6345
f 3368//6346 3351//6346 3337//6346
f 3368//6347 3337//6347 3356//6347
f 3369//6348 3338//6348 3357//6348
f 3369//6349 3352//6349 3338//6349
f 3370//6350 3353//6350 3339//6350
f 3370//6351 3339//6351 3358//6351
f 3371//6352 3340//6352 3359//6352
f 3371//6353 3355//6353 3340//6353
f 3372//6354 3341//6354 3360//6354
f 3372//6355 3356//6355 3341//6355
f 3373//6356 3357//6356 3342//6356
f 3373//6357 3342//6357 3361//6357
f 3374//6358 3358//6358 3343//6358
f 3374//6359 3343//6359 3362//6359
f 3375//6360 3344//6360 3363//6360
f 3375//6361 3359//6361 3344//6361
f 3376//6362 3360//6362 3345//6362
f 3376//6363 3345//6363 3364//6363
f 3377//6364 3361//6364 3346//6364
f 3377//6365 3346//6365 3365//6365
f 3378//6366 3347//6366 3366//6366
f 3378//6367 3362//6367 3347//6367
f 3379//6368 3348//6368 3367//6368
f 3379//6369 3349//6369 3348//6369
f 3379//6370 3380//6370 3349//6370
f 3381//6371 3351//6371 3368//6371
f 3381//6372 3363//6372 3351//6372
f 3382//6373 3352//6373 3369//6373
f 3382//6374 3364//6374 3352//6374
f 3383//6375 3365//6375 3353//6375
f 3383//6376 3353//6376 3370//6376
f 3384//6377 3354//6377 1792//6377
f 3384//6378 1792//6378 1791//6378
f 3384//6379 3366//6379 3354//6379
f 3385//6380 3355//6380 3371//6380
f 3385//6381 3367//6381 3355//6381
f 3386//6382 3356//6382 3372//6382
f 3386//6383 3368//6383 3356//6383
f 3387//6384 3369//6384 3357//6384
f 3387//6385 3357//6385 3373//6385
f 3388//6386 3370//6386 3358//6386
f 3388//6387 3358//6387 3374//6387
f 3389//6388 3371//6388 3359//6388
f 3389//6389 3359//6389 3375//6389
f 3390//6390 3360//6390 3376//6390
f 3390//6391 3372//6391 3360//6391
f 3391//6392 3373//6392 3361//6392
f 3391//6393 3361//6393 3377//6393
f 3392//6394 3362//6394 3378//6394
f 3392//6395 3374//6395 3362//6395
f 3393//6396 3380//6396 3379//6396
f 3393//6397 3394//6397 3380//6397
f 3395//6398 3363//6398 3381//6398
f 3395//6399 3375//6399 3363//6399
f 3396//6400 3376//6400 3364//6400
f 3396//6401 3364//6401 3382//6401
f 3397//6402 3377//6402 3365//6402
f 3397//6403 3365//6403 3383//6403
f 3398//6404 3378//6404 3366//6404
f 3398//6405 3366//6405 3384//6405
f 3399//6406 3367//6406 3385//6406
f 3399//6407 3379//6407 3367//6407
f 3400//6408 3381//6408 3368//6408
f 3400//6409 3368//6409 3386//6409
f 3401//6410 3382//6410 3369//6410
f 3401//6411 3369//6411 3387//6411
f 3402//6412 3383//6412 3370//6412
f 3402//6413 3370//6413 3388//6413
f 3403//6414 3384//6414 1791//6414
f 3403//6415 1791//6415 1788//6415
f 3404//6416 3371//6416 3389//6416
f 3404//6417 3385//6417 3371//6417
f 3405//6418 3372//6418 3390//6418
f 3405//6419 3386//6419 3372//6419
f 3406//6420 3387//6420 3373//6420
f 3406//6421 3373//6421 3391//6421
f 3407//6422 3374//6422 3392//6422
f 3407//6423 3388//6423 3374//6423
f 3408//6424 3375//6424 3395//6424
f 3408//6425 3389//6425 3375//6425
f 3409//6426 3390//6426 3376//6426
f 3409//6427 3376//6427 3396//6427
f 3410//6428 3391//6428 3377//6428
f 3410//6429 3377//6429 3397//6429
f 3411//6430 3392//6430 3378//6430
f 3411//6431 3378//6431 3398//6431
f 3412//6432 3379//6432 3399//6432
f 3412//6433 3393//6433 3379//6433
f 3413//6434 3395//6434 3381//6434
f 3413//6435 3381//6435 3400//6435
f 3414//6436 3396//6436 3382//6436
f 3414//6437 3382//6437 3401//6437
f 3415//6438 3397//6438 3383//6438
f 3415//6439 3383//6439 3402//6439
f 3416//6440 3384//6440 3403//6440
f 3416//6441 3398//6441 3384//6441
f 3417//6442 3399//6442 3385//6442
f 3417//6443 3385//6443 3404//6443
f 3418//6444 3386//6444 3405//6444
f 3418//6445 3400//6445 3386//6445
f 3419//6446 3401//6446 3387//6446
f 3419//6447 3387//6447 3406//6447
f 3420//6448 3388//6448 3407//6448
f 3420//6449 3402//6449 3388//6449
f 3421//6450 1788//6450 1787//6450
f 3421//6451 3403//6451 1788//6451
f 3422//6452 3404//6452 3389//6452
f 3422//6453 3389//6453 3408//6453
f 3423//6454 3390//6454 3409//6454
f 3423//6455 3405//6455 3390//6455
f 3424//6456 3391//6456 3410//6456
f 3424//6457 3406//6457 3391//6457
f 3425//6458 3392//6458 3411//6458
f 3425//6459 3407//6459 3392//6459
f 3426//6460 3393//6460 3412//6460
f 3426//6461 3427//6461 3428//6461
f 3426//6462 3428//6462 3394//6462
f 3426//6463 3394//6463 3393//6463
f 3429//6464 3408//6464 3395//6464
f 3429//6465 3395//6465 3413//6465
f 3430//6466 3409//6466 3396//6466
f 3430//6467 3396//6467 3414//6467
f 3431//6468 3410//6468 3397//6468
f 3431//6469 3397//6469 3415//6469
f 3432//6470 3411//6470 3398//6470
f 3432//6471 3398//6471 3416//6471
f 3433//6472 3412//6472 3399//6472
f 3433//6473 3399//6473 3417//6473
f 3434//6474 3413//6474 3400//6474
f 3434//6475 3400//6475 3418//6475
f 3435//6476 3414//6476 3401//6476
f 3435//6477 3401//6477 3419//6477
f 3436//6478 3415//6478 3402//6478
f 3436//6479 3402//6479 3420//6479
f 3437//6480 3403//6480 3421//6480
f 3437//6481 3416//6481 3403//6481
f 3438//6482 3417//6482 3404//6482
f 3438//6483 3404//6483 3422//6483
f 3439//6484 3418//6484 3405//6484
f 3439//6485 3405//6485 3423//6485
f 3440//6486 3406//6486 3424//6486
f 3440//6487 3419//6487 3406//6487
f 3441//6488 3420//6488 3407//6488
f 3441//6489 3407//6489 3425//6489
f 3442//6490 3443//6490 3427//6490
f 3442//6491 3427//6491 3426//6491
f 3444//6492 3422//6492 3408//6492
f 3444//6493 3408//6493 3429//6493
f 3445//6494 3409//6494 3430//6494
f 3445//6495 3423//6495 3409//6495
f 3446//6496 3424//6496 3410//6496
f 3446//6497 3410//6497 3431//6497
f 3447//6498 3411//6498 3432//6498
f 3447//6499 3425//6499 3411//6499
f 3448//6500 3426//6500 3412//6500
f 3448//6501 3412//6501 3433//6501
f 3449//6502 3429//6502 3413//6502
f 3449//6503 3413//6503 3434//6503
f 3450//6504 3430//6504 3414//6504
f 3450//6505 3414//6505 3435//6505
f 3451//6506 3415//6506 3436//6506
f 3451//6507 3431//6507 3415//6507
f 3452//6508 3416//6508 3437//6508
f 3452//6509 3432//6509 3416//6509
f 3453//6510 3417//6510 3438//6510
f 3453//6511 3433//6511 3417//6511
f 3454//6512 3434//6512 3418//6512
f 3454//6513 3418//6513 3439//6513
f 3455//6514 3419//6514 3440//6514
f 3455//6515 3435//6515 3419//6515
f 3456//6516 3436//6516 3420//6516
f 3456//6517 3420//6517 3441//6517
f 3457//6518 3437//6518 3421//6518
f 3457//6519 1787//6519 1784//6519
f 3457//6520 3421//6520 1787//6520
f 3458//6521 3438//6521 3422//6521
f 3458//6522 3422//6522 3444//6522
f 3459//6523 3439//6523 3423//6523
f 3459//6524 3423//6524 3445//6524
f 3460//6525 3440//6525 3424//6525
f 3460//6526 3424//6526 3446//6526
f 3461//6527 3425//6527 3447//6527
f 3461//6528 3441//6528 3425//6528
f 3462//6529 3426//6529 3448//6529
f 3462//6530 3442//6530 3426//6530
f 3463//6531 3444//6531 3429//6531
f 3463//6532 3429//6532 3449//6532
f 3464//6533 3445//6533 3430//6533
f 3464//6534 3430//6534 3450//6534
f 3465//6535 3446//6535 3431//6535
f 3465//6536 3431//6536 3451//6536
f 3466//6537 3432//6537 3452//6537
f 3466//6538 3447//6538 3432//6538
f 3467//6539 3433//6539 3453//6539
f 3467//6540 3448//6540 3433//6540
f 3468//6541 3449//6541 3434//6541
f 3468//6542 3434//6542 3454//6542
f 3469//6543 3450//6543 3435//6543
f 3469//6544 3435//6544 3455//6544
f 3470//6545 3451//6545 3436//6545
f 3470//6546 3436//6546 3456//6546
f 3471//6547 3452//6547 3437//6547
f 3471//6548 3437//6548 3457//6548
f 3472//6549 3438//6549 3458//6549
f 3472//6550 3453//6550 3438//6550
f 3473//6551 3454//6551 3439//6551
f 3473//6552 3439//6552 3459//6552
f 3474//6553 3440//6553 3460//6553
f 3474//6554 3455//6554 3440//6554
f 3475//6555 3456//6555 3441//6555
f 3475//6556 3441//6556 3461//6556
f 3476//6557 1782//6557 1781//6557
f 3476//6558 1784//6558 1782//6558
f 3476//6559 3457//6559 1784//6559
f 3477//6560 3443//6560 3442//6560
f 3477//6561 3478//6561 3443//6561
f 3477//6562 3442//6562 3462//6562
f 3479//6563 3444//6563 3463//6563
f 3479//6564 3458//6564 3444//6564
f 3480//6565 3445//6565 3464//6565
f 3480//6566 3459//6566 3445//6566
f 3481//6567 3460//6567 3446//6567
f 3481//6568 3446//6568 3465//6568
f 3482//6569 3461//6569 3447//6569
f 3482//6570 3447//6570 3466//6570
f 3483//6571 3462//6571 3448//6571
f 3483//6572 3448//6572 3467//6572
f 3484//6573 3463//6573 3449//6573
f 3484//6574 3449//6574 3468//6574
f 3485//6575 3464//6575 3450//6575
f 3485//6576 3450//6576 3469//6576
f 3486//6577 3451//6577 3470//6577
f 3486//6578 3465//6578 3451//6578
f 3487//6579 3452//6579 3471//6579
f 3487//6580 3466//6580 3452//6580
f 3488//6581 3467//6581 3453//6581
f 3488//6582 3453//6582 3472//6582
f 3489//6583 3468//6583 3454//6583
f 3489//6584 3454//6584 3473//6584
f 3490//6585 3469//6585 3455//6585
f 3490//6586 3455//6586 3474//6586
f 3491//6587 3456//6587 3475//6587
f 3491//6588 3470//6588 3456//6588
f 3492//6589 3471//6589 3457//6589
f 3492//6590 3457//6590 3476//6590
f 3493//6591 3494//6591 3495//6591
f 3493//6592 3495//6592 3478//6592
f 3493//6593 3478//6593 3477//6593
f 3496//6594 3472//6594 3458//6594
f 3496//6595 3458//6595 3479//6595
f 3497//6596 3473//6596 3459//6596
f 3497//6597 3459//6597 3480//6597
f 3498//6598 3460//6598 3481//6598
f 3498//6599 3474//6599 3460//6599
f 3499//6600 3461//6600 3482//6600
f 3499//6601 3475//6601 3461//6601
f 3500//6602 3462//6602 3483//6602
f 3500//6603 3477//6603 3462//6603
f 3501//6604 3463//6604 3484//6604
f 3501//6605 3479//6605 3463//6605
f 3502//6606 3480//6606 3464//6606
f 3502//6607 3464//6607 3485//6607
f 3503//6608 3465//6608 3486//6608
f 3503//6609 3481//6609 3465//6609
f 3504//6610 3482//6610 3466//6610
f 3504//6611 3466//6611 3487//6611
f 3505//6612 3467//6612 3488//6612
f 3505//6613 3483//6613 3467//6613
f 3506//6614 3484//6614 3468//6614
f 3506//6615 3468//6615 3489//6615
f 3507//6616 3469//6616 3490//6616
f 3507//6617 3485//6617 3469//6617
f 3508//6618 3486//6618 3470//6618
f 3508//6619 3470//6619 3491//6619
f 3509//6620 3471//6620 3492//6620
f 3509//6621 3487//6621 3471//6621
f 3510//6622 3472//6622 3496//6622
f 3510//6623 3488//6623 3472//6623
f 3511//6624 3473//6624 3497//6624
f 3511//6625 3489//6625 3473//6625
f 3512//6626 3474//6626 3498//6626
f 3512//6627 3490//6627 3474//6627
f 3513//6628 3491//6628 3475//6628
f 3513//6629 3475//6629 3499//6629
f 3514//6630 3492//6630 3476//6630
f 3514//6631 3476//6631 1781//6631
f 3515//6632 3493//6632 3477//6632
f 3515//6633 3477//6633 3500//6633
f 3516//6634 3479//6634 3501//6634
f 3516//6635 3496//6635 3479//6635
f 3517//6636 3497//6636 3480//6636
f 3517//6637 3480//6637 3502//6637
f 3518//6638 3498//6638 3481//6638
f 3518//6639 3481//6639 3503//6639
f 3519//6640 3482//6640 3504//6640
f 3519//6641 3499//6641 3482//6641
f 3520//6642 3500//6642 3483//6642
f 3520//6643 3483//6643 3505//6643
f 3521//6644 3484//6644 3506//6644
f 3521//6645 3501//6645 3484//6645
f 3522//6646 3502//6646 3485//6646
f 3522//6647 3485//6647 3507//6647
f 3523//6648 3486//6648 3508//6648
f 3523//6649 3503//6649 3486//6649
f 3524//6650 3504//6650 3487//6650
f 3524//6651 3487//6651 3509//6651
f 3525//6652 3488//6652 3510//6652
f 3525//6653 3505//6653 3488//6653
f 3526//6654 3489//6654 3511//6654
f 3526//6655 3506//6655 3489//6655
f 3527//6656 3490//6656 3512//6656
f 3527//6657 3507//6657 3490//6657
f 3528//6658 3491//6658 3513//6658
f 3528//6659 3508//6659 3491//6659
f 3529//6660 3509//6660 3492//6660
f 3529//6661 3492//6661 3514//6661
f 3530//6662 3531//6662 3494//6662
f 3530//6663 3494//6663 3493//6663
f 3530//6664 3493//6664 3515//6664
f 3532//6665 3510//6665 3496//6665
f 3532//6666 3496//6666 3516//6666
f 3533//6667 3511//6667 3497//6667
f 3533//6668 3497//6668 3517//6668
f 3534//6669 3512//6669 3498//6669
f 3534//6670 3498//6670 3518//6670
f 3535//6671 3499//6671 3519//6671
f 3535//6672 3513//6672 3499//6672
f 3536//6673 1778//6673 1776//6673
f 3536//6674 1781//6674 1778//6674
f 3536//6675 3514//6675 1781//6675
f 3537//6676 3500//6676 3520//6676
f 3537//6677 3515//6677 3500//6677
f 3538//6678 3501//6678 3521//6678
f 3538//6679 3516//6679 3501//6679
f 3539//6680 3517//6680 3502//6680
f 3539//6681 3502//6681 3522//6681
f 3540//6682 3503//6682 3523//6682
f 3540//6683 3518//6683 3503//6683
f 3541//6684 3504//6684 3524//6684
f 3541//6685 3519//6685 3504//6685
f 3542//6686 3520//6686 3505//6686
f 3542//6687 3505//6687 3525//6687
f 3543//6688 3521//6688 3506//6688
f 3543//6689 3506//6689 3526//6689
f 3544//6690 3522//6690 3507//6690
f 3544//6691 3507//6691 3527//6691
f 3545//6692 3508//6692 3528//6692
f 3545//6693 3523//6693 3508//6693
f 3546//6694 3524//6694 3509//6694
f 3546//6695 3509//6695 3529//6695
f 3547//6696 3531//6696 3530//6696
f 3547//6697 3548//6697 3549//6697
f 3547//6698 3549//6698 3531//6698
f 3550//6699 3510//6699 3532//6699
f 3550//6700 3525//6700 3510//6700
f 3551//6701 3511//6701 3533//6701
f 3551//6702 3526//6702 3511//6702
f 3552//6703 3527//6703 3512//6703
f 3552//6704 3512//6704 3534//6704
f 3553//6705 3513//6705 3535//6705
f 3553//6706 3528//6706 3513//6706
f 3554//6707 3529//6707 3514//6707
f 3554//6708 3514//6708 3536//6708
f 3555//6709 3530//6709 3515//6709
f 3555//6710 3515//6710 3537//6710
f 3556//6711 3532//6711 3516//6711
f 3556//6712 3516//6712 3538//6712
f 3557//6713 3533//6713 3517//6713
f 3557//6714 3517//6714 3539//6714
f 3558//6715 3534//6715 3518//6715
f 3558//6716 3518//6716 3540//6716
f 3559//6717 3535//6717 3519//6717
f 3559//6718 3519//6718 3541//6718
f 3560//6719 3537//6719 3520//6719
f 3560//6720 3520//6720 3542//6720
f 3561//6721 3538//6721 3521//6721
f 3561//6722 3521//6722 3543//6722
f 3562//6723 3522//6723 3544//6723
f 3562//6724 3539//6724 3522//6724
f 3563//6725 3540//6725 3523//6725
f 3563//6726 3523//6726 3545//6726
f 3564//6727 3524//6727 3546//6727
f 3564//6728 3541//6728 3524//6728
f 3565//6729 3542//6729 3525//6729
f 3565//6730 3525//6730 3550//6730
f 3566//6731 3543//6731 3526//6731
f 3566//6732 3526//6732 3551//6732
f 3567//6733 3544//6733 3527//6733
f 3567//6734 3527//6734 3552//6734
f 3568//6735 3528//6735 3553//6735
f 3568//6736 3545//6736 3528//6736
f 3569//6737 3529//6737 3554//6737
f 3569//6738 3546//6738 3529//6738
f 3570//6739 3547//6739 3530//6739
f 3570//6740 3530//6740 3555//6740
f 3571//6741 3532//6741 3556//6741
f 3571//6742 3550//6742 3532//6742
f 3572//6743 3533//6743 3557//6743
f 3572//6744 3551//6744 3533//6744
f 3573//6745 3552//6745 3534//6745
f 3573//6746 3534//6746 3558//6746
f 3574//6747 3535//6747 3559//6747
f 3574//6748 3553//6748 3535//6748
f 3575//6749 3554//6749 3536//6749
f 3575//6750 1776//6750 1775//6750
f 3575//6751 3536//6751 1776//6751
f 3576//6752 3555//6752 3537//6752
f 3576//6753 3537//6753 3560//6753
f 3577//6754 3556//6754 3538//6754
f 3577//6755 3538//6755 3561//6755
f 3578//6756 3557//6756 3539//6756
f 3578//6757 3539//6757 3562//6757
f 3579//6758 3558//6758 3540//6758
f 3579//6759 3540//6759 3563//6759
f 3580//6760 3559//6760 3541//6760
f 3580//6761 3541//6761 3564//6761
f 3581//6762 3560//6762 3542//6762
f 3581//6763 3542//6763 3565//6763
f 3582//6764 3561//6764 3543//6764
f 3582//6765 3543//6765 3566//6765
f 3583//6766 3562//6766 3544//6766
f 3583//6767 3544//6767 3567//6767
f 3584//6768 3563//6768 3545//6768
f 3584//6769 3545//6769 3568//6769
f 3585//6770 3564//6770 3546//6770
f 3585//6771 3546//6771 3569//6771
f 3586//6772 3587//6772 3548//6772
f 3586//6773 3547//6773 3570//6773
f 3586//6774 3548//6774 3547//6774
f 3588//6775 3550//6775 3571//6775
f 3588//6776 3565//6776 3550//6776
f 3589//6777 3551//6777 3572//6777
f 3589//6778 3566//6778 3551//6778
f 3590//6779 3552//6779 3573//6779
f 3590//6780 3567//6780 3552//6780
f 3591//6781 3553//6781 3574//6781
f 3591//6782 3568//6782 3553//6782
f 3592//6783 3554//6783 3575//6783
f 3592//6784 3569//6784 3554//6784
f 3593//6785 3555//6785 3576//6785
f 3593//6786 3570//6786 3555//6786
f 3594//6787 3571//6787 3556//6787
f 3594//6788 3556//6788 3577//6788
f 3595//6789 3557//6789 3578//6789
f 3595//6790 3572//6790 3557//6790
f 3596//6791 3573//6791 3558//6791
f 3596//6792 3558//6792 3579//6792
f 3597//6793 3559//6793 3580//6793
f 3597//6794 3574//6794 3559//6794
f 3598//6795 1775//6795 1773//6795
f 3598//6796 3575//6796 1775//6796
f 3599//6797 3560//6797 3581//6797
f 3599//6798 3576//6798 3560//6798
f 3600//6799 3577//6799 3561//6799
f 3600//6800 3561//6800 3582//6800
f 3601//6801 3578//6801 3562//6801
f 3601//6802 3562//6802 3583//6802
f 3602//6803 3579//6803 3563//6803
f 3602//6804 3563//6804 3584//6804
f 3603//6805 3580//6805 3564//6805
f 3603//6806 3564//6806 3585//6806
f 3604//6807 3605//6807 3606//6807
f 3604//6808 3606//6808 3587//6808
f 3604//6809 3587//6809 3586//6809
f 3607//6810 3565//6810 3588//6810
f 3607//6811 3581//6811 3565//6811
f 3608//6812 3566//6812 3589//6812
f 3608//6813 3582//6813 3566//6813
f 3609//6814 3583//6814 3567//6814
f 3609//6815 3567//6815 3590//6815
f 3610//6816 3568//6816 3591//6816
f 3610//6817 3584//6817 3568//6817
f 3611//6818 3569//6818 3592//6818
f 3611//6819 3585//6819 3569//6819
f 3612//6820 3570//6820 3593//6820
f 3612//6821 3586//6821 3570//6821
f 3613//6822 3571//6822 3594//6822
f 3613//6823 3588//6823 3571//6823
f 3614//6824 3572//6824 3595//6824
f 3614//6825 3589//6825 3572//6825
f 3615//6826 3590//6826 3573//6826
f 3615//6827 3573//6827 3596//6827
f 3616//6828 3574//6828 3597//6828
f 3616//6829 3591//6829 3574//6829
f 3617//6830 3575//6830 3598//6830
f 3617//6831 3592//6831 3575//6831
f 3618//6832 3593//6832 3576//6832
f 3618//6833 3576//6833 3599//6833
f 3619//6834 3594//6834 3577//6834
f 3619//6835 3577//6835 3600//6835
f 3620//6836 3578//6836 3601//6836
f 3620//6837 3595//6837 3578//6837
f 3621//6838 3579//6838 3602//6838
f 3621//6839 3596//6839 3579//6839
f 3622//6840 3597//6840 3580//6840
f 3622//6841 3580//6841 3603//6841
f 3623//6842 3581//6842 3607//6842
f 3623//6843 3599//6843 3581//6843
f 3624//6844 3582//6844 3608//6844
f 3624//6845 3600//6845 3582//6845
f 3625//6846 3583//6846 3609//6846
f 3625//6847 3601//6847 3583//6847
f 3626//6848 3602//6848 3584//6848
f 3626//6849 3584//6849 3610//6849
f 3627//6850 3603//6850 3585//6850
f 3627//6851 3585//6851 3611//6851
f 3628//6852 3586//6852 3612//6852
f 3628//6853 3604//6853 3586//6853
f 3629//6854 3607//6854 3588//6854
f 3629//6855 3588//6855 3613//6855
f 3630//6856 3608//6856 3589//6856
f 3630//6857 3589//6857 3614//6857
f 3631//6858 3590//6858 3615//6858
f 3631//6859 3609//6859 3590//6859
f 3632//6860 3591//6860 3616//6860
f 3632//6861 3610//6861 3591//6861
f 3633//6862 3611//6862 3592//6862
f 3633//6863 3592//6863 3617//6863
f 3634//6864 3612//6864 3593//6864
f 3634//6865 3593//6865 3618//6865
f 3635//6866 3594//6866 3619//6866
f 3635//6867 3613//6867 3594//6867
f 3636//6868 3595//6868 3620//6868
f 3636//6869 3614//6869 3595//6869
f 3637//6870 3615//6870 3596//6870
f 3637//6871 3596//6871 3621//6871
f 3638//6872 3616//6872 3597//6872
f 3638//6873 3597//6873 3622//6873
f 3639//6874 3598//6874 1773//6874
f 3639//6875 1773//6875 1770//6875
f 3639//6876 3617//6876 3598//6876
f 3640//6877 3599//6877 3623//6877
f 3640//6878 3618//6878 3599//6878
f 3641//6879 3600//6879 3624//6879
f 3641//6880 3619//6880 3600//6880
f 3642//6881 3620//6881 3601//6881
f 3642//6882 3601//6882 3625//6882
f 3643//6883 3621//6883 3602//6883
f 3643//6884 3602//6884 3626//6884
f 3644//6885 3603//6885 3627//6885
f 3644//6886 3622//6886 3603//6886
f 3645//6887 3646//6887 3605//6887
f 3645//6888 3605//6888 3604//6888
f 3645//6889 3604//6889 3628//6889
f 3647//6890 3607//6890 3629//6890
f 3647//6891 3623//6891 3607//6891
f 3648//6892 3624//6892 3608//6892
f 3648//6893 3608//6893 3630//6893
f 3649//6894 3609//6894 3631//6894
f 3649//6895 3625//6895 3609//6895
f 3650//6896 3626//6896 3610//6896
f 3650//6897 3610//6897 3632//6897
f 3651//6898 3627//6898 3611//6898
f 3651//6899 3611//6899 3633//6899
f 3652//6900 3628//6900 3612//6900
f 3652//6901 3612//6901 3634//6901
f 3653//6902 3613//6902 3635//6902
f 3653//6903 3629//6903 3613//6903
f 3654//6904 3614//6904 3636//6904
f 3654//6905 3630//6905 3614//6905
f 3655//6906 3615//6906 3637//6906
f 3655//6907 3631//6907 3615//6907
f 3656//6908 3632//6908 3616//6908
f 3656//6909 3616//6909 3638//6909
f 3657//6910 3633//6910 3617//6910
f 3657//6911 3617//6911 3639//6911
f 3658//6912 3634//6912 3618//6912
f 3658//6913 3618//6913 3640//6913
f 3659//6914 3635//6914 3619//6914
f 3659//6915 3619//6915 3641//6915
f 3660//6916 3636//6916 3620//6916
f 3660//6917 3620//6917 3642//6917
f 3661//6918 3621//6918 3643//6918
f 3661//6919 3637//6919 3621//6919
f 3662//6920 3622//6920 3644//6920
f 3662//6921 3638//6921 3622//6921
f 3663//6922 1769//6922 1766//6922
f 3663//6923 1770//6923 1769//6923
f 3663//6924 3639//6924 1770//6924
f 3664//6925 3646//6925 3645//6925
f 3664//6926 3665//6926 3646//6926
f 3666//6927 3640//6927 3623//6927
f 3666//6928 3623//6928 3647//6928
f 3667//6929 3624//6929 3648//6929
f 3667//6930 3641//6930 3624//6930
f 3668//6931 3642//6931 3625//6931
f 3668//6932 3625//6932 3649//6932
f 3669//6933 3643//6933 3626//6933
f 3669//6934 3626//6934 3650//6934
f 3670//6935 3644//6935 3627//6935
f 3670//6936 3627//6936 3651//6936
f 3671//6937 3628//6937 3652//6937
f 3671//6938 3645//6938 3628//6938
f 3672//6939 3647//6939 3629//6939
f 3672//6940 3629//6940 3653//6940
f 3673//6941 3648//6941 3630//6941
f 3673//6942 3630//6942 3654//6942
f 3674//6943 3649//6943 3631//6943
f 3674//6944 3631//6944 3655//6944
f 3675//6945 3650//6945 3632//6945
f 3675//6946 3632//6946 3656//6946
f 3676//6947 3633//6947 3657//6947
f 3676//6948 3651//6948 3633//6948
f 3677//6949 3652//6949 3634//6949
f 3677//6950 3634//6950 3658//6950
f 3678//6951 3635//6951 3659//6951
f 3678//6952 3653//6952 3635//6952
f 3679//6953 3654//6953 3636//6953
f 3679//6954 3636//6954 3660//6954
f 3680//6955 3637//6955 3661//6955
f 3680//6956 3655//6956 3637//6956
f 3681//6957 3656//6957 3638//6957
f 3681//6958 3638//6958 3662//6958
f 3682//6959 3639//6959 3663//6959
f 3682//6960 3657//6960 3639//6960
f 3683//6961 3658//6961 3640//6961
f 3683//6962 3640//6962 3666//6962
f 3684//6963 3641//6963 3667//6963
f 3684//6964 3659//6964 3641//6964
f 3685//6965 3660//6965 3642//6965
f 3685//6966 3642//6966 3668//6966
f 3686//6967 3661//6967 3643//6967
f 3686//6968 3643//6968 3669//6968
f 3687//6969 3662//6969 3644//6969
f 3687//6970 3644//6970 3670//6970
f 3688//6971 3645//6971 3671//6971
f 3688//6972 3664//6972 3645//6972
f 3689//6973 3666//6973 3647//6973
f 3689//6974 3647//6974 3672//6974
f 3690//6975 3648//6975 3673//6975
f 3690//6976 3667//6976 3648//6976
f 3691//6977 3668//6977 3649//6977
f 3691//6978 3649//6978 3674//6978
f 3692//6979 3650//6979 3675//6979
f 3692//6980 3669//6980 3650//6980
f 3693//6981 3670//6981 3651//6981
f 3693//6982 3651//6982 3676//6982
f 3694//6983 3671//6983 3652//6983
f 3694//6984 3652//6984 3677//6984
f 3695//6985 3653//6985 3678//6985
f 3695//6986 3672//6986 3653//6986
f 3696//6987 3654//6987 3679//6987
f 3696//6988 3673//6988 3654//6988
f 3697//6989 3674//6989 3655//6989
f 3697//6990 3655//6990 3680//6990
f 3698//6991 3656//6991 3681//6991
f 3698//6992 3675//6992 3656//6992
f 3699//6993 3676//6993 3657//6993
f 3699//6994 3657//6994 3682//6994
f 3700//6995 3677//6995 3658//6995
f 3700//6996 3658//6996 3683//6996
f 3701//6997 3678//6997 3659//6997
f 3701//6998 3659//6998 3684//6998
f 3702//6999 3660//6999 3685//6999
f 3702//7000 3679//7000 3660//7000
f 3703//7001 3680//7001 3661//7001
f 3703//7002 3661//7002 3686//7002
f 3704//7003 3662//7003 3687//7003
f 3704//7004 3681//7004 3662//7004
f 3705//7005 1766//7005 1764//7005
f 3705//7006 3663//7006 1766//7006
f 3705//7007 3682//7007 3663//7007
f 3706//7008 3665//7008 3664//7008
f 3706//7009 3707//7009 3708//7009
f 3706//7010 3708//7010 3665//7010
f 3706//7011 3664//7011 3688//7011
f 3709//7012 3683//7012 3666//7012
f 3709//7013 3666//7013 3689//7013
f 3710//7014 3667//7014 3690//7014
f 3710//7015 3684//7015 3667//7015
f 3711//7016 3685//7016 3668//7016
f 3711//7017 3668//7017 3691//7017
f 3712//7018 3686//7018 3669//7018
f 3712//7019 3669//7019 3692//7019
f 3713//7020 3670//7020 3693//7020
f 3713//7021 3687//7021 3670//7021
f 3714//7022 3671//7022 3694//7022
f 3714//7023 3688//7023 3671//7023
f 3715//7024 3689//7024 3672//7024
f 3715//7025 3672//7025 3695//7025
f 3716//7026 3690//7026 3673//7026
f 3716//7027 3673//7027 3696//7027
f 3717//7028 3691//7028 3674//7028
f 3717//7029 3674//7029 3697//7029
f 3718//7030 3675//7030 3698//7030
f 3718//7031 3692//7031 3675//7031
f 3719//7032 3693//7032 3676//7032
f 3719//7033 3676//7033 3699//7033
f 3720//7034 3694//7034 3677//7034
f 3720//7035 3677//7035 3700//7035
f 3721//7036 3678//7036 3701//7036
f 3721//7037 3695//7037 3678//7037
f 3722//7038 3696//7038 3679//7038
f 3722//7039 3679//7039 3702//7039
f 3723//7040 3680//7040 3703//7040
f 3723//7041 3697//7041 3680//7041
f 3724//7042 3681//7042 3704//7042
f 3724//7043 3698//7043 3681//7043
f 3725//7044 3699//7044 3682//7044
f 3725//7045 3682//7045 3705//7045
f 3726//7046 3727//7046 3707//7046
f 3726//7047 3707//7047 3706//7047
f 3728//7048 3683//7048 3709//7048
f 3728//7049 3700//7049 3683//7049
f 3729//7050 3684//7050 3710//7050
f 3729//7051 3701//7051 3684//7051
f 3730//7052 3685//7052 3711//7052
f 3730//7053 3702//7053 3685//7053
f 3731//7054 3703//7054 3686//7054
f 3731//7055 3686//7055 3712//7055
f 3732//7056 3687//7056 3713//7056
f 3732//7057 3704//7057 3687//7057
f 3733//7058 1764//7058 1762//7058
f 3733//7059 3705//7059 1764//7059
f 3734//7060 3706//7060 3688//7060
f 3734//7061 3688//7061 3714//7061
f 3735//7062 3709//7062 3689//7062
f 3735//7063 3689//7063 3715//7063
f 3736//7064 3690//7064 3716//7064
f 3736//7065 3710//7065 3690//7065
f 3737//7066 3691//7066 3717//7066
f 3737//7067 3711//7067 3691//7067
f 3738//7068 3692//7068 3718//7068
f 3738//7069 3712//7069 3692//7069
f 3739//7070 3713//7070 3693//7070
f 3739//7071 3693//7071 3719//7071
f 3740//7072 3694//7072 3720//7072
f 3740//7073 3714//7073 3694//7073
f 3741//7074 3715//7074 3695//7074
f 3741//7075 3695//7075 3721//7075
f 3742//7076 3696//7076 3722//7076
f 3742//7077 3716//7077 3696//7077
f 3743//7078 3717//7078 3697//7078
f 3743//7079 3697//7079 3723//7079
f 3744//7080 3718//7080 3698//7080
f 3744//7081 3698//7081 3724//7081
f 3745//7082 3699//7082 3725//7082
f 3745//7083 3719//7083 3699//7083
f 3746//7084 3720//7084 3700//7084
f 3746//7085 3700//7085 3728//7085
f 3747//7086 3701//7086 3729//7086
f 3747//7087 3721//7087 3701//7087
f 3748//7088 3722//7088 3702//7088
f 3748//7089 3702//7089 3730//7089
f 3749//7090 3723//7090 3703//7090
f 3749//7091 3703//7091 3731//7091
f 3750//7092 3724//7092 3704//7092
f 3750//7093 3704//7093 3732//7093
f 3751//7094 3705//7094 3733//7094
f 3751//7095 3725//7095 3705//7095
f 3752//7096 3706//7096 3734//7096
f 3752//7097 3726//7097 3706//7097
f 3753//7098 3728//7098 3709//7098
f 3753//7099 3709//7099 3735//7099
f 3754//7100 3710//7100 3736//7100
f 3754//7101 3729//7101 3710//7101
f 3755//7102 3711//7102 3737//7102
f 3755//7103 3730//7103 3711//7103
f 3756//7104 3731//7104 3712//7104
f 3756//7105 3712//7105 3738//7105
f 3757//7106 3732//7106 3713//7106
f 3757//7107 3713//7107 3739//7107
f 3758//7108 3714//7108 3740//7108
f 3758//7109 3734//7109 3714//7109
f 3759//7110 3735//7110 3715//7110
f 3759//7111 3715//7111 3741//7111
f 3760//7112 3736//7112 3716//7112
f 3760//7113 3716//7113 3742//7113
f 3761//7114 3737//7114 3717//7114
f 3761//7115 3717//7115 3743//7115
f 3762//7116 3718//7116 3744//7116
f 3762//7117 3738//7117 3718//7117
f 3763//7118 3739//7118 3719//7118
f 3763//7119 3719//7119 3745//7119
f 3764//7120 3740//7120 3720//7120
f 3764//7121 3720//7121 3746//7121
f 3765//7122 3721//7122 3747//7122
f 3765//7123 3741//7123 3721//7123
f 3766//7124 3722//7124 3748//7124
f 3766//7125 3742//7125 3722//7125
f 3767//7126 3743//7126 3723//7126
f 3767//7127 3723//7127 3749//7127
f 3768//7128 3744//7128 3724//7128
f 3768//7129 3724//7129 3750//7129
f 3769//7130 3745//7130 3725//7130
f 3769//7131 3725//7131 3751//7131
f 3770//7132 3771//7132 3772//7132
f 3770//7133 3772//7133 3727//7133
f 3770//7134 3726//7134 3752//7134
f 3770//7135 3727//7135 3726//7135
f 3773//7136 3746//7136 3728//7136
f 3773//7137 3728//7137 3753//7137
f 3774//7138 3729//7138 3754//7138
f 3774//7139 3747//7139 3729//7139
f 3775//7140 3748//7140 3730//7140
f 3775//7141 3730//7141 3755//7141
f 3776//7142 3731//7142 3756//7142
f 3776//7143 3749//7143 3731//7143
f 3777//7144 3750//7144 3732//7144
f 3777//7145 3732//7145 3757//7145
f 3778//7146 1760//7146 1759//7146
f 3778//7147 1762//7147 1760//7147
f 3778//7148 3733//7148 1762//7148
f 3778//7149 3751//7149 3733//7149
f 3779//7150 3734//7150 3758//7150
f 3779//7151 3752//7151 3734//7151
f 3780//7152 3735//7152 3759//7152
f 3780//7153 3753//7153 3735//7153
f 3781//7154 3754//7154 3736//7154
f 3781//7155 3736//7155 3760//7155
f 3782//7156 3737//7156 3761//7156
f 3782//7157 3755//7157 3737//7157
f 3783//7158 3756//7158 3738//7158
f 3783//7159 3738//7159 3762//7159
f 3784//7160 3757//7160 3739//7160
f 3784//7161 3739//7161 3763//7161
f 3785//7162 3740//7162 3764//7162
f 3785//7163 3758//7163 3740//7163
f 3786//7164 3759//7164 3741//7164
f 3786//7165 3741//7165 3765//7165
f 3787//7166 3742//7166 3766//7166
f 3787//7167 3760//7167 3742//7167
f 3788//7168 3761//7168 3743//7168
f 3788//7169 3743//7169 3767//7169
f 3789//7170 3744//7170 3768//7170
f 3789//7171 3762//7171 3744//7171
f 3790//7172 3763//7172 3745//7172
f 3790//7173 3745//7173 3769//7173
f 3791//7174 3792//7174 3771//7174
f 3791//7175 3771//7175 3770//7175
f 3793//7176 3764//7176 3746//7176
f 3793//7177 3746//7177 3773//7177
f 3794//7178 3747//7178 3774//7178
f 3794//7179 3765//7179 3747//7179
f 3795//7180 3748//7180 3775//7180
f 3795//7181 3766//7181 3748//7181
f 3796//7182 3749//7182 3776//7182
f 3796//7183 3767//7183 3749//7183
f 3797//7184 3750//7184 3777//7184
f 3797//7185 3768//7185 3750//7185
f 3798//7186 3769//7186 3751//7186
f 3798//7187 3751//7187 3778//7187
f 3799//7188 3752//7188 3779//7188
f 3799//7189 3770//7189 3752//7189
f 3800//7190 3773//7190 3753//7190
f 3800//7191 3753//7191 3780//7191
f 3801//7192 3774//7192 3754//7192
f 3801//7193 3754//7193 3781//7193
f 3802//7194 3775//7194 3755//7194
f 3802//7195 3755//7195 3782//7195
f 3803//7196 3776//7196 3756//7196
f 3803//7197 3756//7197 3783//7197
f 3804//7198 3757//7198 3784//7198
f 3804//7199 3777//7199 3757//7199
f 3805//7200 3779//7200 3758//7200
f 3805//7201 3758//7201 3785//7201
f 3806//7202 3780//7202 3759//7202
f 3806//7203 3759//7203 3786//7203
f 3807//7204 3781//7204 3760//7204
f 3807//7205 3760//7205 3787//7205
f 3808//7206 3761//7206 3788//7206
f 3808//7207 3782//7207 3761//7207
f 3809//7208 3762//7208 3789//7208
f 3809//7209 3783//7209 3762//7209
f 3810//7210 3763//7210 3790//7210
f 3810//7211 3784//7211 3763//7211
f 3811//7212 3764//7212 3793//7212
f 3811//7213 3785//7213 3764//7213
f 3812//7214 3786//7214 3765//7214
f 3812//7215 3765//7215 3794//7215
f 3813//7216 3766//7216 3795//7216
f 3813//7217 3787//7217 3766//7217
f 3814//7218 3788//7218 3767//7218
f 3814//7219 3767//7219 3796//7219
f 3815//7220 3789//7220 3768//7220
f 3815//7221 3768//7221 3797//7221
f 3816//7222 3790//7222 3769//7222
f 3816//7223 3769//7223 3798//7223
f 3817//7224 3791//7224 3770//7224
f 3817//7225 3770//7225 3799//7225
f 3818//7226 3773//7226 3800//7226
f 3818//7227 3793//7227 3773//7227
f 3819//7228 3794//7228 3774//7228
f 3819//7229 3774//7229 3801//7229
f 3820//7230 3795//7230 3775//7230
f 3820//7231 3775//7231 3802//7231
f 3821//7232 3776//7232 3803//7232
f 3821//7233 3796//7233 3776//7233
f 3822//7234 3777//7234 3804//7234
f 3822//7235 3797//7235 3777//7235
f 3823//7236 3778//7236 1759//7236
f 3823//7237 3798//7237 3778//7237
f 3824//7238 3779//7238 3805//7238
f 3824//7239 3799//7239 3779//7239
f 3825//7240 3800//7240 3780//7240
f 3825//7241 3780//7241 3806//7241
f 3826//7242 3781//7242 3807//7242
f 3826//7243 3801//7243 3781//7243
f 3827//7244 3802//7244 3782//7244
f 3827//7245 3782//7245 3808//7245
f 3828//7246 3783//7246 3809//7246
f 3828//7247 3803//7247 3783//7247
f 3829//7248 3784//7248 3810//7248
f 3829//7249 3804//7249 3784//7249
f 3830//7250 3805//7250 3785//7250
f 3830//7251 3785//7251 3811//7251
f 3831//7252 3806//7252 3786//7252
f 3831//7253 3786//7253 3812//7253
f 3832//7254 3787//7254 3813//7254
f 3832//7255 3807//7255 3787//7255
f 3833//7256 3808//7256 3788//7256
f 3833//7257 3788//7257 3814//7257
f 3834//7258 3809//7258 3789//7258
f 3834//7259 3789//7259 3815//7259
f 3835//7260 3810//7260 3790//7260
f 3835//7261 3790//7261 3816//7261
f 3836//7262 3837//7262 3792//7262
f 3836//7263 3791//7263 3817//7263
f 3836//7264 3792//7264 3791//7264
f 3838//7265 3793//7265 3818//7265
f 3838//7266 3811//7266 3793//7266
f 3839//7267 3794//7267 3819//7267
f 3839//7268 3812//7268 3794//7268
f 3840//7269 3795//7269 3820//7269
f 3840//7270 3813//7270 3795//7270
f 3841//7271 3796//7271 3821//7271
f 3841//7272 3814//7272 3796//7272
f 3842//7273 3815//7273 3797//7273
f 3842//7274 3797//7274 3822//7274
f 3843//7275 3816//7275 3798//7275
f 3843//7276 3798//7276 3823//7276
f 3844//7277 3817//7277 3799//7277
f 3844//7278 3799//7278 3824//7278
f 3845//7279 3818//7279 3800//7279
f 3845//7280 3800//7280 3825//7280
f 3846//7281 3819//7281 3801//7281
f 3846//7282 3801//7282 3826//7282
f 3847//7283 3802//7283 3827//7283
f 3847//7284 3820//7284 3802//7284
f 3848//7285 3821//7285 3803//7285
f 3848//7286 3803//7286 3828//7286
f 3849//7287 3804//7287 3829//7287
f 3849//7288 3822//7288 3804//7288
f 3850//7289 1757//7289 1754//7289
f 3850//7290 1759//7290 1757//7290
f 3850//7291 3823//7291 1759//7291
f 3851//7292 3805//7292 3830//7292
f 3851//7293 3824//7293 3805//7293
f 3852//7294 3806//7294 3831//7294
f 3852//7295 3825//7295 3806//7295
f 3853//7296 3826//7296 3807//7296
f 3853//7297 3807//7297 3832//7297
f 3854//7298 3827//7298 3808//7298
f 3854//7299 3808//7299 3833//7299
f 3855//7300 3809//7300 3834//7300
f 3855//7301 3828//7301 3809//7301
f 3856//7302 3810//7302 3835//7302
f 3856//7303 3829//7303 3810//7303
f 3857//7304 3858//7304 3859//7304
f 3857//7305 3859//7305 3837//7305
f 3857//7306 3837//7306 3836//7306
f 3860//7307 3811//7307 3838//7307
f 3860//7308 3830//7308 3811//7308
f 3861//7309 3831//7309 3812//7309
f 3861//7310 3812//7310 3839//7310
f 3862//7311 3832//7311 3813//7311
f 3862//7312 3813//7312 3840//7312
f 3863//7313 3814//7313 3841//7313
f 3863//7314 3833//7314 3814//7314
f 3864//7315 3815//7315 3842//7315
f 3864//7316 3834//7316 3815//7316
f 3865//7317 3835//7317 3816//7317
f 3865//7318 3816//7318 3843//7318
f 3866//7319 3836//7319 3817//7319
f 3866//7320 3817//7320 3844//7320
f 3867//7321 3818//7321 3845//7321
f 3867//7322 3838//7322 3818//7322
f 3868//7323 3839//7323 3819//7323
f 3868//7324 3819//7324 3846//7324
f 3869//7325 3840//7325 3820//7325
f 3869//7326 3820//7326 3847//7326
f 3870//7327 3841//7327 3821//7327
f 3870//7328 3821//7328 3848//7328
f 3871//7329 3842//7329 3822//7329
f 3871//7330 3822//7330 3849//7330
f 3872//7331 3843//7331 3823//7331
f 3872//7332 3823//7332 3850//7332
f 3873//7333 3844//7333 3824//7333
f 3873//7334 3824//7334 3851//7334
f 3874//7335 3845//7335 3825//7335
f 3874//7336 3825//7336 3852//7336
f 3875//7337 3826//7337 3853//7337
f 3875//7338 3846//7338 3826//7338
f 3876//7339 3827//7339 3854//7339
f 3876//7340 3847//7340 3827//7340
f 3877//7341 3828//7341 3855//7341
f 3877//7342 3848//7342 3828//7342
f 3878//7343 3849//7343 3829//7343
f 3878//7344 3829//7344 3856//7344
f 3879//7345 3851//7345 3830//7345
f 3879//7346 3830//7346 3860//7346
f 3880//7347 3831//7347 3861//7347
f 3880//7348 3852//7348 3831//7348
f 3881//7349 3832//7349 3862//7349
f 3881//7350 3853//7350 3832//7350
f 3882//7351 3833//7351 3863//7351
f 3882//7352 3854//7352 3833//7352
f 3883//7353 3834//7353 3864//7353
f 3883//7354 3855//7354 3834//7354
f 3884//7355 3835//7355 3865//7355
f 3884//7356 3856//7356 3835//7356
f 3885//7357 3857//7357 3836//7357
f 3885//7358 3836//7358 3866//7358
f 3886//7359 3860//7359 3838//7359
f 3886//7360 3838//7360 3867//7360
f 3887//7361 3839//7361 3868//7361
f 3887//7362 3861//7362 3839//7362
f 3888//7363 3840//7363 3869//7363
f 3888//7364 3862//7364 3840//7364
f 3889//7365 3841//7365 3870//7365
f 3889//7366 3863//7366 3841//7366
f 3890//7367 3842//7367 3871//7367
f 3890//7368 3864//7368 3842//7368
f 3891//7369 3843//7369 3872//7369
f 3891//7370 3865//7370 3843//7370
f 3892//7371 3844//7371 3873//7371
f 3892//7372 3866//7372 3844//7372
f 3893//7373 3845//7373 3874//7373
f 3893//7374 3867//7374 3845//7374
f 3894//7375 3868//7375 3846//7375
f 3894//7376 3846//7376 3875//7376
f 3895//7377 3869//7377 3847//7377
f 3895//7378 3847//7378 3876//7378
f 3896//7379 3870//7379 3848//7379
f 3896//7380 3848//7380 3877//7380
f 3897//7381 3849//7381 3878//7381
f 3897//7382 3871//7382 3849//7382
f 3898//7383 3872//7383 3850//7383
f 3898//7384 1754//7384 1752//7384
f 3898//7385 3850//7385 1754//7385
f 3899//7386 3873//7386 3851//7386
f 3899//7387 3851//7387 3879//7387
f 3900//7388 3874//7388 3852//7388
f 3900//7389 3852//7389 3880//7389
f 3901//7390 3875//7390 3853//7390
f 3901//7391 3853//7391 3881//7391
f 3902//7392 3854//7392 3882//7392
f 3902//7393 3876//7393 3854//7393
f 3903//7394 3877//7394 3855//7394
f 3903//7395 3855//7395 3883//7395
f 3904//7396 3878//7396 3856//7396
f 3904//7397 3856//7397 3884//7397
f 3905//7398 420//7398 421//7398
f 3905//7399 3088//7399 3858//7399
f 3905//7400 3857//7400 3885//7400
f 3905//7401 421//7401 3088//7401
f 3905//7402 3858//7402 3857//7402
f 3906//7403 3879//7403 3860//7403
f 3906//7404 3860//7404 3886//7404
f 3907//7405 3861//7405 3887//7405
f 3907//7406 3880//7406 3861//7406
f 3908//7407 3862//7407 3888//7407
f 3908//7408 3881//7408 3862//7408
f 3909//7409 3863//7409 3889//7409
f 3909//7410 3882//7410 3863//7410
f 3910//7411 3864//7411 3890//7411
f 3910//7412 3883//7412 3864//7412
f 3911//7413 3884//7413 3865//7413
f 3911//7414 3865//7414 3891//7414
f 3912//7415 3866//7415 3892//7415
f 3912//7416 3885//7416 3866//7416
f 3913//7417 3867//7417 3893//7417
f 3913//7418 3886//7418 3867//7418
f 3914//7419 3868//7419 3894//7419
f 3914//7420 3887//7420 3868//7420
f 3915//7421 3888//7421 3869//7421
f 3915//7422 3869//7422 3895//7422
f 3916//7423 3870//7423 3896//7423
f 3916//7424 3889//7424 3870//7424
f 3917//7425 3890//7425 3871//7425
f 3917//7426 3871//7426 3897//7426
f 3918//7427 3891//7427 3872//7427
f 3918//7428 3872//7428 3898//7428
f 3919//7429 3892//7429 3873//7429
f 3919//7430 3873//7430 3899//7430
f 3920//7431 3893//7431 3874//7431
f 3920//7432 3874//7432 3900//7432
f 3921//7433 3875//7433 3901//7433
f 3921//7434 3894//7434 3875//7434
f 3922//7435 3876//7435 3902//7435
f 3922//7436 3895//7436 3876//7436
f 3923//7437 3896//7437 3877//7437
f 3923//7438 3877//7438 3903//7438
f 3924//7439 3897//7439 3878//7439
f 3924//7440 3878//7440 3904//7440
f 3925//7441 1752//7441 1751//7441
f 3925//7442 3898//7442 1752//7442
f 3926//7443 3899//7443 3879//7443
f 3926//7444 3879//7444 3906//7444
f 3927//7445 3880//7445 3907//7445
f 3927//7446 3900//7446 3880//7446
f 3928//7447 3881//7447 3908//7447
f 3928//7448 3901//7448 3881//7448
f 3929//7449 3902//7449 3882//7449
f 3929//7450 3882//7450 3909//7450
f 3930//7451 3903//7451 3883//7451
f 3930//7452 3883//7452 3910//7452
f 3931//7453 3904//7453 3884//7453
f 3931//7454 3884//7454 3911//7454
f 3932//7455 3905//7455 3885//7455
f 3932//7456 419//7456 420//7456
f 3932//7457 3885//7457 3912//7457
f 3932//7458 420//7458 3905//7458
f 3933//7459 3906//7459 3886//7459
f 3933//7460 3886//7460 3913//7460
f 3934//7461 3887//7461 3914//7461
f 3934//7462 3907//7462 3887//7462
f 3935//7463 3888//7463 3915//7463
f 3935//7464 3908//7464 3888//7464
f 3936//7465 3909//7465 3889//7465
f 3936//7466 3889//7466 3916//7466
f 3937//7467 3890//7467 3917//7467
f 3937//7468 3910//7468 3890//7468
f 3938//7469 3911//7469 3891//7469
f 3938//7470 3891//7470 3918//7470
f 3939//7471 3912//7471 3892//7471
f 3939//7472 3892//7472 3919//7472
f 3940//7473 3913//7473 3893//7473
f 3940//7474 3893//7474 3920//7474
f 3941//7475 3914//7475 3894//7475
f 3941//7476 3894//7476 3921//7476
f 3942//7477 3915//7477 3895//7477
f 3942//7478 3895//7478 3922//7478
f 3943//7479 3916//7479 3896//7479
f 3943//7480 3896//7480 3923//7480
f 3944//7481 3917//7481 3897//7481
f 3944//7482 3897//7482 3924//7482
f 3945//7483 3918//7483 3898//7483
f 3945//7484 3898//7484 3925//7484
f 3946//7485 3919//7485 3899//7485
f 3946//7486 3899//7486 3926//7486
f 3947//7487 3920//7487 3900//7487
f 3947//7488 3900//7488 3927//7488
f 3948//7489 3921//7489 3901//7489
f 3948//7490 3901//7490 3928//7490
f 3949//7491 3922//7491 3902//7491
f 3949//7492 3902//7492 3929//7492
f 3950//7493 3903//7493 3930//7493
f 3950//7494 3923//7494 3903//7494
f 3951//7495 3924//7495 3904//7495
f 3951//7496 3904//7496 3931//7496
f 3952//7497 3926//7497 3906//7497
f 3952//7498 3906//7498 3933//7498
f 3953//7499 3927//7499 3907//7499
f 3953//7500 3907//7500 3934//7500
f 3954//7501 3908//7501 3935//7501
f 3954//7502 3928//7502 3908//7502
f 3955//7503 3909//7503 3936//7503
f 3955//7504 3929//7504 3909//7504
f 3956//7505 3910//7505 3937//7505
f 3956//7506 3930//7506 3910//7506
f 3957//7507 3911//7507 3938//7507
f 3957//7508 3931//7508 3911//7508
f 3958//7509 418//7509 419//7509
f 3958//7510 419//7510 3932//7510
f 3958//7511 3912//7511 3939//7511
f 3958//7512 3932//7512 3912//7512
f 3959//7513 3913//7513 3940//7513
f 3959//7514 3933//7514 3913//7514
f 3960//7515 3914//7515 3941//7515
f 3960//7516 3934//7516 3914//7516
f 3961//7517 3935//7517 3915//7517
f 3961//7518 3915//7518 3942//7518
f 3962//7519 3936//7519 3916//7519
f 3962//7520 3916//7520 3943//7520
f 3963//7521 3937//7521 3917//7521
f 3963//7522 3917//7522 3944//7522
f 3964//7523 3938//7523 3918//7523
f 3964//7524 3918//7524 3945//7524
f 3965//7525 3939//7525 3919//7525
f 3965//7526 3919//7526 3946//7526
f 3966//7527 3940//7527 3920//7527
f 3966//7528 3920//7528 3947//7528
f 3967//7529 3941//7529 3921//7529
f 3967//7530 3921//7530 3948//7530
f 3968//7531 3922//7531 3949//7531
f 3968//7532 3942//7532 3922//7532
f 3969//7533 3943//7533 3923//7533
f 3969//7534 3923//7534 3950//7534
f 3970//7535 3924//7535 3951//7535
f 3970//7536 3944//7536 3924//7536
f 3971//7537 1748//7537 1746//7537
f 3971//7538 1751//7538 1748//7538
f 3971//7539 3945//7539 3925//7539
f 3971//7540 3925//7540 1751//7540
f 3972//7541 3946//7541 3926//7541
f 3972//7542 3926//7542 3952//7542
f 3973//7543 3947//7543 3927//7543
f 3973//7544 3927//7544 3953//7544
f 3974//7545 3928//7545 3954//7545
f 3974//7546 3948//7546 3928//7546
f 3975//7547 3929//7547 3955//7547
f 3975//7548 3949//7548 3929//7548
f 3976//7549 3950//7549 3930//7549
f 3976//7550 3930//7550 3956//7550
f 3977//7551 3931//7551 3957//7551
f 3977//7552 3951//7552 3931//7552
f 3978//7553 3952//7553 3933//7553
f 3978//7554 3933//7554 3959//7554
f 3979//7555 3953//7555 3934//7555
f 3979//7556 3934//7556 3960//7556
f 3980//7557 3935//7557 3961//7557
f 3980//7558 3954//7558 3935//7558
f 3981//7559 3955//7559 3936//7559
f 3981//7560 3936//7560 3962//7560
f 3982//7561 3937//7561 3963//7561
f 3982//7562 3956//7562 3937//7562
f 3983//7563 3957//7563 3938//7563
f 3983//7564 3938//7564 3964//7564
f 3984//7565 418//7565 3958//7565
f 3984//7566 417//7566 418//7566
f 3984//7567 3939//7567 3965//7567
f 3984//7568 3958//7568 3939//7568
f 3985//7569 3959//7569 3940//7569
f 3985//7570 3940//7570 3966//7570
f 3986//7571 3960//7571 3941//7571
f 3986//7572 3941//7572 3967//7572
f 3987//7573 3961//7573 3942//7573
f 3987//7574 3942//7574 3968//7574
f 3988//7575 3962//7575 3943//7575
f 3988//7576 3943//7576 3969//7576
f 3989//7577 3944//7577 3970//7577
f 3989//7578 3963//7578 3944//7578
f 3990//7579 3964//7579 3945//7579
f 3990//7580 3945//7580 3971//7580
f 3991//7581 3946//7581 3972//7581
f 3991//7582 3965//7582 3946//7582
f 3992//7583 3947//7583 3973//7583
f 3992//7584 3966//7584 3947//7584
f 3993//7585 3948//7585 3974//7585
f 3993//7586 3967//7586 3948//7586
f 3994//7587 3949//7587 3975//7587
f 3994//7588 3968//7588 3949//7588
f 3995//7589 3969//7589 3950//7589
f 3995//7590 3950//7590 3976//7590
f 3996//7591 3951//7591 3977//7591
f 3996//7592 3970//7592 3951//7592
f 3997//7593 3952//7593 3978//7593
f 3997//7594 3972//7594 3952//7594
f 3998//7595 3973//7595 3953//7595
f 3998//7596 3953//7596 3979//7596
f 3999//7597 3974//7597 3954//7597
f 3999//7598 3954//7598 3980//7598
f 4000//7599 3975//7599 3955//7599
f 4000//7600 3955//7600 3981//7600
f 4001//7601 3956//7601 3982//7601
f 4001//7602 3976//7602 3956//7602
f 4002//7603 3977//7603 3957//7603
f 4002//7604 3957//7604 3983//7604
f 4003//7605 3978//7605 3959//7605
f 4003//7606 3959//7606 3985//7606
f 4004//7607 3979//7607 3960//7607
f 4004//7608 3960//7608 3986//7608
f 4005//7609 3980//7609 3961//7609
f 4005//7610 3961//7610 3987//7610
f 4006//7611 3981//7611 3962//7611
f 4006//7612 3962//7612 3988//7612
f 4007//7613 3982//7613 3963//7613
f 4007//7614 3963//7614 3989//7614
f 4008//7615 3983//7615 3964//7615
f 4008//7616 3964//7616 3990//7616
f 4009//7617 416//7617 417//7617
f 4009//7618 417//7618 3984//7618
f 4009//7619 3984//7619 3965//7619
f 4009//7620 3965//7620 3991//7620
f 4010//7621 3985//7621 3966//7621
f 4010//7622 3966//7622 3992//7622
f 4011//7623 3967//7623 3993//7623
f 4011//7624 3986//7624 3967//7624
f 4012//7625 3968//7625 3994//7625
f 4012//7626 3987//7626 3968//7626
f 4013//7627 3969//7627 3995//7627
f 4013//7628 3988//7628 3969//7628
f 4014//7629 3970//7629 3996//7629
f 4014//7630 3989//7630 3970//7630
f 4015//7631 1746//7631 1744//7631
f 4015//7632 3971//7632 1746//7632
f 4015//7633 3990//7633 3971//7633
f 4016//7634 3991//7634 3972//7634
f 4016//7635 3972//7635 3997//7635
f 4017//7636 3973//7636 3998//7636
f 4017//7637 3992//7637 3973//7637
f 4018//7638 3993//7638 3974//7638
f 4018//7639 3974//7639 3999//7639
f 4019//7640 3994//7640 3975//7640
f 4019//7641 3975//7641 4000//7641
f 4020//7642 3995//7642 3976//7642
f 4020//7643 3976//7643 4001//7643
f 4021//7644 3996//7644 3977//7644
f 4021//7645 3977//7645 4002//7645
f 4022//7646 3997//7646 3978//7646
f 4022//7647 3978//7647 4003//7647
f 4023//7648 3979//7648 4004//7648
f 4023//7649 3998//7649 3979//7649
f 4024//7650 3980//7650 4005//7650
f 4024//7651 3999//7651 3980//7651
f 4025//7652 4000//7652 3981//7652
f 4025//7653 3981//7653 4006//7653
f 4026//7654 4001//7654 3982//7654
f 4026//7655 3982//7655 4007//7655
f 4027//7656 3983//7656 4008//7656
f 4027//7657 4002//7657 3983//7657
f 4028//7658 3985//7658 4010//7658
f 4028//7659 4003//7659 3985//7659
f 4029//7660 4004//7660 3986//7660
f 4029//7661 3986//7661 4011//7661
f 4030//7662 3987//7662 4012//7662
f 4030//7663 4005//7663 3987//7663
f 4031//7664 4006//7664 3988//7664
f 4031//7665 3988//7665 4013//7665
f 4032//7666 3989//7666 4014//7666
f 4032//7667 4007//7667 3989//7667
f 4033//7668 4008//7668 3990//7668
f 4033//7669 3990//7669 4015//7669
f 4034//7670 415//7670 416//7670
f 4034//7671 4009//7671 3991//7671
f 4034//7672 3991//7672 4016//7672
f 4034//7673 416//7673 4009//7673
f 4035//7674 4010//7674 3992//7674
f 4035//7675 3992//7675 4017//7675
f 4036//7676 3993//7676 4018//7676
f 4036//7677 4011//7677 3993//7677
f 4037//7678 3994//7678 4019//7678
f 4037//7679 4012//7679 3994//7679
f 4038//7680 4013//7680 3995//7680
f 4038//7681 3995//7681 4020//7681
f 4039//7682 4014//7682 3996//7682
f 4039//7683 3996//7683 4021//7683
f 4040//7684 1744//7684 1742//7684
f 4040//7685 4015//7685 1744//7685
f 4041//7686 3997//7686 4022//7686
f 4041//7687 4016//7687 3997//7687
f 4042//7688 4017//7688 3998//7688
f 4042//7689 3998//7689 4023//7689
f 4043//7690 3999//7690 4024//7690
f 4043//7691 4018//7691 3999//7691
f 4044//7692 4000//7692 4025//7692
f 4044//7693 4019//7693 4000//7693
f 4045//7694 4001//7694 4026//7694
f 4045//7695 4020//7695 4001//7695
f 4046//7696 4002//7696 4027//7696
f 4046//7697 4021//7697 4002//7697
f 4047//7698 4022//7698 4003//7698
f 4047//7699 4003//7699 4028//7699
f 4048//7700 4023//7700 4004//7700
f 4048//7701 4004//7701 4029//7701
f 4049//7702 4005//7702 4030//7702
f 4049//7703 4024//7703 4005//7703
f 4050//7704 4006//7704 4031//7704
f 4050//7705 4025//7705 4006//7705
f 4051//7706 4007//7706 4032//7706
f 4051//7707 4026//7707 4007//7707
f 4052//7708 4027//7708 4008//7708
f 4052//7709 4008//7709 4033//7709
f 4053//7710 4010//7710 4035//7710
f 4053//7711 4028//7711 4010//7711
f 4054//7712 4029//7712 4011//7712
f 4054//7713 4011//7713 4036//7713
f 4055//7714 4030//7714 4012//7714
f 4055//7715 4012//7715 4037//7715
f 4056//7716 4013//7716 4038//7716
f 4056//7717 4031//7717 4013//7717
f 4057//7718 4032//7718 4014//7718
f 4057//7719 4014//7719 4039//7719
f 4058//7720 4015//7720 4040//7720
f 4058//7721 4033//7721 4015//7721
f 4059//7722 414//7722 415//7722
f 4059//7723 4016//7723 4041//7723
f 4059//7724 415//7724 4034//7724
f 4059//7725 4034//7725 4016//7725
f 4060//7726 4017//7726 4042//7726
f 4060//7727 4035//7727 4017//7727
f 4061//7728 4018//7728 4043//7728
f 4061//7729 4036//7729 4018//7729
f 4062//7730 4037//7730 4019//7730
f 4062//7731 4019//7731 4044//7731
f 4063//7732 4038//7732 4020//7732
f 4063//7733 4020//7733 4045//7733
f 4064//7734 4021//7734 4046//7734
f 4064//7735 4039//7735 4021//7735
f 4065//7736 4041//7736 4022//7736
f 4065//7737 4022//7737 4047//7737
f 4066//7738 4042//7738 4023//7738
f 4066//7739 4023//7739 4048//7739
f 4067//7740 4024//7740 4049//7740
f 4067//7741 4043//7741 4024//7741
f 4068//7742 4025//7742 4050//7742
f 4068//7743 4044//7743 4025//7743
f 4069//7744 4045//7744 4026//7744
f 4069//7745 4026//7745 4051//7745
f 4070//7746 4046//7746 4027//7746
f 4070//7747 4027//7747 4052//7747
f 4071//7748 4047//7748 4028//7748
f 4071//7749 4028//7749 4053//7749
f 4072//7750 4029//7750 4054//7750
f 4072//7751 4048//7751 4029//7751
f 4073//7752 4049//7752 4030//7752
f 4073//7753 4030//7753 4055//7753
f 4074//7754 4050//7754 4031//7754
f 4074//7755 4031//7755 4056//7755
f 4075//7756 4032//7756 4057//7756
f 4075//7757 4051//7757 4032//7757
f 4076//7758 4052//7758 4033//7758
f 4076//7759 4033//7759 4058//7759
f 4077//7760 4053//7760 4035//7760
f 4077//7761 4035//7761 4060//7761
f 4078//7762 4054//7762 4036//7762
f 4078//7763 4036//7763 4061//7763
f 4079//7764 4037//7764 4062//7764
f 4079//7765 4055//7765 4037//7765
f 4080//7766 4056//7766 4038//7766
f 4080//7767 4038//7767 4063//7767
f 4081//7768 4057//7768 4039//7768
f 4081//7769 4039//7769 4064//7769
f 4082//7770 1740//7770 1738//7770
f 4082//7771 1742//7771 1740//7771
f 4082//7772 4058//7772 4040//7772
f 4082//7773 4040//7773 1742//7773
f 4083//7774 413//7774 414//7774
f 4083//7775 4059//7775 4041//7775
f 4083//7776 414//7776 4059//7776
f 4083//7777 4041//7777 4065//7777
f 4084//7778 4060//7778 4042//7778
f 4084//7779 4042//7779 4066//7779
f 4085//7780 4061//7780 4043//7780
f 4085//7781 4043//7781 4067//7781
f 4086//7782 4062//7782 4044//7782
f 4086//7783 4044//7783 4068//7783
f 4087//7784 4045//7784 4069//7784
f 4087//7785 4063//7785 4045//7785
f 4088//7786 4064//7786 4046//7786
f 4088//7787 4046//7787 4070//7787
f 4089//7788 4047//7788 4071//7788
f 4089//7789 4065//7789 4047//7789
f 4090//7790 4066//7790 4048//7790
f 4090//7791 4048//7791 4072//7791
f 4091//7792 4067//7792 4049//7792
f 4091//7793 4049//7793 4073//7793
f 4092//7794 4068//7794 4050//7794
f 4092//7795 4050//7795 4074//7795
f 4093//7796 4051//7796 4075//7796
f 4093//7797 4069//7797 4051//7797
f 4094//7798 4070//7798 4052//7798
f 4094//7799 4052//7799 4076//7799
f 4095//7800 4053//7800 4077//7800
f 4095//7801 4071//7801 4053//7801
f 4096//7802 4072//7802 4054//7802
f 4096//7803 4054//7803 4078//7803
f 4097//7804 4073//7804 4055//7804
f 4097//7805 4055//7805 4079//7805
f 4098//7806 4056//7806 4080//7806
f 4098//7807 4074//7807 4056//7807
f 4099//7808 4075//7808 4057//7808
f 4099//7809 4057//7809 4081//7809
f 4100//7810 4076//7810 4058//7810
f 4100//7811 4058//7811 4082//7811
f 4101//7812 4060//7812 4084//7812
f 4101//7813 4077//7813 4060//7813
f 4102//7814 4078//7814 4061//7814
f 4102//7815 4061//7815 4085//7815
f 4103//7816 4062//7816 4086//7816
f 4103//7817 4079//7817 4062//7817
f 4104//7818 4063//7818 4087//7818
f 4104//7819 4080//7819 4063//7819
f 4105//7820 4081//7820 4064//7820
f 4105//7821 4064//7821 4088//7821
f 4106//7822 411//7822 413//7822
f 4106//7823 413//7823 4083//7823
f 4106//7824 4089//7824 411//7824
f 4106//7825 4083//7825 4065//7825
f 4106//7826 4065//7826 4089//7826
f 4107//7827 4066//7827 4090//7827
f 4107//7828 4084//7828 4066//7828
f 4108//7829 4067//7829 4091//7829
f 4108//7830 4085//7830 4067//7830
f 4109//7831 4086//7831 4068//7831
f 4109//7832 4068//7832 4092//7832
f 4110//7833 4069//7833 4093//7833
f 4110//7834 4087//7834 4069//7834
f 4111//7835 4088//7835 4070//7835
f 4111//7836 4070//7836 4094//7836
f 4112//7837 409//7837 411//7837
f 4112//7838 411//7838 4089//7838
f 4112//7839 4089//7839 4071//7839
f 4112//7840 4071//7840 4095//7840
f 4113//7841 4072//7841 4096//7841
f 4113//7842 4090//7842 4072//7842
f 4114//7843 4091//7843 4073//7843
f 4114//7844 4073//7844 4097//7844
f 4115//7845 4074//7845 4098//7845
f 4115//7846 4092//7846 4074//7846
f 4116//7847 4075//7847 4099//7847
f 4116//7848 4093//7848 4075//7848
f 4117//7849 4076//7849 4100//7849
f 4117//7850 4094//7850 4076//7850
f 4118//7851 4095//7851 4077//7851
f 4118//7852 4077//7852 4101//7852
f 4119//7853 4078//7853 4102//7853
f 4119//7854 4096//7854 4078//7854
f 4120//7855 4097//7855 4079//7855
f 4120//7856 4079//7856 4103//7856
f 4121//7857 4098//7857 4080//7857
f 4121//7858 4080//7858 4104//7858
f 4122//7859 4099//7859 4081//7859
f 4122//7860 4081//7860 4105//7860
f 4123//7861 1738//7861 1736//7861
f 4123//7862 4082//7862 1738//7862
f 4123//7863 4100//7863 4082//7863
f 4124//7864 4101//7864 4084//7864
f 4124//7865 4084//7865 4107//7865
f 4125//7866 4102//7866 4085//7866
f 4125//7867 4085//7867 4108//7867
f 4126//7868 4086//7868 4109//7868
f 4126//7869 4103//7869 4086//7869
f 4127//7870 4104//7870 4087//7870
f 4127//7871 4087//7871 4110//7871
f 4128//7872 4088//7872 4111//7872
f 4128//7873 4105//7873 4088//7873
f 4129//7874 4090//7874 4113//7874
f 4129//7875 4107//7875 4090//7875
f 4130//7876 4091//7876 4114//7876
f 4130//7877 4108//7877 4091//7877
f 4131//7878 4109//7878 4092//7878
f 4131//7879 4092//7879 4115//7879
f 4132//7880 4110//7880 4093//7880
f 4132//7881 4093//7881 4116//7881
f 4133//7882 4094//7882 4117//7882
f 4133//7883 4111//7883 4094//7883
f 4134//7884 406//7884 407//7884
f 4134//7885 407//7885 409//7885
f 4134//7886 409//7886 4112//7886
f 4134//7887 4112//7887 4095//7887
f 4134//7888 4095//7888 4118//7888
f 4135//7889 4113//7889 4096//7889
f 4135//7890 4096//7890 4119//7890
f 4136//7891 4097//7891 4120//7891
f 4136//7892 4114//7892 4097//7892
f 4137//7893 4115//7893 4098//7893
f 4137//7894 4098//7894 4121//7894
f 4138//7895 4116//7895 4099//7895
f 4138//7896 4099//7896 4122//7896
f 4139//7897 4117//7897 4100//7897
f 4139//7898 4100//7898 4123//7898
f 4140//7899 4118//7899 4101//7899
f 4140//7900 4101//7900 4124//7900
f 4141//7901 4102//7901 4125//7901
f 4141//7902 4119//7902 4102//7902
f 4142//7903 4103//7903 4126//7903
f 4142//7904 4120//7904 4103//7904
f 4143//7905 4104//7905 4127//7905
f 4143//7906 4121//7906 4104//7906
f 4144//7907 4122//7907 4105//7907
f 4144//7908 4105//7908 4128//7908
f 4145//7909 1736//7909 1735//7909
f 4145//7910 4123//7910 1736//7910
f 4146//7911 4107//7911 4129//7911
f 4146//7912 4124//7912 4107//7912
f 4147//7913 4108//7913 4130//7913
f 4147//7914 4125//7914 4108//7914
f 4148//7915 4109//7915 4131//7915
f 4148//7916 4126//7916 4109//7916
f 4149//7917 4110//7917 4132//7917
f 4149//7918 4127//7918 4110//7918
f 4150//7919 4128//7919 4111//7919
f 4150//7920 4111//7920 4133//7920
f 4151//7921 4113//7921 4135//7921
f 4151//7922 4129//7922 4113//7922
f 4152//7923 4130//7923 4114//7923
f 4152//7924 4114//7924 4136//7924
f 4153//7925 4131//7925 4115//7925
f 4153//7926 4115//7926 4137//7926
f 4154//7927 4132//7927 4116//7927
f 4154//7928 4116//7928 4138//7928
f 4155//7929 4133//7929 4117//7929
f 4155//7930 4117//7930 4139//7930
f 4156//7931 4118//7931 4140//7931
f 4156//7932 404//7932 406//7932
f 4156//7933 406//7933 4134//7933
f 4156//7934 4134//7934 4118//7934
f 4157//7935 4135//7935 4119//7935
f 4157//7936 4119//7936 4141//7936
f 4158//7937 4136//7937 4120//7937
f 4158//7938 4120//7938 4142//7938
f 4159//7939 4137//7939 4121//7939
f 4159//7940 4121//7940 4143//7940
f 4160//7941 4138//7941 4122//7941
f 4160//7942 4122//7942 4144//7942
f 4161//7943 4123//7943 4145//7943
f 4161//7944 4139//7944 4123//7944
f 4162//7945 402//7945 403//7945
f 4162//7946 4140//7946 4124//7946
f 4162//7947 4124//7947 4146//7947
f 4163//7948 4141//7948 4125//7948
f 4163//7949 4125//7949 4147//7949
f 4164//7950 4126//7950 4148//7950
f 4164//7951 4142//7951 4126//7951
f 4165//7952 4143//7952 4127//7952
f 4165//7953 4127//7953 4149//7953
f 4166//7954 4128//7954 4150//7954
f 4166//7955 4144//7955 4128//7955
f 4167//7956 4146//7956 4129//7956
f 4167//7957 4129//7957 4151//7957
f 4168//7958 4130//7958 4152//7958
f 4168//7959 4147//7959 4130//7959
f 4169//7960 4148//7960 4131//7960
f 4169//7961 4131//7961 4153//7961
f 4170//7962 4149//7962 4132//7962
f 4170//7963 4132//7963 4154//7963
f 4171//7964 4150//7964 4133//7964
f 4171//7965 4133//7965 4155//7965
f 4172//7966 4151//7966 4135//7966
f 4172//7967 4135//7967 4157//7967
f 4173//7968 4136//7968 4158//7968
f 4173//7969 4152//7969 4136//7969
f 4174//7970 4153//7970 4137//7970
f 4174//7971 4137//7971 4159//7971
f 4175//7972 4138//7972 4160//7972
f 4175//7973 4154//7973 4138//7973
f 4176//7974 4155//7974 4139//7974
f 4176//7975 4139//7975 4161//7975
f 4177//7976 403//7976 404//7976
f 4177//7977 4162//7977 403//7977
f 4177//7978 4156//7978 4140//7978
f 4177//7979 404//7979 4156//7979
f 4177//7980 4140//7980 4162//7980
f 4178//7981 4141//7981 4163//7981
f 4178//7982 4157//7982 4141//7982
f 4179//7983 4142//7983 4164//7983
f 4179//7984 4158//7984 4142//7984
f 4180//7985 4159//7985 4143//7985
f 4180//7986 4143//7986 4165//7986
f 4181//7987 4160//7987 4144//7987
f 4181//7988 4144//7988 4166//7988
f 4182//7989 1732//7989 1730//7989
f 4182//7990 1735//7990 1732//7990
f 4182//7991 4161//7991 4145//7991
f 4182//7992 4145//7992 1735//7992
f 4183//7993 4146//7993 4167//7993
f 4183//7994 4162//7994 4146//7994
f 4183//7995 402//7995 4162//7995
f 4183//7996 401//7996 402//7996
f 4184//7997 4163//7997 4147//7997
f 4184//7998 4147//7998 4168//7998
f 4185//7999 4164//7999 4148//7999
f 4185//8000 4148//8000 4169//8000
f 4186//8001 4149//8001 4170//8001
f 4186//8002 4165//8002 4149//8002
f 4187//8003 4150//8003 4171//8003
f 4187//8004 4166//8004 4150//8004
f 4188//8005 4151//8005 4172//8005
f 4188//8006 4167//8006 4151//8006
f 4188//8007 398//8007 399//8007
f 4189//8008 4168//8008 4152//8008
f 4189//8009 4152//8009 4173//8009
f 4190//8010 4169//8010 4153//8010
f 4190//8011 4153//8011 4174//8011
f 4191//8012 4154//8012 4175//8012
f 4191//8013 4170//8013 4154//8013
f 4192//8014 4155//8014 4176//8014
f 4192//8015 4171//8015 4155//8015
f 4193//8016 4157//8016 4178//8016
f 4193//8017 4172//8017 4157//8017
f 4194//8018 4173//8018 4158//8018
f 4194//8019 4158//8019 4179//8019
f 4195//8020 4174//8020 4159//8020
f 4195//8021 4159//8021 4180//8021
f 4196//8022 4175//8022 4160//8022
f 4196//8023 4160//8023 4181//8023
f 4197//8024 4176//8024 4161//8024
f 4197//8025 4161//8025 4182//8025
f 4198//8026 4178//8026 4163//8026
f 4198//8027 4163//8027 4184//8027
f 4199//8028 4179//8028 4164//8028
f 4199//8029 4164//8029 4185//8029
f 4200//8030 4165//8030 4186//8030
f 4200//8031 4180//8031 4165//8031
f 4201//8032 4166//8032 4187//8032
f 4201//8033 4181//8033 4166//8033
f 4202//8034 4167//8034 4188//8034
f 4202//8035 401//8035 4183//8035
f 4202//8036 4188//8036 399//8036
f 4202//8037 4183//8037 4167//8037
f 4202//8038 399//8038 401//8038
f 4203//8039 4184//8039 4168//8039
f 4203//8040 4168//8040 4189//8040
f 4204//8041 4185//8041 4169//8041
f 4204//8042 4169//8042 4190//8042
f 4205//8043 4170//8043 4191//8043
f 4205//8044 4186//8044 4170//8044
f 4206//8045 4171//8045 4192//8045
f 4206//8046 4187//8046 4171//8046
f 4207//8047 398//8047 4188//8047
f 4207//8048 4172//8048 4193//8048
f 4207//8049 4188//8049 4172//8049
f 4207//8050 397//8050 398//8050
f 4208//8051 4173//8051 4194//8051
f 4208//8052 4189//8052 4173//8052
f 4209//8053 4174//8053 4195//8053
f 4209//8054 4190//8054 4174//8054
f 4210//8055 4175//8055 4196//8055
f 4210//8056 4191//8056 4175//8056
f 4211//8057 4192//8057 4176//8057
f 4211//8058 4176//8058 4197//8058
f 4212//8059 4193//8059 4178//8059
f 4212//8060 4178//8060 4198//8060
f 4212//8061 394//8061 395//8061
f 4213//8062 4179//8062 4199//8062
f 4213//8063 4194//8063 4179//8063
f 4214//8064 4180//8064 4200//8064
f 4214//8065 4195//8065 4180//8065
f 4215//8066 4181//8066 4201//8066
f 4215//8067 4196//8067 4181//8067
f 4216//8068 1730//8068 1728//8068
f 4216//8069 4197//8069 4182//8069
f 4216//8070 4182//8070 1730//8070
f 4217//8071 4184//8071 4203//8071
f 4217//8072 4198//8072 4184//8072
f 4218//8073 4199//8073 4185//8073
f 4218//8074 4185//8074 4204//8074
f 4219//8075 4200//8075 4186//8075
f 4219//8076 4186//8076 4205//8076
f 4220//8077 4187//8077 4206//8077
f 4220//8078 4201//8078 4187//8078
f 4221//8079 4203//8079 4189//8079
f 4221//8080 4189//8080 4208//8080
f 4222//8081 4190//8081 4209//8081
f 4222//8082 4204//8082 4190//8082
f 4223//8083 4205//8083 4191//8083
f 4223//8084 4191//8084 4210//8084
f 4224//8085 4206//8085 4192//8085
f 4224//8086 4192//8086 4211//8086
f 4225//8087 4207//8087 4193//8087
f 4225//8088 397//8088 4207//8088
f 4225//8089 4212//8089 395//8089
f 4225//8090 4193//8090 4212//8090
f 4225//8091 395//8091 397//8091
f 4226//8092 4208//8092 4194//8092
f 4226//8093 4194//8093 4213//8093
f 4227//8094 4209//8094 4195//8094
f 4227//8095 4195//8095 4214//8095
f 4228//8096 4196//8096 4215//8096
f 4228//8097 4210//8097 4196//8097
f 4229//8098 4211//8098 4197//8098
f 4229//8099 4197//8099 4216//8099
f 4230//8100 4198//8100 4217//8100
f 4230//8101 4212//8101 4198//8101
f 4230//8102 394//8102 4212//8102
f 4230//8103 393//8103 394//8103
f 4231//8104 4213//8104 4199//8104
f 4231//8105 4199//8105 4218//8105
f 4232//8106 4200//8106 4219//8106
f 4232//8107 4214//8107 4200//8107
f 4233//8108 4201//8108 4220//8108
f 4233//8109 4215//8109 4201//8109
f 4234//8110 1728//8110 1726//8110
f 4234//8111 4216//8111 1728//8111
f 4234//8112 1726//8112 354//8112
f 4235//8113 4217//8113 4203//8113
f 4235//8114 4203//8114 4221//8114
f 4235//8115 391//8115 392//8115
f 4236//8116 4218//8116 4204//8116
f 4236//8117 4204//8117 4222//8117
f 4237//8118 4219//8118 4205//8118
f 4237//8119 4205//8119 4223//8119
f 4238//8120 4220//8120 4206//8120
f 4238//8121 4206//8121 4224//8121
f 4239//8122 4221//8122 4208//8122
f 4239//8123 4208//8123 4226//8123
f 4240//8124 4222//8124 4209//8124
f 4240//8125 4209//8125 4227//8125
f 4241//8126 4223//8126 4210//8126
f 4241//8127 4210//8127 4228//8127
f 4242//8128 4224//8128 4211//8128
f 4242//8129 358//8129 359//8129
f 4242//8130 4211//8130 4229//8130
f 4243//8131 4226//8131 4213//8131
f 4243//8132 4213//8132 4231//8132
f 4244//8133 4227//8133 4214//8133
f 4244//8134 4214//8134 4232//8134
f 4245//8135 4215//8135 4233//8135
f 4245//8136 4228//8136 4215//8136
f 4246//8137 354//8137 356//8137
f 4246//8138 356//8138 357//8138
f 4246//8139 4216//8139 4234//8139
f 4246//8140 4234//8140 354//8140
f 4246//8141 4229//8141 4216//8141
f 4247//8142 4235//8142 392//8142
f 4247//8143 393//8143 4230//8143
f 4247//8144 4230//8144 4217//8144
f 4247//8145 4217//8145 4235//8145
f 4247//8146 392//8146 393//8146
f 4248//8147 4231//8147 4218//8147
f 4248//8148 4218//8148 4236//8148
f 4249//8149 4232//8149 4219//8149
f 4249//8150 4219//8150 4237//8150
f 4250//8151 4233//8151 4220//8151
f 4250//8152 362//8152 363//8152
f 4250//8153 4220//8153 4238//8153
f 4251//8154 4221//8154 4239//8154
f 4251//8155 4235//8155 4221//8155
f 4251//8156 391//8156 4235//8156
f 4251//8157 389//8157 390//8157
f 4251//8158 390//8158 391//8158
f 4251//8159 4239//8159 389//8159
f 4252//8160 4236//8160 4222//8160
f 4252//8161 4222//8161 4240//8161
f 4253//8162 4237//8162 4223//8162
f 4253//8163 4223//8163 4241//8163
f 4254//8164 4238//8164 4224//8164
f 4254//8165 359//8165 360//8165
f 4254//8166 360//8166 361//8166
f 4254//8167 4224//8167 4242//8167
f 4254//8168 4242//8168 359//8168
f 4255//8169 4226//8169 4243//8169
f 4255//8170 387//8170 388//8170
f 4255//8171 388//8171 389//8171
f 4255//8172 4239//8172 4226//8172
f 4255//8173 389//8173 4239//8173
f 4256//8174 4227//8174 4244//8174
f 4256//8175 379//8175 380//8175
f 4256//8176 4240//8176 4227//8176
f 4257//8177 4241//8177 4228//8177
f 4257//8178 4228//8178 4245//8178
f 4257//8179 366//8179 368//8179
f 4258//8180 358//8180 4242//8180
f 4258//8181 4242//8181 4229//8181
f 4258//8182 4229//8182 4246//8182
f 4258//8183 357//8183 358//8183
f 4258//8184 4246//8184 357//8184
f 4259//8185 4243//8185 4231//8185
f 4259//8186 385//8186 386//8186
f 4259//8187 4231//8187 4248//8187
f 4260//8188 4244//8188 4232//8188
f 4260//8189 4232//8189 4249//8189
f 4261//8190 4245//8190 4233//8190
f 4261//8191 4250//8191 363//8191
f 4261//8192 363//8192 364//8192
f 4261//8193 364//8193 365//8193
f 4261//8194 4233//8194 4250//8194
f 4262//8195 4236//8195 4252//8195
f 4262//8196 384//8196 4248//8196
f 4262//8197 4248//8197 4236//8197
f 4262//8198 383//8198 384//8198
f 4263//8199 4249//8199 4237//8199
f 4263//8200 4237//8200 4253//8200
f 4263//8201 372//8201 373//8201
f 4264//8202 362//8202 4250//8202
f 4264//8203 4250//8203 4238//8203
f 4264//8204 4254//8204 361//8204
f 4264//8205 361//8205 362//8205
f 4264//8206 4238//8206 4254//8206
f 4265//8207 4240//8207 4256//8207
f 4265//8208 4256//8208 380//8208
f 4265//8209 4252//8209 4240//8209
f 4265//8210 380//8210 381//8210
f 4266//8211 4257//8211 368//8211
f 4266//8212 4253//8212 4241//8212
f 4266//8213 370//8213 4253//8213
f 4266//8214 4241//8214 4257//8214
f 4266//8215 368//8215 369//8215
f 4266//8216 369//8216 370//8216
f 4267//8217 387//8217 4255//8217
f 4267//8218 4255//8218 4243//8218
f 4267//8219 4259//8219 386//8219
f 4267//8220 4243//8220 4259//8220
f 4267//8221 386//8221 387//8221
f 4268//8222 4244//8222 4260//8222
f 4268//8223 379//8223 4256//8223
f 4268//8224 4260//8224 376//8224
f 4268//8225 376//8225 377//8225
f 4268//8226 377//8226 379//8226
f 4268//8227 4256//8227 4244//8227
f 4269//8228 4245//8228 4261//8228
f 4269//8229 4257//8229 4245//8229
f 4269//8230 366//8230 4257//8230
f 4269//8231 365//8231 366//8231
f 4269//8232 4261//8232 365//8232
f 4270//8233 4248//8233 384//8233
f 4270//8234 385//8234 4259//8234
f 4270//8235 4259//8235 4248//8235
f 4270//8236 384//8236 385//8236
f 4271//8237 4263//8237 373//8237
f 4271//8238 4260//8238 4249//8238
f 4271//8239 376//8239 4260//8239
f 4271//8240 373//8240 374//8240
f 4271//8241 374//8241 376//8241
f 4271//8242 4249//8242 4263//8242
f 4272//8243 4262//8243 4252//8243
f 4272//8244 383//8244 4262//8244
f 4272//8245 4252//8245 4265//8245
f 4272//8246 4265//8246 381//8246
f 4272//8247 381//8247 382//8247
f 4272//8248 382//8248 383//8248
f 4273//8249 4253//8249 370//8249
f 4273//8250 4263//8250 4253//8250
f 4273//8251 372//8251 4263//8251
f 4273//8252 370//8252 372//8252
f 480//8253 1900//8253 278//8253
f 278//8254 1900//8254 4274//8254
f 4274//8255 1900//8255 4275//8255
f 4275//8256 1903//8256 4276//8256
f 1900//8257 1903//8257 4275//8257
f 1903//8258 1906//8258 4276//8258
f 4276//8259 1909//8259 4277//8259
f 4277//8260 1909//8260 4278//8260
f 1906//8261 1909//8261 4276//8261
f 1909//8262 1910//8262 4278//8262
f 4278//8263 1917//8263 4279//8263
f 1910//8264 1917//8264 4278//8264
f 4279//8265 1921//8265 4280//8265
f 4280//8266 1921//8266 4281//8266
f 1917//8267 1921//8267 4279//8267
f 4281//8268 1922//8268 4282//8268
f 1921//8269 1922//8269 4281//8269
f 4282//8270 1932//8270 4283//8270
f 1922//8271 1932//8271 4282//8271
f 1932//8272 1938//8272 4283//8272
f 4283//8273 1939//8273 4284//8273
f 1938//8274 1939//8274 4283//8274
f 4284//8275 1953//8275 4285//8275
f 1939//8276 1953//8276 4284//8276
f 4285//8277 1960//8277 4286//8277
f 4286//8278 1960//8278 4287//8278
f 1953//8279 1960//8279 4285//8279
f 1960//8280 1961//8280 4287//8280
f 4287//8281 1976//8281 4288//8281
f 1961//8282 1976//8282 4287//8282
f 4288//8283 1984//8283 4289//8283
f 1976//8284 1984//8284 4288//8284
f 4289//8285 2003//8285 4290//8285
f 4290//8286 2003//8286 4291//8286
f 1984//8287 2003//8287 4289//8287
f 4291//8288 2004//8288 4292//8288
f 2003//8289 2004//8289 4291//8289
f 2004//8290 2013//8290 4292//8290
f 4292//8291 2034//8291 4293//8291
f 2013//8292 2034//8292 4292//8292
f 2034//8293 2044//8293 4293//8293
f 4293//8294 2044//8294 4294//8294
f 2044//8295 2045//8295 4294//8295
f 4294//8296 2045//8296 4295//8296
f 2045//8297 2069//8297 4295//8297
f 4295//8298 2069//8298 4296//8298
f 2069//8299 2080//8299 4296//8299
f 4296//8300 2080//8300 4297//8300
f 4297//8301 2080//8301 4298//8301
f 2080//8302 2081//8302 4298//8302
f 4298//8303 2107//8303 4299//8303
f 2081//8304 2107//8304 4298//8304
f 4299//8305 2120//8305 4300//8305
f 4300//8306 2120//8306 4301//8306
f 2107//8307 2120//8307 4299//8307
f 2120//8308 2121//8308 4301//8308
f 4301//8309 2149//8309 4302//8309
f 2121//8310 2149//8310 4301//8310
f 4302//8311 2162//8311 4303//8311
f 4303//8312 2162//8312 4304//8312
f 2149//8313 2162//8313 4302//8313
f 4304//8314 2163//8314 4305//8314
f 2162//8315 2163//8315 4304//8315
f 2163//8316 2193//8316 4305//8316
f 4305//8317 2207//8317 4306//8317
f 4306//8318 2207//8318 4307//8318
f 2193//8319 2207//8319 4305//8319
f 2207//8320 2240//8320 4307//8320
f 4307//8321 2241//8321 4308//8321
f 2240//8322 2241//8322 4307//8322
f 4308//8323 2256//8323 4309//8323
f 2241//8324 2256//8324 4308//8324
f 4309//8325 2291//8325 4310//8325
f 2256//8326 2291//8326 4309//8326
f 4310//8327 2307//8327 4311//8327
f 2291//8328 2307//8328 4310//8328
f 4311//8329 2308//8329 4312//8329
f 2307//8330 2308//8330 4311//8330
f 4312//8331 2344//8331 4313//8331
f 4313//8332 2344//8332 4314//8332
f 2308//8333 2344//8333 4312//8333
f 4314//8334 2361//8334 4315//8334
f 2344//8335 2361//8335 4314//8335
f 4315//8336 2362//8336 4316//8336
f 2361//8337 2362//8337 4315//8337
f 4316//8338 2400//8338 4317//8338
f 2362//8339 2400//8339 4316//8339
f 2400//8340 2418//8340 4317//8340
f 4317//8341 2419//8341 4318//8341
f 4318//8342 2419//8342 4319//8342
f 2418//8343 2419//8343 4317//8343
f 2419//8344 2459//8344 4319//8344
f 4319//8345 2459//8345 4320//8345
f 2459//8346 2478//8346 4320//8346
f 2478//8347 2520//8347 4320//8347
f 4320//8348 2520//8348 4321//8348
f 4321//8349 2520//8349 4322//8349
f 2520//8350 2521//8350 4322//8350
f 4322//8351 2521//8351 4323//8351
f 2521//8352 2540//8352 4323//8352
f 2540//8353 2584//8353 4323//8353
f 4323//8354 2584//8354 4324//8354
f 4324//8355 2584//8355 4325//8355
f 2584//8356 2585//8356 4325//8356
f 2585//8357 2605//8357 4325//8357
f 4325//8358 2605//8358 4326//8358
f 4326//8359 2605//8359 4327//8359
f 2605//8360 2650//8360 4327//8360
f 2650//8361 2671//8361 4327//8361
f 4327//8362 2671//8362 4328//8362
f 2671//8363 2672//8363 4328//8363
f 4328//8364 2672//8364 4329//8364
f 4329//8365 2672//8365 4330//8365
f 2672//8366 1901//8366 4330//8366
f 4330//8367 1901//8367 1899//8367
f 1901//8368 1841//8368 1899//8368
f 1898//8369 4330//8369 1899//8369
f 277//8370 278//8370 4274//8370
f 221//8371 1842//8371 219//8371
f 4331//8372 4329//8372 4330//8372
f 4331//8373 4330//8373 1898//8373
f 4332//8374 1898//8374 1897//8374
f 4332//8375 4331//8375 1898//8375
f 4333//8376 4328//8376 4329//8376
f 4333//8377 4329//8377 4331//8377
f 4333//8378 4331//8378 4332//8378
f 4334//8379 4332//8379 1897//8379
f 4334//8380 1897//8380 1896//8380
f 4335//8381 4326//8381 4327//8381
f 4335//8382 4327//8382 4328//8382
f 4335//8383 4328//8383 4333//8383
f 4336//8384 4332//8384 4334//8384
f 4336//8385 4333//8385 4332//8385
f 4337//8386 4334//8386 1896//8386
f 4337//8387 1896//8387 1895//8387
f 4338//8388 4335//8388 4333//8388
f 4338//8389 4333//8389 4336//8389
f 4339//8390 4334//8390 4337//8390
f 4339//8391 4336//8391 4334//8391
f 4340//8392 4337//8392 1895//8392
f 4340//8393 1895//8393 1894//8393
f 4341//8394 4325//8394 4326//8394
f 4341//8395 4326//8395 4335//8395
f 4341//8396 4335//8396 4338//8396
f 4342//8397 4336//8397 4339//8397
f 4342//8398 4338//8398 4336//8398
f 4343//8399 4337//8399 4340//8399
f 4343//8400 4339//8400 4337//8400
f 4344//8401 4323//8401 4324//8401
f 4344//8402 4324//8402 4325//8402
f 4344//8403 4325//8403 4341//8403
f 4345//8404 4340//8404 1894//8404
f 4345//8405 1894//8405 1893//8405
f 4346//8406 4338//8406 4342//8406
f 4346//8407 4341//8407 4338//8407
f 4347//8408 4342//8408 4339//8408
f 4347//8409 4339//8409 4343//8409
f 4348//8410 4343//8410 4340//8410
f 4348//8411 4340//8411 4345//8411
f 4349//8412 4344//8412 4341//8412
f 4349//8413 4341//8413 4346//8413
f 4350//8414 4345//8414 1893//8414
f 4350//8415 1893//8415 1892//8415
f 4351//8416 4342//8416 4347//8416
f 4351//8417 4346//8417 4342//8417
f 4352//8418 4343//8418 4348//8418
f 4352//8419 4347//8419 4343//8419
f 4353//8420 4322//8420 4323//8420
f 4353//8421 4323//8421 4344//8421
f 4353//8422 4344//8422 4349//8422
f 4354//8423 4348//8423 4345//8423
f 4354//8424 4345//8424 4350//8424
f 4355//8425 4346//8425 4351//8425
f 4355//8426 4349//8426 4346//8426
f 4356//8427 1892//8427 1891//8427
f 4356//8428 4350//8428 1892//8428
f 4357//8429 4347//8429 4352//8429
f 4357//8430 4351//8430 4347//8430
f 4358//8431 4320//8431 4321//8431
f 4358//8432 4321//8432 4322//8432
f 4358//8433 4322//8433 4353//8433
f 4359//8434 4348//8434 4354//8434
f 4359//8435 4352//8435 4348//8435
f 4360//8436 4353//8436 4349//8436
f 4360//8437 4349//8437 4355//8437
f 4361//8438 4354//8438 4350//8438
f 4361//8439 4350//8439 4356//8439
f 4362//8440 4351//8440 4357//8440
f 4362//8441 4355//8441 4351//8441
f 4363//8442 4356//8442 1891//8442
f 4363//8443 1891//8443 1890//8443
f 4364//8444 4357//8444 4352//8444
f 4364//8445 4352//8445 4359//8445
f 4365//8446 4358//8446 4353//8446
f 4365//8447 4353//8447 4360//8447
f 4366//8448 4359//8448 4354//8448
f 4366//8449 4354//8449 4361//8449
f 4367//8450 4360//8450 4355//8450
f 4367//8451 4355//8451 4362//8451
f 4368//8452 4361//8452 4356//8452
f 4368//8453 4356//8453 4363//8453
f 4369//8454 4362//8454 4357//8454
f 4369//8455 4357//8455 4364//8455
f 4370//8456 4363//8456 1890//8456
f 4370//8457 1890//8457 1889//8457
f 4371//8458 4319//8458 4320//8458
f 4371//8459 4320//8459 4358//8459
f 4371//8460 4358//8460 4365//8460
f 4372//8461 4359//8461 4366//8461
f 4372//8462 4364//8462 4359//8462
f 4373//8463 4365//8463 4360//8463
f 4373//8464 4360//8464 4367//8464
f 4374//8465 4366//8465 4361//8465
f 4374//8466 4361//8466 4368//8466
f 4375//8467 4367//8467 4362//8467
f 4375//8468 4362//8468 4369//8468
f 4376//8469 4368//8469 4363//8469
f 4376//8470 4363//8470 4370//8470
f 4377//8471 4317//8471 4318//8471
f 4377//8472 4318//8472 4319//8472
f 4377//8473 4319//8473 4371//8473
f 4378//8474 4369//8474 4364//8474
f 4378//8475 4364//8475 4372//8475
f 4379//8476 4371//8476 4365//8476
f 4379//8477 4365//8477 4373//8477
f 4380//8478 4372//8478 4366//8478
f 4380//8479 4366//8479 4374//8479
f 4381//8480 4367//8480 4375//8480
f 4381//8481 4373//8481 4367//8481
f 4382//8482 4374//8482 4368//8482
f 4382//8483 4368//8483 4376//8483
f 4383//8484 4369//8484 4378//8484
f 4383//8485 4375//8485 4369//8485
f 4384//8486 4376//8486 4370//8486
f 4384//8487 4370//8487 1889//8487
f 4384//8488 1889//8488 1888//8488
f 4385//8489 4371//8489 4379//8489
f 4385//8490 4377//8490 4371//8490
f 4386//8491 4378//8491 4372//8491
f 4386//8492 4372//8492 4380//8492
f 4387//8493 4373//8493 4381//8493
f 4387//8494 4379//8494 4373//8494
f 4388//8495 4380//8495 4374//8495
f 4388//8496 4374//8496 4382//8496
f 4389//8497 4381//8497 4375//8497
f 4389//8498 4375//8498 4383//8498
f 4390//8499 4382//8499 4376//8499
f 4390//8500 4376//8500 4384//8500
f 4391//8501 4316//8501 4317//8501
f 4391//8502 4377//8502 4385//8502
f 4391//8503 4317//8503 4377//8503
f 4392//8504 4383//8504 4378//8504
f 4392//8505 4378//8505 4386//8505
f 4393//8506 4384//8506 1888//8506
f 4393//8507 1888//8507 1887//8507
f 4394//8508 4385//8508 4379//8508
f 4394//8509 4379//8509 4387//8509
f 4395//8510 4380//8510 4388//8510
f 4395//8511 4386//8511 4380//8511
f 4396//8512 4381//8512 4389//8512
f 4396//8513 4387//8513 4381//8513
f 4397//8514 4388//8514 4382//8514
f 4397//8515 4382//8515 4390//8515
f 4398//8516 4315//8516 4316//8516
f 4398//8517 4316//8517 4391//8517
f 4399//8518 4389//8518 4383//8518
f 4399//8519 4383//8519 4392//8519
f 4400//8520 4384//8520 4393//8520
f 4400//8521 4390//8521 4384//8521
f 4401//8522 4391//8522 4385//8522
f 4401//8523 4385//8523 4394//8523
f 4402//8524 4386//8524 4395//8524
f 4402//8525 4392//8525 4386//8525
f 4403//8526 4393//8526 1887//8526
f 4403//8527 1887//8527 1886//8527
f 4404//8528 4394//8528 4387//8528
f 4404//8529 4387//8529 4396//8529
f 4405//8530 4388//8530 4397//8530
f 4405//8531 4395//8531 4388//8531
f 4406//8532 4389//8532 4399//8532
f 4406//8533 4396//8533 4389//8533
f 4407//8534 4397//8534 4390//8534
f 4407//8535 4390//8535 4400//8535
f 4408//8536 4398//8536 4391//8536
f 4408//8537 4391//8537 4401//8537
f 4409//8538 4392//8538 4402//8538
f 4409//8539 4399//8539 4392//8539
f 4410//8540 4400//8540 4393//8540
f 4410//8541 4393//8541 4403//8541
f 4411//8542 4401//8542 4394//8542
f 4411//8543 4394//8543 4404//8543
f 4412//8544 4402//8544 4395//8544
f 4412//8545 4395//8545 4405//8545
f 4413//8546 4403//8546 1886//8546
f 4413//8547 1886//8547 1885//8547
f 4414//8548 4404//8548 4396//8548
f 4414//8549 4396//8549 4406//8549
f 4415//8550 4397//8550 4407//8550
f 4415//8551 4405//8551 4397//8551
f 4416//8552 4315//8552 4398//8552
f 4416//8553 4398//8553 4408//8553
f 4416//8554 4313//8554 4314//8554
f 4416//8555 4314//8555 4315//8555
f 4417//8556 4406//8556 4399//8556
f 4417//8557 4399//8557 4409//8557
f 4418//8558 4407//8558 4400//8558
f 4418//8559 4400//8559 4410//8559
f 4419//8560 4408//8560 4401//8560
f 4419//8561 4401//8561 4411//8561
f 4420//8562 4409//8562 4402//8562
f 4420//8563 4402//8563 4412//8563
f 4421//8564 4410//8564 4403//8564
f 4421//8565 4403//8565 4413//8565
f 4422//8566 4404//8566 4414//8566
f 4422//8567 4411//8567 4404//8567
f 4423//8568 4412//8568 4405//8568
f 4423//8569 4405//8569 4415//8569
f 4424//8570 4313//8570 4416//8570
f 4424//8571 4312//8571 4313//8571
f 4425//8572 4414//8572 4406//8572
f 4425//8573 4406//8573 4417//8573
f 4426//8574 4407//8574 4418//8574
f 4426//8575 4415//8575 4407//8575
f 4427//8576 4416//8576 4408//8576
f 4427//8577 4408//8577 4419//8577
f 4428//8578 4417//8578 4409//8578
f 4428//8579 4409//8579 4420//8579
f 4429//8580 4410//8580 4421//8580
f 4429//8581 4418//8581 4410//8581
f 4430//8582 4411//8582 4422//8582
f 4430//8583 4419//8583 4411//8583
f 4431//8584 4412//8584 4423//8584
f 4431//8585 4420//8585 4412//8585
f 4432//8586 4421//8586 4413//8586
f 4432//8587 1885//8587 1884//8587
f 4432//8588 4413//8588 1885//8588
f 4433//8589 4422//8589 4414//8589
f 4433//8590 4414//8590 4425//8590
f 4434//8591 4423//8591 4415//8591
f 4434//8592 4415//8592 4426//8592
f 4435//8593 4416//8593 4427//8593
f 4435//8594 4424//8594 4416//8594
f 4436//8595 4425//8595 4417//8595
f 4436//8596 4417//8596 4428//8596
f 4437//8597 4418//8597 4429//8597
f 4437//8598 4426//8598 4418//8598
f 4438//8599 4427//8599 4419//8599
f 4438//8600 4419//8600 4430//8600
f 4439//8601 4420//8601 4431//8601
f 4439//8602 4428//8602 4420//8602
f 4440//8603 4421//8603 4432//8603
f 4440//8604 4429//8604 4421//8604
f 4441//8605 4430//8605 4422//8605
f 4441//8606 4422//8606 4433//8606
f 4442//8607 4423//8607 4434//8607
f 4442//8608 4431//8608 4423//8608
f 4443//8609 4432//8609 1884//8609
f 4443//8610 1884//8610 1883//8610
f 4444//8611 4312//8611 4424//8611
f 4444//8612 4424//8612 4435//8612
f 4444//8613 4311//8613 4312//8613
f 4445//8614 4433//8614 4425//8614
f 4445//8615 4425//8615 4436//8615
f 4446//8616 4434//8616 4426//8616
f 4446//8617 4426//8617 4437//8617
f 4447//8618 4435//8618 4427//8618
f 4447//8619 4427//8619 4438//8619
f 4448//8620 4428//8620 4439//8620
f 4448//8621 4436//8621 4428//8621
f 4449//8622 4437//8622 4429//8622
f 4449//8623 4429//8623 4440//8623
f 4450//8624 4430//8624 4441//8624
f 4450//8625 4438//8625 4430//8625
f 4451//8626 4439//8626 4431//8626
f 4451//8627 4431//8627 4442//8627
f 4452//8628 4440//8628 4432//8628
f 4452//8629 4432//8629 4443//8629
f 4453//8630 4311//8630 4444//8630
f 4453//8631 4309//8631 4310//8631
f 4453//8632 4310//8632 4311//8632
f 4454//8633 4433//8633 4445//8633
f 4454//8634 4441//8634 4433//8634
f 4455//8635 4442//8635 4434//8635
f 4455//8636 4434//8636 4446//8636
f 4456//8637 1883//8637 1882//8637
f 4456//8638 4443//8638 1883//8638
f 4457//8639 4444//8639 4435//8639
f 4457//8640 4435//8640 4447//8640
f 4458//8641 4445//8641 4436//8641
f 4458//8642 4436//8642 4448//8642
f 4459//8643 4446//8643 4437//8643
f 4459//8644 4437//8644 4449//8644
f 4460//8645 4438//8645 4450//8645
f 4460//8646 4447//8646 4438//8646
f 4461//8647 4439//8647 4451//8647
f 4461//8648 4448//8648 4439//8648
f 4462//8649 4440//8649 4452//8649
f 4462//8650 4449//8650 4440//8650
f 4463//8651 4441//8651 4454//8651
f 4463//8652 4450//8652 4441//8652
f 4464//8653 4451//8653 4442//8653
f 4464//8654 4442//8654 4455//8654
f 4465//8655 4443//8655 4456//8655
f 4465//8656 4452//8656 4443//8656
f 4466//8657 4453//8657 4444//8657
f 4466//8658 4444//8658 4457//8658
f 4467//8659 4454//8659 4445//8659
f 4467//8660 4445//8660 4458//8660
f 4468//8661 4446//8661 4459//8661
f 4468//8662 4455//8662 4446//8662
f 4469//8663 4456//8663 1882//8663
f 4469//8664 1882//8664 1881//8664
f 4470//8665 4447//8665 4460//8665
f 4470//8666 4457//8666 4447//8666
f 4471//8667 4458//8667 4448//8667
f 4471//8668 4448//8668 4461//8668
f 4472//8669 4449//8669 4462//8669
f 4472//8670 4459//8670 4449//8670
f 4473//8671 4460//8671 4450//8671
f 4473//8672 4450//8672 4463//8672
f 4474//8673 4461//8673 4451//8673
f 4474//8674 4451//8674 4464//8674
f 4475//8675 4452//8675 4465//8675
f 4475//8676 4462//8676 4452//8676
f 4476//8677 4309//8677 4453//8677
f 4476//8678 4453//8678 4466//8678
f 4476//8679 4308//8679 4309//8679
f 4477//8680 4454//8680 4467//8680
f 4477//8681 4463//8681 4454//8681
f 4478//8682 4455//8682 4468//8682
f 4478//8683 4464//8683 4455//8683
f 4479//8684 4465//8684 4456//8684
f 4479//8685 4456//8685 4469//8685
f 4480//8686 4466//8686 4457//8686
f 4480//8687 4457//8687 4470//8687
f 4481//8688 4467//8688 4458//8688
f 4481//8689 4458//8689 4471//8689
f 4482//8690 4468//8690 4459//8690
f 4482//8691 4459//8691 4472//8691
f 4483//8692 4460//8692 4473//8692
f 4483//8693 4470//8693 4460//8693
f 4484//8694 4461//8694 4474//8694
f 4484//8695 4471//8695 4461//8695
f 4485//8696 4462//8696 4475//8696
f 4485//8697 4472//8697 4462//8697
f 4486//8698 4308//8698 4476//8698
f 4486//8699 4306//8699 4307//8699
f 4486//8700 4307//8700 4308//8700
f 4487//8701 4463//8701 4477//8701
f 4487//8702 4473//8702 4463//8702
f 4488//8703 4474//8703 4464//8703
f 4488//8704 4464//8704 4478//8704
f 4489//8705 4475//8705 4465//8705
f 4489//8706 4465//8706 4479//8706
f 4490//8707 4476//8707 4466//8707
f 4490//8708 4466//8708 4480//8708
f 4491//8709 4477//8709 4467//8709
f 4491//8710 4467//8710 4481//8710
f 4492//8711 4478//8711 4468//8711
f 4492//8712 4468//8712 4482//8712
f 4493//8713 1881//8713 1880//8713
f 4493//8714 4469//8714 1881//8714
f 4493//8715 4479//8715 4469//8715
f 4494//8716 4480//8716 4470//8716
f 4494//8717 4470//8717 4483//8717
f 4495//8718 4481//8718 4471//8718
f 4495//8719 4471//8719 4484//8719
f 4496//8720 4472//8720 4485//8720
f 4496//8721 4482//8721 4472//8721
f 4497//8722 4483//8722 4473//8722
f 4497//8723 4473//8723 4487//8723
f 4498//8724 4474//8724 4488//8724
f 4498//8725 4484//8725 4474//8725
f 4499//8726 4485//8726 4475//8726
f 4499//8727 4475//8727 4489//8727
f 4500//8728 4486//8728 4476//8728
f 4500//8729 4476//8729 4490//8729
f 4501//8730 4477//8730 4491//8730
f 4501//8731 4487//8731 4477//8731
f 4502//8732 4488//8732 4478//8732
f 4502//8733 4478//8733 4492//8733
f 4503//8734 4479//8734 4493//8734
f 4503//8735 4489//8735 4479//8735
f 4504//8736 4480//8736 4494//8736
f 4504//8737 4490//8737 4480//8737
f 4505//8738 4481//8738 4495//8738
f 4505//8739 4491//8739 4481//8739
f 4506//8740 4492//8740 4482//8740
f 4506//8741 4482//8741 4496//8741
f 4507//8742 1880//8742 1879//8742
f 4507//8743 4493//8743 1880//8743
f 4508//8744 4483//8744 4497//8744
f 4508//8745 4494//8745 4483//8745
f 4509//8746 4495//8746 4484//8746
f 4509//8747 4484//8747 4498//8747
f 4510//8748 4485//8748 4499//8748
f 4510//8749 4496//8749 4485//8749
f 4511//8750 4306//8750 4486//8750
f 4511//8751 4486//8751 4500//8751
f 4511//8752 4305//8752 4306//8752
f 4512//8753 4497//8753 4487//8753
f 4512//8754 4487//8754 4501//8754
f 4513//8755 4488//8755 4502//8755
f 4513//8756 4498//8756 4488//8756
f 4514//8757 4499//8757 4489//8757
f 4514//8758 4489//8758 4503//8758
f 4515//8759 4490//8759 4504//8759
f 4515//8760 4500//8760 4490//8760
f 4516//8761 4491//8761 4505//8761
f 4516//8762 4501//8762 4491//8762
f 4517//8763 4492//8763 4506//8763
f 4517//8764 4502//8764 4492//8764
f 4518//8765 4503//8765 4493//8765
f 4518//8766 4493//8766 4507//8766
f 4519//8767 4504//8767 4494//8767
f 4519//8768 4494//8768 4508//8768
f 4520//8769 4505//8769 4495//8769
f 4520//8770 4495//8770 4509//8770
f 4521//8771 4506//8771 4496//8771
f 4521//8772 4496//8772 4510//8772
f 4522//8773 1878//8773 1877//8773
f 4522//8774 1879//8774 1878//8774
f 4522//8775 4507//8775 1879//8775
f 4523//8776 4305//8776 4511//8776
f 4523//8777 4303//8777 4304//8777
f 4523//8778 4304//8778 4305//8778
f 4524//8779 4508//8779 4497//8779
f 4524//8780 4497//8780 4512//8780
f 4525//8781 4509//8781 4498//8781
f 4525//8782 4498//8782 4513//8782
f 4526//8783 4499//8783 4514//8783
f 4526//8784 4510//8784 4499//8784
f 4527//8785 4511//8785 4500//8785
f 4527//8786 4500//8786 4515//8786
f 4528//8787 4512//8787 4501//8787
f 4528//8788 4501//8788 4516//8788
f 4529//8789 4513//8789 4502//8789
f 4529//8790 4502//8790 4517//8790
f 4530//8791 4503//8791 4518//8791
f 4530//8792 4514//8792 4503//8792
f 4531//8793 4504//8793 4519//8793
f 4531//8794 4515//8794 4504//8794
f 4532//8795 4505//8795 4520//8795
f 4532//8796 4516//8796 4505//8796
f 4533//8797 4506//8797 4521//8797
f 4533//8798 4517//8798 4506//8798
f 4534//8799 4518//8799 4507//8799
f 4534//8800 4507//8800 4522//8800
f 4535//8801 4508//8801 4524//8801
f 4535//8802 4519//8802 4508//8802
f 4536//8803 4509//8803 4525//8803
f 4536//8804 4520//8804 4509//8804
f 4537//8805 4521//8805 4510//8805
f 4537//8806 4510//8806 4526//8806
f 4538//8807 4523//8807 4511//8807
f 4538//8808 4511//8808 4527//8808
f 4539//8809 4512//8809 4528//8809
f 4539//8810 4524//8810 4512//8810
f 4540//8811 4513//8811 4529//8811
f 4540//8812 4525//8812 4513//8812
f 4541//8813 4526//8813 4514//8813
f 4541//8814 4514//8814 4530//8814
f 4542//8815 4515//8815 4531//8815
f 4542//8816 4527//8816 4515//8816
f 4543//8817 4528//8817 4516//8817
f 4543//8818 4516//8818 4532//8818
f 4544//8819 4529//8819 4517//8819
f 4544//8820 4517//8820 4533//8820
f 4545//8821 4530//8821 4518//8821
f 4545//8822 4518//8822 4534//8822
f 4546//8823 4519//8823 4535//8823
f 4546//8824 4531//8824 4519//8824
f 4547//8825 4520//8825 4536//8825
f 4547//8826 4532//8826 4520//8826
f 4548//8827 4521//8827 4537//8827
f 4548//8828 4533//8828 4521//8828
f 4549//8829 4522//8829 1877//8829
f 4549//8830 4534//8830 4522//8830
f 4550//8831 4303//8831 4523//8831
f 4550//8832 4523//8832 4538//8832
f 4550//8833 4302//8833 4303//8833
f 4551//8834 4535//8834 4524//8834
f 4551//8835 4524//8835 4539//8835
f 4552//8836 4525//8836 4540//8836
f 4552//8837 4536//8837 4525//8837
f 4553//8838 4526//8838 4541//8838
f 4553//8839 4537//8839 4526//8839
f 4554//8840 4527//8840 4542//8840
f 4554//8841 4538//8841 4527//8841
f 4555//8842 4528//8842 4543//8842
f 4555//8843 4539//8843 4528//8843
f 4556//8844 4529//8844 4544//8844
f 4556//8845 4540//8845 4529//8845
f 4557//8846 4541//8846 4530//8846
f 4557//8847 4530//8847 4545//8847
f 4558//8848 4542//8848 4531//8848
f 4558//8849 4531//8849 4546//8849
f 4559//8850 4543//8850 4532//8850
f 4559//8851 4532//8851 4547//8851
f 4560//8852 4544//8852 4533//8852
f 4560//8853 4533//8853 4548//8853
f 4561//8854 4545//8854 4534//8854
f 4561//8855 4534//8855 4549//8855
f 4562//8856 4300//8856 4301//8856
f 4562//8857 4301//8857 4302//8857
f 4562//8858 4302//8858 4550//8858
f 4563//8859 4546//8859 4535//8859
f 4563//8860 4535//8860 4551//8860
f 4564//8861 4547//8861 4536//8861
f 4564//8862 4536//8862 4552//8862
f 4565//8863 4537//8863 4553//8863
f 4565//8864 4548//8864 4537//8864
f 4566//8865 1876//8865 1875//8865
f 4566//8866 1877//8866 1876//8866
f 4566//8867 4549//8867 1877//8867
f 4567//8868 4550//8868 4538//8868
f 4567//8869 4538//8869 4554//8869
f 4568//8870 4539//8870 4555//8870
f 4568//8871 4551//8871 4539//8871
f 4569//8872 4540//8872 4556//8872
f 4569//8873 4552//8873 4540//8873
f 4570//8874 4541//8874 4557//8874
f 4570//8875 4553//8875 4541//8875
f 4571//8876 4542//8876 4558//8876
f 4571//8877 4554//8877 4542//8877
f 4572//8878 4543//8878 4559//8878
f 4572//8879 4555//8879 4543//8879
f 4573//8880 4556//8880 4544//8880
f 4573//8881 4544//8881 4560//8881
f 4574//8882 4557//8882 4545//8882
f 4574//8883 4545//8883 4561//8883
f 4575//8884 4558//8884 4546//8884
f 4575//8885 4546//8885 4563//8885
f 4576//8886 4547//8886 4564//8886
f 4576//8887 4559//8887 4547//8887
f 4577//8888 4548//8888 4565//8888
f 4577//8889 4560//8889 4548//8889
f 4578//8890 4549//8890 4566//8890
f 4578//8891 4561//8891 4549//8891
f 4579//8892 4550//8892 4567//8892
f 4579//8893 4562//8893 4550//8893
f 4580//8894 4551//8894 4568//8894
f 4580//8895 4563//8895 4551//8895
f 4581//8896 4552//8896 4569//8896
f 4581//8897 4564//8897 4552//8897
f 4582//8898 4553//8898 4570//8898
f 4582//8899 4565//8899 4553//8899
f 4583//8900 4567//8900 4554//8900
f 4583//8901 4554//8901 4571//8901
f 4584//8902 4555//8902 4572//8902
f 4584//8903 4568//8903 4555//8903
f 4585//8904 4569//8904 4556//8904
f 4585//8905 4556//8905 4573//8905
f 4586//8906 4570//8906 4557//8906
f 4586//8907 4557//8907 4574//8907
f 4587//8908 4558//8908 4575//8908
f 4587//8909 4571//8909 4558//8909
f 4588//8910 4559//8910 4576//8910
f 4588//8911 4572//8911 4559//8911
f 4589//8912 4573//8912 4560//8912
f 4589//8913 4560//8913 4577//8913
f 4590//8914 4574//8914 4561//8914
f 4590//8915 4561//8915 4578//8915
f 4591//8916 4300//8916 4562//8916
f 4591//8917 4562//8917 4579//8917
f 4591//8918 4299//8918 4300//8918
f 4592//8919 4575//8919 4563//8919
f 4592//8920 4563//8920 4580//8920
f 4593//8921 4564//8921 4581//8921
f 4593//8922 4576//8922 4564//8922
f 4594//8923 4577//8923 4565//8923
f 4594//8924 4565//8924 4582//8924
f 4595//8925 1875//8925 1874//8925
f 4595//8926 4578//8926 4566//8926
f 4595//8927 4566//8927 1875//8927
f 4596//8928 4579//8928 4567//8928
f 4596//8929 4567//8929 4583//8929
f 4597//8930 4580//8930 4568//8930
f 4597//8931 4568//8931 4584//8931
f 4598//8932 4581//8932 4569//8932
f 4598//8933 4569//8933 4585//8933
f 4599//8934 4570//8934 4586//8934
f 4599//8935 4582//8935 4570//8935
f 4600//8936 4571//8936 4587//8936
f 4600//8937 4583//8937 4571//8937
f 4601//8938 4572//8938 4588//8938
f 4601//8939 4584//8939 4572//8939
f 4602//8940 4573//8940 4589//8940
f 4602//8941 4585//8941 4573//8941
f 4603//8942 4574//8942 4590//8942
f 4603//8943 4586//8943 4574//8943
f 4604//8944 4299//8944 4591//8944
f 4604//8945 4298//8945 4299//8945
f 4605//8946 4575//8946 4592//8946
f 4605//8947 4587//8947 4575//8947
f 4606//8948 4576//8948 4593//8948
f 4606//8949 4588//8949 4576//8949
f 4607//8950 4589//8950 4577//8950
f 4607//8951 4577//8951 4594//8951
f 4608//8952 4590//8952 4578//8952
f 4608//8953 4578//8953 4595//8953
f 4609//8954 4591//8954 4579//8954
f 4609//8955 4579//8955 4596//8955
f 4610//8956 4580//8956 4597//8956
f 4610//8957 4592//8957 4580//8957
f 4611//8958 4581//8958 4598//8958
f 4611//8959 4593//8959 4581//8959
f 4612//8960 4582//8960 4599//8960
f 4612//8961 4594//8961 4582//8961
f 4613//8962 4595//8962 1874//8962
f 4613//8963 1874//8963 1873//8963
f 4614//8964 4583//8964 4600//8964
f 4614//8965 4596//8965 4583//8965
f 4615//8966 4597//8966 4584//8966
f 4615//8967 4584//8967 4601//8967
f 4616//8968 4598//8968 4585//8968
f 4616//8969 4585//8969 4602//8969
f 4617//8970 4586//8970 4603//8970
f 4617//8971 4599//8971 4586//8971
f 4618//8972 4587//8972 4605//8972
f 4618//8973 4600//8973 4587//8973
f 4619//8974 4601//8974 4588//8974
f 4619//8975 4588//8975 4606//8975
f 4620//8976 4589//8976 4607//8976
f 4620//8977 4602//8977 4589//8977
f 4621//8978 4603//8978 4590//8978
f 4621//8979 4590//8979 4608//8979
f 4622//8980 4591//8980 4609//8980
f 4622//8981 4604//8981 4591//8981
f 4623//8982 4605//8982 4592//8982
f 4623//8983 4592//8983 4610//8983
f 4624//8984 4606//8984 4593//8984
f 4624//8985 4593//8985 4611//8985
f 4625//8986 4594//8986 4612//8986
f 4625//8987 4607//8987 4594//8987
f 4626//8988 4595//8988 4613//8988
f 4626//8989 4608//8989 4595//8989
f 4627//8990 4609//8990 4596//8990
f 4627//8991 4596//8991 4614//8991
f 4628//8992 4610//8992 4597//8992
f 4628//8993 4597//8993 4615//8993
f 4629//8994 4611//8994 4598//8994
f 4629//8995 4598//8995 4616//8995
f 4630//8996 4612//8996 4599//8996
f 4630//8997 4599//8997 4617//8997
f 4631//8998 1873//8998 1872//8998
f 4631//8999 4613//8999 1873//8999
f 4632//9000 4600//9000 4618//9000
f 4632//9001 4614//9001 4600//9001
f 4633//9002 4615//9002 4601//9002
f 4633//9003 4601//9003 4619//9003
f 4634//9004 4602//9004 4620//9004
f 4634//9005 4616//9005 4602//9005
f 4635//9006 4617//9006 4603//9006
f 4635//9007 4603//9007 4621//9007
f 4636//9008 4604//9008 4622//9008
f 4636//9009 4298//9009 4604//9009
f 4636//9010 4296//9010 4297//9010
f 4636//9011 4297//9011 4298//9011
f 4637//9012 4605//9012 4623//9012
f 4637//9013 4618//9013 4605//9013
f 4638//9014 4619//9014 4606//9014
f 4638//9015 4606//9015 4624//9015
f 4639//9016 4620//9016 4607//9016
f 4639//9017 4607//9017 4625//9017
f 4640//9018 4621//9018 4608//9018
f 4640//9019 4608//9019 4626//9019
f 4641//9020 4622//9020 4609//9020
f 4641//9021 4609//9021 4627//9021
f 4642//9022 4623//9022 4610//9022
f 4642//9023 4610//9023 4628//9023
f 4643//9024 4611//9024 4629//9024
f 4643//9025 4624//9025 4611//9025
f 4644//9026 4612//9026 4630//9026
f 4644//9027 4625//9027 4612//9027
f 4645//9028 4613//9028 4631//9028
f 4645//9029 4626//9029 4613//9029
f 4646//9030 4627//9030 4614//9030
f 4646//9031 4614//9031 4632//9031
f 4647//9032 4628//9032 4615//9032
f 4647//9033 4615//9033 4633//9033
f 4648//9034 4616//9034 4634//9034
f 4648//9035 4629//9035 4616//9035
f 4649//9036 4617//9036 4635//9036
f 4649//9037 4630//9037 4617//9037
f 4650//9038 4296//9038 4636//9038
f 4650//9039 4295//9039 4296//9039
f 4651//9040 4618//9040 4637//9040
f 4651//9041 4632//9041 4618//9041
f 4652//9042 4633//9042 4619//9042
f 4652//9043 4619//9043 4638//9043
f 4653//9044 4634//9044 4620//9044
f 4653//9045 4620//9045 4639//9045
f 4654//9046 4635//9046 4621//9046
f 4654//9047 4621//9047 4640//9047
f 4655//9048 4636//9048 4622//9048
f 4655//9049 4622//9049 4641//9049
f 4656//9050 4637//9050 4623//9050
f 4656//9051 4623//9051 4642//9051
f 4657//9052 4638//9052 4624//9052
f 4657//9053 4624//9053 4643//9053
f 4658//9054 4639//9054 4625//9054
f 4658//9055 4625//9055 4644//9055
f 4659//9056 4640//9056 4626//9056
f 4659//9057 4626//9057 4645//9057
f 4660//9058 4627//9058 4646//9058
f 4660//9059 4641//9059 4627//9059
f 4661//9060 4628//9060 4647//9060
f 4661//9061 4642//9061 4628//9061
f 4662//9062 4629//9062 4648//9062
f 4662//9063 4643//9063 4629//9063
f 4663//9064 4644//9064 4630//9064
f 4663//9065 4630//9065 4649//9065
f 4664//9066 4631//9066 1872//9066
f 4664//9067 1872//9067 1871//9067
f 4664//9068 4645//9068 4631//9068
f 4665//9069 4646//9069 4632//9069
f 4665//9070 4632//9070 4651//9070
f 4666//9071 4633//9071 4652//9071
f 4666//9072 4647//9072 4633//9072
f 4667//9073 4634//9073 4653//9073
f 4667//9074 4648//9074 4634//9074
f 4668//9075 4635//9075 4654//9075
f 4668//9076 4649//9076 4635//9076
f 4669//9077 4650//9077 4636//9077
f 4669//9078 4636//9078 4655//9078
f 4670//9079 4651//9079 4637//9079
f 4670//9080 4637//9080 4656//9080
f 4671//9081 4638//9081 4657//9081
f 4671//9082 4652//9082 4638//9082
f 4672//9083 4653//9083 4639//9083
f 4672//9084 4639//9084 4658//9084
f 4673//9085 4654//9085 4640//9085
f 4673//9086 4640//9086 4659//9086
f 4674//9087 4655//9087 4641//9087
f 4674//9088 4641//9088 4660//9088
f 4675//9089 4656//9089 4642//9089
f 4675//9090 4642//9090 4661//9090
f 4676//9091 4657//9091 4643//9091
f 4676//9092 4643//9092 4662//9092
f 4677//9093 4644//9093 4663//9093
f 4677//9094 4658//9094 4644//9094
f 4678//9095 4659//9095 4645//9095
f 4678//9096 4645//9096 4664//9096
f 4679//9097 4646//9097 4665//9097
f 4679//9098 4660//9098 4646//9098
f 4680//9099 4661//9099 4647//9099
f 4680//9100 4647//9100 4666//9100
f 4681//9101 4662//9101 4648//9101
f 4681//9102 4648//9102 4667//9102
f 4682//9103 4663//9103 4649//9103
f 4682//9104 4649//9104 4668//9104
f 4683//9105 4664//9105 1871//9105
f 4683//9106 1870//9106 1869//9106
f 4683//9107 1871//9107 1870//9107
f 4684//9108 4650//9108 4669//9108
f 4684//9109 4294//9109 4295//9109
f 4684//9110 4295//9110 4650//9110
f 4685//9111 4665//9111 4651//9111
f 4685//9112 4651//9112 4670//9112
f 4686//9113 4666//9113 4652//9113
f 4686//9114 4652//9114 4671//9114
f 4687//9115 4667//9115 4653//9115
f 4687//9116 4653//9116 4672//9116
f 4688//9117 4654//9117 4673//9117
f 4688//9118 4668//9118 4654//9118
f 4689//9119 4669//9119 4655//9119
f 4689//9120 4655//9120 4674//9120
f 4690//9121 4656//9121 4675//9121
f 4690//9122 4670//9122 4656//9122
f 4691//9123 4671//9123 4657//9123
f 4691//9124 4657//9124 4676//9124
f 4692//9125 4672//9125 4658//9125
f 4692//9126 4658//9126 4677//9126
f 4693//9127 4673//9127 4659//9127
f 4693//9128 4659//9128 4678//9128
f 4694//9129 4660//9129 4679//9129
f 4694//9130 4674//9130 4660//9130
f 4695//9131 4661//9131 4680//9131
f 4695//9132 4675//9132 4661//9132
f 4696//9133 4662//9133 4681//9133
f 4696//9134 4676//9134 4662//9134
f 4697//9135 4663//9135 4682//9135
f 4697//9136 4677//9136 4663//9136
f 4698//9137 4664//9137 4683//9137
f 4698//9138 4678//9138 4664//9138
f 4699//9139 4292//9139 4293//9139
f 4699//9140 4293//9140 4294//9140
f 4699//9141 4294//9141 4684//9141
f 4700//9142 4665//9142 4685//9142
f 4700//9143 4679//9143 4665//9143
f 4701//9144 4680//9144 4666//9144
f 4701//9145 4666//9145 4686//9145
f 4702//9146 4667//9146 4687//9146
f 4702//9147 4681//9147 4667//9147
f 4703//9148 4668//9148 4688//9148
f 4703//9149 4682//9149 4668//9149
f 4704//9150 4669//9150 4689//9150
f 4704//9151 4684//9151 4669//9151
f 4705//9152 4670//9152 4690//9152
f 4705//9153 4685//9153 4670//9153
f 4706//9154 4671//9154 4691//9154
f 4706//9155 4686//9155 4671//9155
f 4707//9156 4672//9156 4692//9156
f 4707//9157 4687//9157 4672//9157
f 4708//9158 4673//9158 4693//9158
f 4708//9159 4688//9159 4673//9159
f 4709//9160 4689//9160 4674//9160
f 4709//9161 4674//9161 4694//9161
f 4710//9162 4675//9162 4695//9162
f 4710//9163 4690//9163 4675//9163
f 4711//9164 4676//9164 4696//9164
f 4711//9165 4691//9165 4676//9165
f 4712//9166 4677//9166 4697//9166
f 4712//9167 4692//9167 4677//9167
f 4713//9168 4693//9168 4678//9168
f 4713//9169 4678//9169 4698//9169
f 4714//9170 4694//9170 4679//9170
f 4714//9171 4679//9171 4700//9171
f 4715//9172 4680//9172 4701//9172
f 4715//9173 4695//9173 4680//9173
f 4716//9174 4681//9174 4702//9174
f 4716//9175 4696//9175 4681//9175
f 4717//9176 4682//9176 4703//9176
f 4717//9177 4697//9177 4682//9177
f 4718//9178 4698//9178 4683//9178
f 4718//9179 4683//9179 1869//9179
f 4719//9180 4684//9180 4704//9180
f 4719//9181 4699//9181 4684//9181
f 4720//9182 4700//9182 4685//9182
f 4720//9183 4685//9183 4705//9183
f 4721//9184 4701//9184 4686//9184
f 4721//9185 4686//9185 4706//9185
f 4722//9186 4687//9186 4707//9186
f 4722//9187 4702//9187 4687//9187
f 4723//9188 4688//9188 4708//9188
f 4723//9189 4703//9189 4688//9189
f 4724//9190 4704//9190 4689//9190
f 4724//9191 4689//9191 4709//9191
f 4725//9192 4705//9192 4690//9192
f 4725//9193 4690//9193 4710//9193
f 4726//9194 4691//9194 4711//9194
f 4726//9195 4706//9195 4691//9195
f 4727//9196 4692//9196 4712//9196
f 4727//9197 4707//9197 4692//9197
f 4728//9198 4708//9198 4693//9198
f 4728//9199 4693//9199 4713//9199
f 4729//9200 4709//9200 4694//9200
f 4729//9201 4694//9201 4714//9201
f 4730//9202 4710//9202 4695//9202
f 4730//9203 4695//9203 4715//9203
f 4731//9204 4711//9204 4696//9204
f 4731//9205 4696//9205 4716//9205
f 4732//9206 4712//9206 4697//9206
f 4732//9207 4697//9207 4717//9207
f 4733//9208 4713//9208 4698//9208
f 4733//9209 4698//9209 4718//9209
f 4734//9210 4292//9210 4699//9210
f 4734//9211 4699//9211 4719//9211
f 4734//9212 4291//9212 4292//9212
f 4735//9213 4700//9213 4720//9213
f 4735//9214 4714//9214 4700//9214
f 4736//9215 4715//9215 4701//9215
f 4736//9216 4701//9216 4721//9216
f 4737//9217 4702//9217 4722//9217
f 4737//9218 4716//9218 4702//9218
f 4738//9219 4703//9219 4723//9219
f 4738//9220 4717//9220 4703//9220
f 4739//9221 4718//9221 1869//9221
f 4739//9222 1868//9222 1867//9222
f 4739//9223 1869//9223 1868//9223
f 4740//9224 4704//9224 4724//9224
f 4740//9225 4719//9225 4704//9225
f 4741//9226 4705//9226 4725//9226
f 4741//9227 4720//9227 4705//9227
f 4742//9228 4706//9228 4726//9228
f 4742//9229 4721//9229 4706//9229
f 4743//9230 4722//9230 4707//9230
f 4743//9231 4707//9231 4727//9231
f 4744//9232 4708//9232 4728//9232
f 4744//9233 4723//9233 4708//9233
f 4745//9234 4724//9234 4709//9234
f 4745//9235 4709//9235 4729//9235
f 4746//9236 4725//9236 4710//9236
f 4746//9237 4710//9237 4730//9237
f 4747//9238 4711//9238 4731//9238
f 4747//9239 4726//9239 4711//9239
f 4748//9240 4727//9240 4712//9240
f 4748//9241 4712//9241 4732//9241
f 4749//9242 4728//9242 4713//9242
f 4749//9243 4713//9243 4733//9243
f 4750//9244 4291//9244 4734//9244
f 4750//9245 4289//9245 4290//9245
f 4750//9246 4290//9246 4291//9246
f 4751//9247 4714//9247 4735//9247
f 4751//9248 4729//9248 4714//9248
f 4752//9249 4730//9249 4715//9249
f 4752//9250 4715//9250 4736//9250
f 4753//9251 4731//9251 4716//9251
f 4753//9252 4716//9252 4737//9252
f 4754//9253 4717//9253 4738//9253
f 4754//9254 4732//9254 4717//9254
f 4755//9255 4733//9255 4718//9255
f 4755//9256 4718//9256 4739//9256
f 4756//9257 4719//9257 4740//9257
f 4756//9258 4734//9258 4719//9258
f 4757//9259 4720//9259 4741//9259
f 4757//9260 4735//9260 4720//9260
f 4758//9261 4721//9261 4742//9261
f 4758//9262 4736//9262 4721//9262
f 4759//9263 4737//9263 4722//9263
f 4759//9264 4722//9264 4743//9264
f 4760//9265 4738//9265 4723//9265
f 4760//9266 4723//9266 4744//9266
f 4761//9267 4724//9267 4745//9267
f 4761//9268 4740//9268 4724//9268
f 4762//9269 4741//9269 4725//9269
f 4762//9270 4725//9270 4746//9270
f 4763//9271 4742//9271 4726//9271
f 4763//9272 4726//9272 4747//9272
f 4764//9273 4743//9273 4727//9273
f 4764//9274 4727//9274 4748//9274
f 4765//9275 4744//9275 4728//9275
f 4765//9276 4728//9276 4749//9276
f 4766//9277 4745//9277 4729//9277
f 4766//9278 4729//9278 4751//9278
f 4767//9279 4730//9279 4752//9279
f 4767//9280 4746//9280 4730//9280
f 4768//9281 4731//9281 4753//9281
f 4768//9282 4747//9282 4731//9282
f 4769//9283 4748//9283 4732//9283
f 4769//9284 4732//9284 4754//9284
f 4770//9285 4749//9285 4733//9285
f 4770//9286 4733//9286 4755//9286
f 4771//9287 4734//9287 4756//9287
f 4771//9288 4750//9288 4734//9288
f 4772//9289 4735//9289 4757//9289
f 4772//9290 4751//9290 4735//9290
f 4773//9291 4736//9291 4758//9291
f 4773//9292 4752//9292 4736//9292
f 4774//9293 4753//9293 4737//9293
f 4774//9294 4737//9294 4759//9294
f 4775//9295 4738//9295 4760//9295
f 4775//9296 4754//9296 4738//9296
f 4776//9297 4755//9297 4739//9297
f 4776//9298 1867//9298 1866//9298
f 4776//9299 4739//9299 1867//9299
f 4777//9300 4756//9300 4740//9300
f 4777//9301 4740//9301 4761//9301
f 4778//9302 4741//9302 4762//9302
f 4778//9303 4757//9303 4741//9303
f 4779//9304 4742//9304 4763//9304
f 4779//9305 4758//9305 4742//9305
f 4780//9306 4759//9306 4743//9306
f 4780//9307 4743//9307 4764//9307
f 4781//9308 4744//9308 4765//9308
f 4781//9309 4760//9309 4744//9309
f 4782//9310 4745//9310 4766//9310
f 4782//9311 4761//9311 4745//9311
f 4783//9312 4762//9312 4746//9312
f 4783//9313 4746//9313 4767//9313
f 4784//9314 4763//9314 4747//9314
f 4784//9315 4747//9315 4768//9315
f 4785//9316 4764//9316 4748//9316
f 4785//9317 4748//9317 4769//9317
f 4786//9318 4765//9318 4749//9318
f 4786//9319 4749//9319 4770//9319
f 4787//9320 4750//9320 4771//9320
f 4787//9321 4288//9321 4289//9321
f 4787//9322 4289//9322 4750//9322
f 4788//9323 4766//9323 4751//9323
f 4788//9324 4751//9324 4772//9324
f 4789//9325 4752//9325 4773//9325
f 4789//9326 4767//9326 4752//9326
f 4790//9327 4753//9327 4774//9327
f 4790//9328 4768//9328 4753//9328
f 4791//9329 4769//9329 4754//9329
f 4791//9330 4754//9330 4775//9330
f 4792//9331 4755//9331 4776//9331
f 4792//9332 4770//9332 4755//9332
f 4793//9333 4756//9333 4777//9333
f 4793//9334 4771//9334 4756//9334
f 4794//9335 4772//9335 4757//9335
f 4794//9336 4757//9336 4778//9336
f 4795//9337 4773//9337 4758//9337
f 4795//9338 4758//9338 4779//9338
f 4796//9339 4774//9339 4759//9339
f 4796//9340 4759//9340 4780//9340
f 4797//9341 4775//9341 4760//9341
f 4797//9342 4760//9342 4781//9342
f 4798//9343 1866//9343 1865//9343
f 4798//9344 4776//9344 1866//9344
f 4799//9345 4777//9345 4761//9345
f 4799//9346 4761//9346 4782//9346
f 4800//9347 4762//9347 4783//9347
f 4800//9348 4778//9348 4762//9348
f 4801//9349 4779//9349 4763//9349
f 4801//9350 4763//9350 4784//9350
f 4802//9351 4764//9351 4785//9351
f 4802//9352 4780//9352 4764//9352
f 4803//9353 4765//9353 4786//9353
f 4803//9354 4781//9354 4765//9354
f 4804//9355 4286//9355 4287//9355
f 4804//9356 4287//9356 4288//9356
f 4804//9357 4288//9357 4787//9357
f 4805//9358 4782//9358 4766//9358
f 4805//9359 4766//9359 4788//9359
f 4806//9360 4767//9360 4789//9360
f 4806//9361 4783//9361 4767//9361
f 4807//9362 4768//9362 4790//9362
f 4807//9363 4784//9363 4768//9363
f 4808//9364 4769//9364 4791//9364
f 4808//9365 4785//9365 4769//9365
f 4809//9366 4770//9366 4792//9366
f 4809//9367 4786//9367 4770//9367
f 4810//9368 4787//9368 4771//9368
f 4810//9369 4771//9369 4793//9369
f 4811//9370 4788//9370 4772//9370
f 4811//9371 4772//9371 4794//9371
f 4812//9372 4789//9372 4773//9372
f 4812//9373 4773//9373 4795//9373
f 4813//9374 4790//9374 4774//9374
f 4813//9375 4774//9375 4796//9375
f 4814//9376 4791//9376 4775//9376
f 4814//9377 4775//9377 4797//9377
f 4815//9378 4776//9378 4798//9378
f 4815//9379 4792//9379 4776//9379
f 4816//9380 4777//9380 4799//9380
f 4816//9381 4793//9381 4777//9381
f 4817//9382 4778//9382 4800//9382
f 4817//9383 4794//9383 4778//9383
f 4818//9384 4795//9384 4779//9384
f 4818//9385 4779//9385 4801//9385
f 4819//9386 4796//9386 4780//9386
f 4819//9387 4780//9387 4802//9387
f 4820//9388 4797//9388 4781//9388
f 4820//9389 4781//9389 4803//9389
f 4821//9390 4782//9390 4805//9390
f 4821//9391 4799//9391 4782//9391
f 4822//9392 4783//9392 4806//9392
f 4822//9393 4800//9393 4783//9393
f 4823//9394 4801//9394 4784//9394
f 4823//9395 4784//9395 4807//9395
f 4824//9396 4802//9396 4785//9396
f 4824//9397 4785//9397 4808//9397
f 4825//9398 4803//9398 4786//9398
f 4825//9399 4786//9399 4809//9399
f 4826//9400 4804//9400 4787//9400
f 4826//9401 4787//9401 4810//9401
f 4827//9402 4805//9402 4788//9402
f 4827//9403 4788//9403 4811//9403
f 4828//9404 4806//9404 4789//9404
f 4828//9405 4789//9405 4812//9405
f 4829//9406 4790//9406 4813//9406
f 4829//9407 4807//9407 4790//9407
f 4830//9408 4808//9408 4791//9408
f 4830//9409 4791//9409 4814//9409
f 4831//9410 4809//9410 4792//9410
f 4831//9411 4792//9411 4815//9411
f 4832//9412 4810//9412 4793//9412
f 4832//9413 4793//9413 4816//9413
f 4833//9414 4811//9414 4794//9414
f 4833//9415 4794//9415 4817//9415
f 4834//9416 4812//9416 4795//9416
f 4834//9417 4795//9417 4818//9417
f 4835//9418 4796//9418 4819//9418
f 4835//9419 4813//9419 4796//9419
f 4836//9420 4797//9420 4820//9420
f 4836//9421 4814//9421 4797//9421
f 4837//9422 4815//9422 4798//9422
f 4837//9423 4798//9423 1865//9423
f 4837//9424 1865//9424 1864//9424
f 4838//9425 4799//9425 4821//9425
f 4838//9426 4816//9426 4799//9426
f 4839//9427 4817//9427 4800//9427
f 4839//9428 4800//9428 4822//9428
f 4840//9429 4801//9429 4823//9429
f 4840//9430 4818//9430 4801//9430
f 4841//9431 4802//9431 4824//9431
f 4841//9432 4819//9432 4802//9432
f 4842//9433 4803//9433 4825//9433
f 4842//9434 4820//9434 4803//9434
f 4843//9435 4286//9435 4804//9435
f 4843//9436 4804//9436 4826//9436
f 4843//9437 4285//9437 4286//9437
f 4844//9438 4805//9438 4827//9438
f 4844//9439 4821//9439 4805//9439
f 4845//9440 4822//9440 4806//9440
f 4845//9441 4806//9441 4828//9441
f 4846//9442 4823//9442 4807//9442
f 4846//9443 4807//9443 4829//9443
f 4847//9444 4808//9444 4830//9444
f 4847//9445 4824//9445 4808//9445
f 4848//9446 4825//9446 4809//9446
f 4848//9447 4809//9447 4831//9447
f 4849//9448 4810//9448 4832//9448
f 4849//9449 4826//9449 4810//9449
f 4850//9450 4811//9450 4833//9450
f 4850//9451 4827//9451 4811//9451
f 4851//9452 4828//9452 4812//9452
f 4851//9453 4812//9453 4834//9453
f 4852//9454 4813//9454 4835//9454
f 4852//9455 4829//9455 4813//9455
f 4853//9456 4814//9456 4836//9456
f 4853//9457 4830//9457 4814//9457
f 4854//9458 4831//9458 4815//9458
f 4854//9459 4815//9459 4837//9459
f 4855//9460 4832//9460 4816//9460
f 4855//9461 4816//9461 4838//9461
f 4856//9462 4833//9462 4817//9462
f 4856//9463 4817//9463 4839//9463
f 4857//9464 4818//9464 4840//9464
f 4857//9465 4834//9465 4818//9465
f 4858//9466 4819//9466 4841//9466
f 4858//9467 4835//9467 4819//9467
f 4859//9468 4820//9468 4842//9468
f 4859//9469 4836//9469 4820//9469
f 4860//9470 1863//9470 1862//9470
f 4860//9471 1864//9471 1863//9471
f 4860//9472 4837//9472 1864//9472
f 4861//9473 4285//9473 4843//9473
f 4861//9474 4284//9474 4285//9474
f 4862//9475 4838//9475 4821//9475
f 4862//9476 4821//9476 4844//9476
f 4863//9477 4839//9477 4822//9477
f 4863//9478 4822//9478 4845//9478
f 4864//9479 4840//9479 4823//9479
f 4864//9480 4823//9480 4846//9480
f 4865//9481 4824//9481 4847//9481
f 4865//9482 4841//9482 4824//9482
f 4866//9483 4842//9483 4825//9483
f 4866//9484 4825//9484 4848//9484
f 4867//9485 4843//9485 4826//9485
f 4867//9486 4826//9486 4849//9486
f 4868//9487 4844//9487 4827//9487
f 4868//9488 4827//9488 4850//9488
f 4869//9489 4828//9489 4851//9489
f 4869//9490 4845//9490 4828//9490
f 4870//9491 4846//9491 4829//9491
f 4870//9492 4829//9492 4852//9492
f 4871//9493 4847//9493 4830//9493
f 4871//9494 4830//9494 4853//9494
f 4872//9495 4831//9495 4854//9495
f 4872//9496 4848//9496 4831//9496
f 4873//9497 4832//9497 4855//9497
f 4873//9498 4849//9498 4832//9498
f 4874//9499 4850//9499 4833//9499
f 4874//9500 4833//9500 4856//9500
f 4875//9501 4834//9501 4857//9501
f 4875//9502 4851//9502 4834//9502
f 4876//9503 4852//9503 4835//9503
f 4876//9504 4835//9504 4858//9504
f 4877//9505 4836//9505 4859//9505
f 4877//9506 4853//9506 4836//9506
f 4878//9507 4837//9507 4860//9507
f 4878//9508 4854//9508 4837//9508
f 4879//9509 4855//9509 4838//9509
f 4879//9510 4838//9510 4862//9510
f 4880//9511 4839//9511 4863//9511
f 4880//9512 4856//9512 4839//9512
f 4881//9513 4840//9513 4864//9513
f 4881//9514 4857//9514 4840//9514
f 4882//9515 4858//9515 4841//9515
f 4882//9516 4841//9516 4865//9516
f 4883//9517 4859//9517 4842//9517
f 4883//9518 4842//9518 4866//9518
f 4884//9519 4843//9519 4867//9519
f 4884//9520 4861//9520 4843//9520
f 4885//9521 4862//9521 4844//9521
f 4885//9522 4844//9522 4868//9522
f 4886//9523 4863//9523 4845//9523
f 4886//9524 4845//9524 4869//9524
f 4887//9525 4864//9525 4846//9525
f 4887//9526 4846//9526 4870//9526
f 4888//9527 4847//9527 4871//9527
f 4888//9528 4865//9528 4847//9528
f 4889//9529 4848//9529 4872//9529
f 4889//9530 4866//9530 4848//9530
f 4890//9531 4867//9531 4849//9531
f 4890//9532 4849//9532 4873//9532
f 4891//9533 4850//9533 4874//9533
f 4891//9534 4868//9534 4850//9534
f 4892//9535 4869//9535 4851//9535
f 4892//9536 4851//9536 4875//9536
f 4893//9537 4852//9537 4876//9537
f 4893//9538 4870//9538 4852//9538
f 4894//9539 4853//9539 4877//9539
f 4894//9540 4871//9540 4853//9540
f 4895//9541 4872//9541 4854//9541
f 4895//9542 4854//9542 4878//9542
f 4896//9543 4855//9543 4879//9543
f 4896//9544 4873//9544 4855//9544
f 4897//9545 4874//9545 4856//9545
f 4897//9546 4856//9546 4880//9546
f 4898//9547 4875//9547 4857//9547
f 4898//9548 4857//9548 4881//9548
f 4899//9549 4876//9549 4858//9549
f 4899//9550 4858//9550 4882//9550
f 4900//9551 4859//9551 4883//9551
f 4900//9552 4877//9552 4859//9552
f 4901//9553 4878//9553 4860//9553
f 4901//9554 1862//9554 1861//9554
f 4901//9555 4860//9555 1862//9555
f 4902//9556 4284//9556 4861//9556
f 4902//9557 4861//9557 4884//9557
f 4902//9558 4282//9558 4283//9558
f 4902//9559 4283//9559 4284//9559
f 4903//9560 4862//9560 4885//9560
f 4903//9561 4879//9561 4862//9561
f 4904//9562 4880//9562 4863//9562
f 4904//9563 4863//9563 4886//9563
f 4905//9564 4864//9564 4887//9564
f 4905//9565 4881//9565 4864//9565
f 4906//9566 4882//9566 4865//9566
f 4906//9567 4865//9567 4888//9567
f 4907//9568 4866//9568 4889//9568
f 4907//9569 4883//9569 4866//9569
f 4908//9570 4867//9570 4890//9570
f 4908//9571 4884//9571 4867//9571
f 4909//9572 4868//9572 4891//9572
f 4909//9573 4885//9573 4868//9573
f 4910//9574 4869//9574 4892//9574
f 4910//9575 4886//9575 4869//9575
f 4911//9576 4870//9576 4893//9576
f 4911//9577 4887//9577 4870//9577
f 4912//9578 4871//9578 4894//9578
f 4912//9579 4888//9579 4871//9579
f 4913//9580 4872//9580 4895//9580
f 4913//9581 4889//9581 4872//9581
f 4914//9582 4890//9582 4873//9582
f 4914//9583 4873//9583 4896//9583
f 4915//9584 4874//9584 4897//9584
f 4915//9585 4891//9585 4874//9585
f 4916//9586 4875//9586 4898//9586
f 4916//9587 4892//9587 4875//9587
f 4917//9588 4893//9588 4876//9588
f 4917//9589 4876//9589 4899//9589
f 4918//9590 4894//9590 4877//9590
f 4918//9591 4877//9591 4900//9591
f 4919//9592 4895//9592 4878//9592
f 4919//9593 4878//9593 4901//9593
f 4920//9594 4282//9594 4902//9594
f 4920//9595 4281//9595 4282//9595
f 4921//9596 4879//9596 4903//9596
f 4921//9597 4896//9597 4879//9597
f 4922//9598 4897//9598 4880//9598
f 4922//9599 4880//9599 4904//9599
f 4923//9600 4898//9600 4881//9600
f 4923//9601 4881//9601 4905//9601
f 4924//9602 4899//9602 4882//9602
f 4924//9603 4882//9603 4906//9603
f 4925//9604 4900//9604 4883//9604
f 4925//9605 4883//9605 4907//9605
f 4926//9606 1861//9606 1860//9606
f 4926//9607 4901//9607 1861//9607
f 4927//9608 4884//9608 4908//9608
f 4927//9609 4902//9609 4884//9609
f 4928//9610 4885//9610 4909//9610
f 4928//9611 4903//9611 4885//9611
f 4929//9612 4904//9612 4886//9612
f 4929//9613 4886//9613 4910//9613
f 4930//9614 4905//9614 4887//9614
f 4930//9615 4887//9615 4911//9615
f 4931//9616 4906//9616 4888//9616
f 4931//9617 4888//9617 4912//9617
f 4932//9618 4889//9618 4913//9618
f 4932//9619 4907//9619 4889//9619
f 4933//9620 4890//9620 4914//9620
f 4933//9621 4908//9621 4890//9621
f 4934//9622 4909//9622 4891//9622
f 4934//9623 4891//9623 4915//9623
f 4935//9624 4892//9624 4916//9624
f 4935//9625 4910//9625 4892//9625
f 4936//9626 4911//9626 4893//9626
f 4936//9627 4893//9627 4917//9627
f 4937//9628 4894//9628 4918//9628
f 4937//9629 4912//9629 4894//9629
f 4938//9630 4913//9630 4895//9630
f 4938//9631 4895//9631 4919//9631
f 4939//9632 4896//9632 4921//9632
f 4939//9633 4914//9633 4896//9633
f 4940//9634 4897//9634 4922//9634
f 4940//9635 4915//9635 4897//9635
f 4941//9636 4898//9636 4923//9636
f 4941//9637 4916//9637 4898//9637
f 4942//9638 4899//9638 4924//9638
f 4942//9639 4917//9639 4899//9639
f 4943//9640 4900//9640 4925//9640
f 4943//9641 4918//9641 4900//9641
f 4944//9642 4901//9642 4926//9642
f 4944//9643 4919//9643 4901//9643
f 4945//9644 4902//9644 4927//9644
f 4945//9645 4920//9645 4902//9645
f 4946//9646 4903//9646 4928//9646
f 4946//9647 4921//9647 4903//9647
f 4947//9648 4922//9648 4904//9648
f 4947//9649 4904//9649 4929//9649
f 4948//9650 4923//9650 4905//9650
f 4948//9651 4905//9651 4930//9651
f 4949//9652 4906//9652 4931//9652
f 4949//9653 4924//9653 4906//9653
f 4950//9654 4925//9654 4907//9654
f 4950//9655 4907//9655 4932//9655
f 4951//9656 4927//9656 4908//9656
f 4951//9657 4908//9657 4933//9657
f 4952//9658 4928//9658 4909//9658
f 4952//9659 4909//9659 4934//9659
f 4953//9660 4929//9660 4910//9660
f 4953//9661 4910//9661 4935//9661
f 4954//9662 4930//9662 4911//9662
f 4954//9663 4911//9663 4936//9663
f 4955//9664 4931//9664 4912//9664
f 4955//9665 4912//9665 4937//9665
f 4956//9666 4932//9666 4913//9666
f 4956//9667 4913//9667 4938//9667
f 4957//9668 4914//9668 4939//9668
f 4957//9669 4933//9669 4914//9669
f 4958//9670 4915//9670 4940//9670
f 4958//9671 4934//9671 4915//9671
f 4959//9672 4935//9672 4916//9672
f 4959//9673 4916//9673 4941//9673
f 4960//9674 4936//9674 4917//9674
f 4960//9675 4917//9675 4942//9675
f 4961//9676 4937//9676 4918//9676
f 4961//9677 4918//9677 4943//9677
f 4962//9678 4938//9678 4919//9678
f 4962//9679 4919//9679 4944//9679
f 4963//9680 4279//9680 4280//9680
f 4963//9681 4280//9681 4281//9681
f 4963//9682 4920//9682 4945//9682
f 4963//9683 4281//9683 4920//9683
f 4964//9684 4939//9684 4921//9684
f 4964//9685 4921//9685 4946//9685
f 4965//9686 4922//9686 4947//9686
f 4965//9687 4940//9687 4922//9687
f 4966//9688 4941//9688 4923//9688
f 4966//9689 4923//9689 4948//9689
f 4967//9690 4942//9690 4924//9690
f 4967//9691 4924//9691 4949//9691
f 4968//9692 4943//9692 4925//9692
f 4968//9693 4925//9693 4950//9693
f 4969//9694 4926//9694 1860//9694
f 4969//9695 1859//9695 1858//9695
f 4969//9696 1860//9696 1859//9696
f 4969//9697 4944//9697 4926//9697
f 4970//9698 4927//9698 4951//9698
f 4970//9699 4945//9699 4927//9699
f 4971//9700 4928//9700 4952//9700
f 4971//9701 4946//9701 4928//9701
f 4972//9702 4929//9702 4953//9702
f 4972//9703 4947//9703 4929//9703
f 4973//9704 4930//9704 4954//9704
f 4973//9705 4948//9705 4930//9705
f 4974//9706 4949//9706 4931//9706
f 4974//9707 4931//9707 4955//9707
f 4975//9708 4932//9708 4956//9708
f 4975//9709 4950//9709 4932//9709
f 4976//9710 4933//9710 4957//9710
f 4976//9711 4951//9711 4933//9711
f 4977//9712 4952//9712 4934//9712
f 4977//9713 4934//9713 4958//9713
f 4978//9714 4953//9714 4935//9714
f 4978//9715 4935//9715 4959//9715
f 4979//9716 4936//9716 4960//9716
f 4979//9717 4954//9717 4936//9717
f 4980//9718 4937//9718 4961//9718
f 4980//9719 4955//9719 4937//9719
f 4981//9720 4956//9720 4938//9720
f 4981//9721 4938//9721 4962//9721
f 4982//9722 4278//9722 4279//9722
f 4982//9723 4279//9723 4963//9723
f 4983//9724 4957//9724 4939//9724
f 4983//9725 4939//9725 4964//9725
f 4984//9726 4958//9726 4940//9726
f 4984//9727 4940//9727 4965//9727
f 4985//9728 4959//9728 4941//9728
f 4985//9729 4941//9729 4966//9729
f 4986//9730 4960//9730 4942//9730
f 4986//9731 4942//9731 4967//9731
f 4987//9732 4943//9732 4968//9732
f 4987//9733 4961//9733 4943//9733
f 4988//9734 4962//9734 4944//9734
f 4988//9735 4944//9735 4969//9735
f 4989//9736 4963//9736 4945//9736
f 4989//9737 4945//9737 4970//9737
f 4990//9738 4946//9738 4971//9738
f 4990//9739 4964//9739 4946//9739
f 4991//9740 4965//9740 4947//9740
f 4991//9741 4947//9741 4972//9741
f 4992//9742 4966//9742 4948//9742
f 4992//9743 4948//9743 4973//9743
f 4993//9744 4967//9744 4949//9744
f 4993//9745 4949//9745 4974//9745
f 4994//9746 4950//9746 4975//9746
f 4994//9747 4968//9747 4950//9747
f 4995//9748 4951//9748 4976//9748
f 4995//9749 4970//9749 4951//9749
f 4996//9750 4971//9750 4952//9750
f 4996//9751 4952//9751 4977//9751
f 4997//9752 4972//9752 4953//9752
f 4997//9753 4953//9753 4978//9753
f 4998//9754 4954//9754 4979//9754
f 4998//9755 4973//9755 4954//9755
f 4999//9756 4955//9756 4980//9756
f 4999//9757 4974//9757 4955//9757
f 5000//9758 4975//9758 4956//9758
f 5000//9759 4956//9759 4981//9759
f 5001//9760 4976//9760 4957//9760
f 5001//9761 4957//9761 4983//9761
f 5002//9762 4958//9762 4984//9762
f 5002//9763 4977//9763 4958//9763
f 5003//9764 4978//9764 4959//9764
f 5003//9765 4959//9765 4985//9765
f 5004//9766 4979//9766 4960//9766
f 5004//9767 4960//9767 4986//9767
f 5005//9768 4980//9768 4961//9768
f 5005//9769 4961//9769 4987//9769
f 5006//9770 4962//9770 4988//9770
f 5006//9771 4981//9771 4962//9771
f 5007//9772 4963//9772 4989//9772
f 5007//9773 4982//9773 4963//9773
f 5008//9774 4983//9774 4964//9774
f 5008//9775 4964//9775 4990//9775
f 5009//9776 4984//9776 4965//9776
f 5009//9777 4965//9777 4991//9777
f 5010//9778 4966//9778 4992//9778
f 5010//9779 4985//9779 4966//9779
f 5011//9780 4967//9780 4993//9780
f 5011//9781 4986//9781 4967//9781
f 5012//9782 4968//9782 4994//9782
f 5012//9783 4987//9783 4968//9783
f 5013//9784 4969//9784 1858//9784
f 5013//9785 4988//9785 4969//9785
f 5014//9786 4970//9786 4995//9786
f 5014//9787 4989//9787 4970//9787
f 5015//9788 4990//9788 4971//9788
f 5015//9789 4971//9789 4996//9789
f 5016//9790 4991//9790 4972//9790
f 5016//9791 4972//9791 4997//9791
f 5017//9792 4992//9792 4973//9792
f 5017//9793 4973//9793 4998//9793
f 5018//9794 4993//9794 4974//9794
f 5018//9795 4974//9795 4999//9795
f 5019//9796 4975//9796 5000//9796
f 5019//9797 4994//9797 4975//9797
f 5020//9798 4995//9798 4976//9798
f 5020//9799 4976//9799 5001//9799
f 5021//9800 4977//9800 5002//9800
f 5021//9801 4996//9801 4977//9801
f 5022//9802 4997//9802 4978//9802
f 5022//9803 4978//9803 5003//9803
f 5023//9804 4998//9804 4979//9804
f 5023//9805 4979//9805 5004//9805
f 5024//9806 4999//9806 4980//9806
f 5024//9807 4980//9807 5005//9807
f 5025//9808 5000//9808 4981//9808
f 5025//9809 4981//9809 5006//9809
f 5026//9810 4982//9810 5007//9810
f 5026//9811 4277//9811 4278//9811
f 5026//9812 4278//9812 4982//9812
f 5027//9813 4983//9813 5008//9813
f 5027//9814 5001//9814 4983//9814
f 5028//9815 5002//9815 4984//9815
f 5028//9816 4984//9816 5009//9816
f 5029//9817 4985//9817 5010//9817
f 5029//9818 5003//9818 4985//9818
f 5030//9819 5004//9819 4986//9819
f 5030//9820 4986//9820 5011//9820
f 5031//9821 5005//9821 4987//9821
f 5031//9822 4987//9822 5012//9822
f 5032//9823 5006//9823 4988//9823
f 5032//9824 4988//9824 5013//9824
f 5033//9825 5007//9825 4989//9825
f 5033//9826 4989//9826 5014//9826
f 5034//9827 4990//9827 5015//9827
f 5034//9828 5008//9828 4990//9828
f 5035//9829 4991//9829 5016//9829
f 5035//9830 5009//9830 4991//9830
f 5036//9831 5010//9831 4992//9831
f 5036//9832 4992//9832 5017//9832
f 5037//9833 5011//9833 4993//9833
f 5037//9834 4993//9834 5018//9834
f 5038//9835 5012//9835 4994//9835
f 5038//9836 4994//9836 5019//9836
f 5039//9837 1857//9837 1856//9837
f 5039//9838 1858//9838 1857//9838
f 5039//9839 5013//9839 1858//9839
f 5040//9840 5014//9840 4995//9840
f 5040//9841 4995//9841 5020//9841
f 5041//9842 5015//9842 4996//9842
f 5041//9843 4996//9843 5021//9843
f 5042//9844 4997//9844 5022//9844
f 5042//9845 5016//9845 4997//9845
f 5043//9846 4998//9846 5023//9846
f 5043//9847 5017//9847 4998//9847
f 5044//9848 4999//9848 5024//9848
f 5044//9849 5018//9849 4999//9849
f 5045//9850 5000//9850 5025//9850
f 5045//9851 5019//9851 5000//9851
f 5046//9852 4277//9852 5026//9852
f 5046//9853 4275//9853 4276//9853
f 5046//9854 4276//9854 4277//9854
f 5047//9855 5001//9855 5027//9855
f 5047//9856 5020//9856 5001//9856
f 5048//9857 5021//9857 5002//9857
f 5048//9858 5002//9858 5028//9858
f 5049//9859 5003//9859 5029//9859
f 5049//9860 5022//9860 5003//9860
f 5050//9861 5004//9861 5030//9861
f 5050//9862 5023//9862 5004//9862
f 5051//9863 5005//9863 5031//9863
f 5051//9864 5024//9864 5005//9864
f 5052//9865 5025//9865 5006//9865
f 5052//9866 5006//9866 5032//9866
f 5053//9867 5007//9867 5033//9867
f 5053//9868 5026//9868 5007//9868
f 5054//9869 5008//9869 5034//9869
f 5054//9870 5027//9870 5008//9870
f 5055//9871 5028//9871 5009//9871
f 5055//9872 5009//9872 5035//9872
f 5056//9873 5029//9873 5010//9873
f 5056//9874 5010//9874 5036//9874
f 5057//9875 5030//9875 5011//9875
f 5057//9876 5011//9876 5037//9876
f 5058//9877 5031//9877 5012//9877
f 5058//9878 5012//9878 5038//9878
f 5059//9879 5032//9879 5013//9879
f 5059//9880 5013//9880 5039//9880
f 5060//9881 5033//9881 5014//9881
f 5060//9882 5014//9882 5040//9882
f 5061//9883 5015//9883 5041//9883
f 5061//9884 5034//9884 5015//9884
f 5062//9885 5035//9885 5016//9885
f 5062//9886 5016//9886 5042//9886
f 5063//9887 5036//9887 5017//9887
f 5063//9888 5017//9888 5043//9888
f 5064//9889 5037//9889 5018//9889
f 5064//9890 5018//9890 5044//9890
f 5065//9891 5038//9891 5019//9891
f 5065//9892 5019//9892 5045//9892
f 5066//9893 5040//9893 5020//9893
f 5066//9894 5020//9894 5047//9894
f 5067//9895 5041//9895 5021//9895
f 5067//9896 5021//9896 5048//9896
f 5068//9897 5022//9897 5049//9897
f 5068//9898 5042//9898 5022//9898
f 5069//9899 5043//9899 5023//9899
f 5069//9900 5023//9900 5050//9900
f 5070//9901 5024//9901 5051//9901
f 5070//9902 5044//9902 5024//9902
f 5071//9903 5025//9903 5052//9903
f 5071//9904 5045//9904 5025//9904
f 5072//9905 5046//9905 5026//9905
f 5072//9906 5026//9906 5053//9906
f 5073//9907 5027//9907 5054//9907
f 5073//9908 5047//9908 5027//9908
f 5074//9909 5028//9909 5055//9909
f 5074//9910 5048//9910 5028//9910
f 5075//9911 5029//9911 5056//9911
f 5075//9912 5049//9912 5029//9912
f 5076//9913 5030//9913 5057//9913
f 5076//9914 5050//9914 5030//9914
f 5077//9915 5031//9915 5058//9915
f 5077//9916 5051//9916 5031//9916
f 5078//9917 5052//9917 5032//9917
f 5078//9918 5032//9918 5059//9918
f 5079//9919 5053//9919 5033//9919
f 5079//9920 5033//9920 5060//9920
f 5080//9921 5034//9921 5061//9921
f 5080//9922 5054//9922 5034//9922
f 5081//9923 5035//9923 5062//9923
f 5081//9924 5055//9924 5035//9924
f 5082//9925 5036//9925 5063//9925
f 5082//9926 5056//9926 5036//9926
f 5083//9927 5057//9927 5037//9927
f 5083//9928 5037//9928 5064//9928
f 5084//9929 5058//9929 5038//9929
f 5084//9930 5038//9930 5065//9930
f 5085//9931 5059//9931 5039//9931
f 5085//9932 1856//9932 1855//9932
f 5085//9933 5039//9933 1856//9933
f 5086//9934 5060//9934 5040//9934
f 5086//9935 5040//9935 5066//9935
f 5087//9936 5041//9936 5067//9936
f 5087//9937 5061//9937 5041//9937
f 5088//9938 5042//9938 5068//9938
f 5088//9939 5062//9939 5042//9939
f 5089//9940 5043//9940 5069//9940
f 5089//9941 5063//9941 5043//9941
f 5090//9942 5064//9942 5044//9942
f 5090//9943 5044//9943 5070//9943
f 5091//9944 5045//9944 5071//9944
f 5091//9945 5065//9945 5045//9945
f 5092//9946 276//9946 277//9946
f 5092//9947 4274//9947 4275//9947
f 5092//9948 4275//9948 5046//9948
f 5092//9949 277//9949 4274//9949
f 5092//9950 5046//9950 5072//9950
f 5093//9951 5047//9951 5073//9951
f 5093//9952 5066//9952 5047//9952
f 5094//9953 5067//9953 5048//9953
f 5094//9954 5048//9954 5074//9954
f 5095//9955 5068//9955 5049//9955
f 5095//9956 5049//9956 5075//9956
f 5096//9957 5069//9957 5050//9957
f 5096//9958 5050//9958 5076//9958
f 5097//9959 5070//9959 5051//9959
f 5097//9960 5051//9960 5077//9960
f 5098//9961 5052//9961 5078//9961
f 5098//9962 5071//9962 5052//9962
f 5099//9963 5053//9963 5079//9963
f 5099//9964 5072//9964 5053//9964
f 5100//9965 5054//9965 5080//9965
f 5100//9966 5073//9966 5054//9966
f 5101//9967 5074//9967 5055//9967
f 5101//9968 5055//9968 5081//9968
f 5102//9969 5075//9969 5056//9969
f 5102//9970 5056//9970 5082//9970
f 5103//9971 5076//9971 5057//9971
f 5103//9972 5057//9972 5083//9972
f 5104//9973 5058//9973 5084//9973
f 5104//9974 5077//9974 5058//9974
f 5105//9975 5059//9975 5085//9975
f 5105//9976 5078//9976 5059//9976
f 5106//9977 5060//9977 5086//9977
f 5106//9978 5079//9978 5060//9978
f 5107//9979 5080//9979 5061//9979
f 5107//9980 5061//9980 5087//9980
f 5108//9981 5062//9981 5088//9981
f 5108//9982 5081//9982 5062//9982
f 5109//9983 5082//9983 5063//9983
f 5109//9984 5063//9984 5089//9984
f 5110//9985 5083//9985 5064//9985
f 5110//9986 5064//9986 5090//9986
f 5111//9987 5065//9987 5091//9987
f 5111//9988 5084//9988 5065//9988
f 5112//9989 1855//9989 1854//9989
f 5112//9990 5085//9990 1855//9990
f 5113//9991 5066//9991 5093//9991
f 5113//9992 5086//9992 5066//9992
f 5114//9993 5087//9993 5067//9993
f 5114//9994 5067//9994 5094//9994
f 5115//9995 5088//9995 5068//9995
f 5115//9996 5068//9996 5095//9996
f 5116//9997 5089//9997 5069//9997
f 5116//9998 5069//9998 5096//9998
f 5117//9999 5070//9999 5097//9999
f 5117//10000 5090//10000 5070//10000
f 5118//10001 5091//10001 5071//10001
f 5118//10002 5071//10002 5098//10002
f 5119//10003 5092//10003 5072//10003
f 5119//10004 276//10004 5092//10004
f 5119//10005 275//10005 276//10005
f 5119//10006 5072//10006 5099//10006
f 5120//10007 5093//10007 5073//10007
f 5120//10008 5073//10008 5100//10008
f 5121//10009 5094//10009 5074//10009
f 5121//10010 5074//10010 5101//10010
f 5122//10011 5075//10011 5102//10011
f 5122//10012 5095//10012 5075//10012
f 5123//10013 5096//10013 5076//10013
f 5123//10014 5076//10014 5103//10014
f 5124//10015 5097//10015 5077//10015
f 5124//10016 5077//10016 5104//10016
f 5125//10017 5098//10017 5078//10017
f 5125//10018 5078//10018 5105//10018
f 5126//10019 5079//10019 5106//10019
f 5126//10020 5099//10020 5079//10020
f 5127//10021 5100//10021 5080//10021
f 5127//10022 5080//10022 5107//10022
f 5128//10023 5081//10023 5108//10023
f 5128//10024 5101//10024 5081//10024
f 5129//10025 5102//10025 5082//10025
f 5129//10026 5082//10026 5109//10026
f 5130//10027 5103//10027 5083//10027
f 5130//10028 5083//10028 5110//10028
f 5131//10029 5084//10029 5111//10029
f 5131//10030 5104//10030 5084//10030
f 5132//10031 5105//10031 5085//10031
f 5132//10032 5085//10032 5112//10032
f 5133//10033 5106//10033 5086//10033
f 5133//10034 5086//10034 5113//10034
f 5134//10035 5087//10035 5114//10035
f 5134//10036 5107//10036 5087//10036
f 5135//10037 5108//10037 5088//10037
f 5135//10038 5088//10038 5115//10038
f 5136//10039 5109//10039 5089//10039
f 5136//10040 5089//10040 5116//10040
f 5137//10041 5090//10041 5117//10041
f 5137//10042 5110//10042 5090//10042
f 5138//10043 5111//10043 5091//10043
f 5138//10044 5091//10044 5118//10044
f 5139//10045 5113//10045 5093//10045
f 5139//10046 5093//10046 5120//10046
f 5140//10047 5094//10047 5121//10047
f 5140//10048 5114//10048 5094//10048
f 5141//10049 5115//10049 5095//10049
f 5141//10050 5095//10050 5122//10050
f 5142//10051 5116//10051 5096//10051
f 5142//10052 5096//10052 5123//10052
f 5143//10053 5117//10053 5097//10053
f 5143//10054 5097//10054 5124//10054
f 5144//10055 5118//10055 5098//10055
f 5144//10056 5098//10056 5125//10056
f 5145//10057 5099//10057 5126//10057
f 5145//10058 274//10058 275//10058
f 5145//10059 5119//10059 5099//10059
f 5145//10060 275//10060 5119//10060
f 5146//10061 5120//10061 5100//10061
f 5146//10062 5100//10062 5127//10062
f 5147//10063 5101//10063 5128//10063
f 5147//10064 5121//10064 5101//10064
f 5148//10065 5102//10065 5129//10065
f 5148//10066 5122//10066 5102//10066
f 5149//10067 5103//10067 5130//10067
f 5149//10068 5123//10068 5103//10068
f 5150//10069 5104//10069 5131//10069
f 5150//10070 5124//10070 5104//10070
f 5151//10071 5125//10071 5105//10071
f 5151//10072 5105//10072 5132//10072
f 5152//10073 5126//10073 5106//10073
f 5152//10074 5106//10074 5133//10074
f 5153//10075 5127//10075 5107//10075
f 5153//10076 5107//10076 5134//10076
f 5154//10077 5128//10077 5108//10077
f 5154//10078 5108//10078 5135//10078
f 5155//10079 5129//10079 5109//10079
f 5155//10080 5109//10080 5136//10080
f 5156//10081 5110//10081 5137//10081
f 5156//10082 5130//10082 5110//10082
f 5157//10083 5111//10083 5138//10083
f 5157//10084 5131//10084 5111//10084
f 5158//10085 5132//10085 5112//10085
f 5158//10086 1853//10086 1852//10086
f 5158//10087 1854//10087 1853//10087
f 5158//10088 5112//10088 1854//10088
f 5159//10089 5113//10089 5139//10089
f 5159//10090 5133//10090 5113//10090
f 5160//10091 5114//10091 5140//10091
f 5160//10092 5134//10092 5114//10092
f 5161//10093 5115//10093 5141//10093
f 5161//10094 5135//10094 5115//10094
f 5162//10095 5136//10095 5116//10095
f 5162//10096 5116//10096 5142//10096
f 5163//10097 5117//10097 5143//10097
f 5163//10098 5137//10098 5117//10098
f 5164//10099 5138//10099 5118//10099
f 5164//10100 5118//10100 5144//10100
f 5165//10101 5120//10101 5146//10101
f 5165//10102 5139//10102 5120//10102
f 5166//10103 5140//10103 5121//10103
f 5166//10104 5121//10104 5147//10104
f 5167//10105 5141//10105 5122//10105
f 5167//10106 5122//10106 5148//10106
f 5168//10107 5142//10107 5123//10107
f 5168//10108 5123//10108 5149//10108
f 5169//10109 5143//10109 5124//10109
f 5169//10110 5124//10110 5150//10110
f 5170//10111 5144//10111 5125//10111
f 5170//10112 5125//10112 5151//10112
f 5171//10113 5145//10113 5126//10113
f 5171//10114 5126//10114 5152//10114
f 5171//10115 273//10115 274//10115
f 5171//10116 274//10116 5145//10116
f 5172//10117 5146//10117 5127//10117
f 5172//10118 5127//10118 5153//10118
f 5173//10119 5147//10119 5128//10119
f 5173//10120 5128//10120 5154//10120
f 5174//10121 5148//10121 5129//10121
f 5174//10122 5129//10122 5155//10122
f 5175//10123 5149//10123 5130//10123
f 5175//10124 5130//10124 5156//10124
f 5176//10125 5150//10125 5131//10125
f 5176//10126 5131//10126 5157//10126
f 5177//10127 5132//10127 5158//10127
f 5177//10128 5151//10128 5132//10128
f 5178//10129 5133//10129 5159//10129
f 5178//10130 5152//10130 5133//10130
f 5179//10131 5134//10131 5160//10131
f 5179//10132 5153//10132 5134//10132
f 5180//10133 5135//10133 5161//10133
f 5180//10134 5154//10134 5135//10134
f 5181//10135 5136//10135 5162//10135
f 5181//10136 5155//10136 5136//10136
f 5182//10137 5137//10137 5163//10137
f 5182//10138 5156//10138 5137//10138
f 5183//10139 5138//10139 5164//10139
f 5183//10140 5157//10140 5138//10140
f 5184//10141 5139//10141 5165//10141
f 5184//10142 5159//10142 5139//10142
f 5185//10143 5160//10143 5140//10143
f 5185//10144 5140//10144 5166//10144
f 5186//10145 5161//10145 5141//10145
f 5186//10146 5141//10146 5167//10146
f 5187//10147 5162//10147 5142//10147
f 5187//10148 5142//10148 5168//10148
f 5188//10149 5163//10149 5143//10149
f 5188//10150 5143//10150 5169//10150
f 5189//10151 5144//10151 5170//10151
f 5189//10152 5164//10152 5144//10152
f 5190//10153 5165//10153 5146//10153
f 5190//10154 5146//10154 5172//10154
f 5191//10155 5166//10155 5147//10155
f 5191//10156 5147//10156 5173//10156
f 5192//10157 5167//10157 5148//10157
f 5192//10158 5148//10158 5174//10158
f 5193//10159 5149//10159 5175//10159
f 5193//10160 5168//10160 5149//10160
f 5194//10161 5169//10161 5150//10161
f 5194//10162 5150//10162 5176//10162
f 5195//10163 5170//10163 5151//10163
f 5195//10164 5151//10164 5177//10164
f 5196//10165 5171//10165 5152//10165
f 5196//10166 273//10166 5171//10166
f 5196//10167 272//10167 273//10167
f 5196//10168 5152//10168 5178//10168
f 5197//10169 5153//10169 5179//10169
f 5197//10170 5172//10170 5153//10170
f 5198//10171 5154//10171 5180//10171
f 5198//10172 5173//10172 5154//10172
f 5199//10173 5174//10173 5155//10173
f 5199//10174 5155//10174 5181//10174
f 5200//10175 5156//10175 5182//10175
f 5200//10176 5175//10176 5156//10176
f 5201//10177 5176//10177 5157//10177
f 5201//10178 5157//10178 5183//10178
f 5202//10179 5177//10179 5158//10179
f 5202//10180 5158//10180 1852//10180
f 5202//10181 1852//10181 1851//10181
f 5203//10182 5178//10182 5159//10182
f 5203//10183 5159//10183 5184//10183
f 5204//10184 5179//10184 5160//10184
f 5204//10185 5160//10185 5185//10185
f 5205//10186 5180//10186 5161//10186
f 5205//10187 5161//10187 5186//10187
f 5206//10188 5181//10188 5162//10188
f 5206//10189 5162//10189 5187//10189
f 5207//10190 5163//10190 5188//10190
f 5207//10191 5182//10191 5163//10191
f 5208//10192 5183//10192 5164//10192
f 5208//10193 5164//10193 5189//10193
f 5209//10194 5184//10194 5165//10194
f 5209//10195 5165//10195 5190//10195
f 5210//10196 5185//10196 5166//10196
f 5210//10197 5166//10197 5191//10197
f 5211//10198 5186//10198 5167//10198
f 5211//10199 5167//10199 5192//10199
f 5212//10200 5168//10200 5193//10200
f 5212//10201 5187//10201 5168//10201
f 5213//10202 5169//10202 5194//10202
f 5213//10203 5188//10203 5169//10203
f 5214//10204 5170//10204 5195//10204
f 5214//10205 5189//10205 5170//10205
f 5215//10206 5190//10206 5172//10206
f 5215//10207 5172//10207 5197//10207
f 5216//10208 5173//10208 5198//10208
f 5216//10209 5191//10209 5173//10209
f 5217//10210 5192//10210 5174//10210
f 5217//10211 5174//10211 5199//10211
f 5218//10212 5175//10212 5200//10212
f 5218//10213 5193//10213 5175//10213
f 5219//10214 5194//10214 5176//10214
f 5219//10215 5176//10215 5201//10215
f 5220//10216 5195//10216 5177//10216
f 5220//10217 5177//10217 5202//10217
f 5221//10218 272//10218 5196//10218
f 5221//10219 5196//10219 5178//10219
f 5221//10220 271//10220 272//10220
f 5221//10221 5178//10221 5203//10221
f 5222//10222 5197//10222 5179//10222
f 5222//10223 5179//10223 5204//10223
f 5223//10224 5180//10224 5205//10224
f 5223//10225 5198//10225 5180//10225
f 5224//10226 5199//10226 5181//10226
f 5224//10227 5181//10227 5206//10227
f 5225//10228 5200//10228 5182//10228
f 5225//10229 5182//10229 5207//10229
f 5226//10230 5201//10230 5183//10230
f 5226//10231 5183//10231 5208//10231
f 5227//10232 1851//10232 1850//10232
f 5227//10233 5202//10233 1851//10233
f 5228//10234 5203//10234 5184//10234
f 5228//10235 5184//10235 5209//10235
f 5229//10236 5204//10236 5185//10236
f 5229//10237 5185//10237 5210//10237
f 5230//10238 5205//10238 5186//10238
f 5230//10239 5186//10239 5211//10239
f 5231//10240 5206//10240 5187//10240
f 5231//10241 5187//10241 5212//10241
f 5232//10242 5207//10242 5188//10242
f 5232//10243 5188//10243 5213//10243
f 5233//10244 5208//10244 5189//10244
f 5233//10245 5189//10245 5214//10245
f 5234//10246 5209//10246 5190//10246
f 5234//10247 5190//10247 5215//10247
f 5235//10248 5191//10248 5216//10248
f 5235//10249 5210//10249 5191//10249
f 5236//10250 5211//10250 5192//10250
f 5236//10251 5192//10251 5217//10251
f 5237//10252 5193//10252 5218//10252
f 5237//10253 5212//10253 5193//10253
f 5238//10254 5194//10254 5219//10254
f 5238//10255 5213//10255 5194//10255
f 5239//10256 5214//10256 5195//10256
f 5239//10257 5195//10257 5220//10257
f 5240//10258 5197//10258 5222//10258
f 5240//10259 5215//10259 5197//10259
f 5241//10260 5216//10260 5198//10260
f 5241//10261 5198//10261 5223//10261
f 5242//10262 5199//10262 5224//10262
f 5242//10263 5217//10263 5199//10263
f 5243//10264 5218//10264 5200//10264
f 5243//10265 5200//10265 5225//10265
f 5244//10266 5201//10266 5226//10266
f 5244//10267 5219//10267 5201//10267
f 5245//10268 5202//10268 5227//10268
f 5245//10269 5220//10269 5202//10269
f 5246//10270 5203//10270 5228//10270
f 5246//10271 270//10271 271//10271
f 5246//10272 5221//10272 5203//10272
f 5246//10273 271//10273 5221//10273
f 5247//10274 5204//10274 5229//10274
f 5247//10275 5222//10275 5204//10275
f 5248//10276 5205//10276 5230//10276
f 5248//10277 5223//10277 5205//10277
f 5249//10278 5206//10278 5231//10278
f 5249//10279 5224//10279 5206//10279
f 5250//10280 5207//10280 5232//10280
f 5250//10281 5225//10281 5207//10281
f 5251//10282 5226//10282 5208//10282
f 5251//10283 5208//10283 5233//10283
f 5252//10284 5228//10284 5209//10284
f 5252//10285 5209//10285 5234//10285
f 5253//10286 5229//10286 5210//10286
f 5253//10287 5210//10287 5235//10287
f 5254//10288 5230//10288 5211//10288
f 5254//10289 5211//10289 5236//10289
f 5255//10290 5231//10290 5212//10290
f 5255//10291 5212//10291 5237//10291
f 5256//10292 5232//10292 5213//10292
f 5256//10293 5213//10293 5238//10293
f 5257//10294 5214//10294 5239//10294
f 5257//10295 5233//10295 5214//10295
f 5258//10296 5234//10296 5215//10296
f 5258//10297 5215//10297 5240//10297
f 5259//10298 5216//10298 5241//10298
f 5259//10299 5235//10299 5216//10299
f 5260//10300 5236//10300 5217//10300
f 5260//10301 5217//10301 5242//10301
f 5261//10302 5237//10302 5218//10302
f 5261//10303 5218//10303 5243//10303
f 5262//10304 5238//10304 5219//10304
f 5262//10305 5219//10305 5244//10305
f 5263//10306 5239//10306 5220//10306
f 5263//10307 5220//10307 5245//10307
f 5264//10308 5222//10308 5247//10308
f 5264//10309 5240//10309 5222//10309
f 5265//10310 5241//10310 5223//10310
f 5265//10311 5223//10311 5248//10311
f 5266//10312 5242//10312 5224//10312
f 5266//10313 5224//10313 5249//10313
f 5267//10314 5225//10314 5250//10314
f 5267//10315 5243//10315 5225//10315
f 5268//10316 5226//10316 5251//10316
f 5268//10317 5244//10317 5226//10317
f 5269//10318 1849//10318 1848//10318
f 5269//10319 1850//10319 1849//10319
f 5269//10320 5227//10320 1850//10320
f 5269//10321 5245//10321 5227//10321
f 5270//10322 5228//10322 5252//10322
f 5270//10323 5246//10323 5228//10323
f 5270//10324 269//10324 270//10324
f 5270//10325 270//10325 5246//10325
f 5271//10326 5229//10326 5253//10326
f 5271//10327 5247//10327 5229//10327
f 5272//10328 5230//10328 5254//10328
f 5272//10329 5248//10329 5230//10329
f 5273//10330 5231//10330 5255//10330
f 5273//10331 5249//10331 5231//10331
f 5274//10332 5250//10332 5232//10332
f 5274//10333 5232//10333 5256//10333
f 5275//10334 5251//10334 5233//10334
f 5275//10335 5233//10335 5257//10335
f 5276//10336 5252//10336 5234//10336
f 5276//10337 5234//10337 5258//10337
f 5277//10338 5235//10338 5259//10338
f 5277//10339 5253//10339 5235//10339
f 5278//10340 5254//10340 5236//10340
f 5278//10341 5236//10341 5260//10341
f 5279//10342 5237//10342 5261//10342
f 5279//10343 5255//10343 5237//10343
f 5280//10344 5238//10344 5262//10344
f 5280//10345 5256//10345 5238//10345
f 5281//10346 5239//10346 5263//10346
f 5281//10347 5257//10347 5239//10347
f 5282//10348 5258//10348 5240//10348
f 5282//10349 5240//10349 5264//10349
f 5283//10350 5259//10350 5241//10350
f 5283//10351 5241//10351 5265//10351
f 5284//10352 5260//10352 5242//10352
f 5284//10353 5242//10353 5266//10353
f 5285//10354 5261//10354 5243//10354
f 5285//10355 5243//10355 5267//10355
f 5286//10356 5262//10356 5244//10356
f 5286//10357 5244//10357 5268//10357
f 5287//10358 5263//10358 5245//10358
f 5287//10359 5245//10359 5269//10359
f 5288//10360 5264//10360 5247//10360
f 5288//10361 5247//10361 5271//10361
f 5289//10362 5265//10362 5248//10362
f 5289//10363 5248//10363 5272//10363
f 5290//10364 5266//10364 5249//10364
f 5290//10365 5249//10365 5273//10365
f 5291//10366 5267//10366 5250//10366
f 5291//10367 5250//10367 5274//10367
f 5292//10368 5268//10368 5251//10368
f 5292//10369 5251//10369 5275//10369
f 5293//10370 5270//10370 5252//10370
f 5293//10371 269//10371 5270//10371
f 5293//10372 268//10372 269//10372
f 5293//10373 5276//10373 268//10373
f 5293//10374 5252//10374 5276//10374
f 5294//10375 5253//10375 5277//10375
f 5294//10376 5271//10376 5253//10376
f 5295//10377 5254//10377 5278//10377
f 5295//10378 5272//10378 5254//10378
f 5296//10379 5255//10379 5279//10379
f 5296//10380 5273//10380 5255//10380
f 5297//10381 5274//10381 5256//10381
f 5297//10382 5256//10382 5280//10382
f 5298//10383 5275//10383 5257//10383
f 5298//10384 5257//10384 5281//10384
f 5299//10385 5258//10385 5282//10385
f 5299//10386 267//10386 268//10386
f 5299//10387 268//10387 5276//10387
f 5299//10388 5276//10388 5258//10388
f 5300//10389 5277//10389 5259//10389
f 5300//10390 5259//10390 5283//10390
f 5301//10391 5260//10391 5284//10391
f 5301//10392 5278//10392 5260//10392
f 5302//10393 5261//10393 5285//10393
f 5302//10394 5279//10394 5261//10394
f 5303//10395 5262//10395 5286//10395
f 5303//10396 5280//10396 5262//10396
f 5304//10397 5263//10397 5287//10397
f 5304//10398 5281//10398 5263//10398
f 5305//10399 5264//10399 5288//10399
f 5305//10400 5282//10400 5264//10400
f 5306//10401 5283//10401 5265//10401
f 5306//10402 5265//10402 5289//10402
f 5307//10403 5266//10403 5290//10403
f 5307//10404 5284//10404 5266//10404
f 5308//10405 5285//10405 5267//10405
f 5308//10406 5267//10406 5291//10406
f 5309//10407 5286//10407 5268//10407
f 5309//10408 5268//10408 5292//10408
f 5310//10409 1848//10409 1847//10409
f 5310//10410 5269//10410 1848//10410
f 5310//10411 5287//10411 5269//10411
f 5311//10412 5271//10412 5294//10412
f 5311//10413 5288//10413 5271//10413
f 5312//10414 5272//10414 5295//10414
f 5312//10415 5289//10415 5272//10415
f 5313//10416 5273//10416 5296//10416
f 5313//10417 5290//10417 5273//10417
f 5314//10418 5274//10418 5297//10418
f 5314//10419 5291//10419 5274//10419
f 5315//10420 5275//10420 5298//10420
f 5315//10421 5292//10421 5275//10421
f 5316//10422 5277//10422 5300//10422
f 5316//10423 5294//10423 5277//10423
f 5317//10424 5295//10424 5278//10424
f 5317//10425 5278//10425 5301//10425
f 5318//10426 5296//10426 5279//10426
f 5318//10427 5279//10427 5302//10427
f 5319//10428 5297//10428 5280//10428
f 5319//10429 5280//10429 5303//10429
f 5320//10430 5298//10430 5281//10430
f 5320//10431 5281//10431 5304//10431
f 5321//10432 267//10432 5299//10432
f 5321//10433 5282//10433 5305//10433
f 5321//10434 265//10434 266//10434
f 5321//10435 266//10435 267//10435
f 5321//10436 5299//10436 5282//10436
f 5322//10437 5283//10437 5306//10437
f 5322//10438 5300//10438 5283//10438
f 5323//10439 5284//10439 5307//10439
f 5323//10440 5301//10440 5284//10440
f 5324//10441 5302//10441 5285//10441
f 5324//10442 5285//10442 5308//10442
f 5325//10443 5303//10443 5286//10443
f 5325//10444 5286//10444 5309//10444
f 5326//10445 5304//10445 5287//10445
f 5326//10446 5287//10446 5310//10446
f 5327//10447 5288//10447 5311//10447
f 5327//10448 5305//10448 5288//10448
f 5328//10449 5306//10449 5289//10449
f 5328//10450 5289//10450 5312//10450
f 5329//10451 5307//10451 5290//10451
f 5329//10452 5290//10452 5313//10452
f 5330//10453 5291//10453 5314//10453
f 5330//10454 5308//10454 5291//10454
f 5331//10455 5309//10455 5292//10455
f 5331//10456 5292//10456 5315//10456
f 5332//10457 1847//10457 1846//10457
f 5332//10458 5310//10458 1847//10458
f 5333//10459 5311//10459 5294//10459
f 5333//10460 5294//10460 5316//10460
f 5334//10461 5312//10461 5295//10461
f 5334//10462 5295//10462 5317//10462
f 5335//10463 5296//10463 5318//10463
f 5335//10464 5313//10464 5296//10464
f 5336//10465 5314//10465 5297//10465
f 5336//10466 5297//10466 5319//10466
f 5337//10467 5298//10467 5320//10467
f 5337//10468 5315//10468 5298//10468
f 5338//10469 5316//10469 5300//10469
f 5338//10470 5300//10470 5322//10470
f 5339//10471 5317//10471 5301//10471
f 5339//10472 5301//10472 5323//10472
f 5340//10473 5302//10473 5324//10473
f 5340//10474 5318//10474 5302//10474
f 5341//10475 5319//10475 5303//10475
f 5341//10476 5303//10476 5325//10476
f 5342//10477 5320//10477 5304//10477
f 5342//10478 5304//10478 5326//10478
f 5343//10479 5305//10479 5327//10479
f 5343//10480 264//10480 265//10480
f 5343//10481 5321//10481 5305//10481
f 5343//10482 265//10482 5321//10482
f 5344//10483 5322//10483 5306//10483
f 5344//10484 5306//10484 5328//10484
f 5345//10485 5307//10485 5329//10485
f 5345//10486 5323//10486 5307//10486
f 5346//10487 5308//10487 5330//10487
f 5346//10488 5324//10488 5308//10488
f 5347//10489 5309//10489 5331//10489
f 5347//10490 5325//10490 5309//10490
f 5348//10491 5326//10491 5310//10491
f 5348//10492 5310//10492 5332//10492
f 5349//10493 5327//10493 5311//10493
f 5349//10494 262//10494 263//10494
f 5349//10495 5311//10495 5333//10495
f 5350//10496 5328//10496 5312//10496
f 5350//10497 5312//10497 5334//10497
f 5351//10498 5313//10498 5335//10498
f 5351//10499 5329//10499 5313//10499
f 5352//10500 5314//10500 5336//10500
f 5352//10501 5330//10501 5314//10501
f 5353//10502 5315//10502 5337//10502
f 5353//10503 5331//10503 5315//10503
f 5354//10504 5333//10504 5316//10504
f 5354//10505 5316//10505 5338//10505
f 5355//10506 5317//10506 5339//10506
f 5355//10507 5334//10507 5317//10507
f 5356//10508 5335//10508 5318//10508
f 5356//10509 5318//10509 5340//10509
f 5357//10510 5319//10510 5341//10510
f 5357//10511 5336//10511 5319//10511
f 5358//10512 5337//10512 5320//10512
f 5358//10513 5320//10513 5342//10513
f 5359//10514 5322//10514 5344//10514
f 5359//10515 5338//10515 5322//10515
f 5360//10516 5339//10516 5323//10516
f 5360//10517 5323//10517 5345//10517
f 5361//10518 5340//10518 5324//10518
f 5361//10519 5324//10519 5346//10519
f 5362//10520 5341//10520 5325//10520
f 5362//10521 5325//10521 5347//10521
f 5363//10522 5342//10522 5326//10522
f 5363//10523 5326//10523 5348//10523
f 5364//10524 5327//10524 5349//10524
f 5364//10525 263//10525 264//10525
f 5364//10526 264//10526 5343//10526
f 5364//10527 5343//10527 5327//10527
f 5364//10528 5349//10528 263//10528
f 5365//10529 5328//10529 5350//10529
f 5365//10530 5344//10530 5328//10530
f 5366//10531 5345//10531 5329//10531
f 5366//10532 5329//10532 5351//10532
f 5367//10533 5346//10533 5330//10533
f 5367//10534 5330//10534 5352//10534
f 5368//10535 5347//10535 5331//10535
f 5368//10536 5331//10536 5353//10536
f 5369//10537 5332//10537 1846//10537
f 5369//10538 1845//10538 1844//10538
f 5369//10539 1846//10539 1845//10539
f 5369//10540 5348//10540 5332//10540
f 5370//10541 5333//10541 5354//10541
f 5370//10542 261//10542 262//10542
f 5370//10543 5349//10543 5333//10543
f 5370//10544 262//10544 5349//10544
f 5371//10545 5350//10545 5334//10545
f 5371//10546 5334//10546 5355//10546
f 5372//10547 5335//10547 5356//10547
f 5372//10548 5351//10548 5335//10548
f 5373//10549 5352//10549 5336//10549
f 5373//10550 5336//10550 5357//10550
f 5374//10551 5353//10551 5337//10551
f 5374//10552 5337//10552 5358//10552
f 5375//10553 259//10553 260//10553
f 5375//10554 5338//10554 5359//10554
f 5375//10555 5354//10555 5338//10555
f 5376//10556 5339//10556 5360//10556
f 5376//10557 5355//10557 5339//10557
f 5377//10558 5340//10558 5361//10558
f 5377//10559 5356//10559 5340//10559
f 5378//10560 5341//10560 5362//10560
f 5378//10561 5357//10561 5341//10561
f 5379//10562 5358//10562 5342//10562
f 5379//10563 5342//10563 5363//10563
f 5380//10564 5359//10564 5344//10564
f 5380//10565 5344//10565 5365//10565
f 5381//10566 5360//10566 5345//10566
f 5381//10567 5345//10567 5366//10567
f 5382//10568 5361//10568 5346//10568
f 5382//10569 5346//10569 5367//10569
f 5383//10570 5362//10570 5347//10570
f 5383//10571 5347//10571 5368//10571
f 5384//10572 5363//10572 5348//10572
f 5384//10573 5348//10573 5369//10573
f 5385//10574 5350//10574 5371//10574
f 5385//10575 5365//10575 5350//10575
f 5386//10576 5366//10576 5351//10576
f 5386//10577 5351//10577 5372//10577
f 5387//10578 5367//10578 5352//10578
f 5387//10579 5352//10579 5373//10579
f 5388//10580 5368//10580 5353//10580
f 5388//10581 5353//10581 5374//10581
f 5389//10582 261//10582 5370//10582
f 5389//10583 260//10583 261//10583
f 5389//10584 5354//10584 5375//10584
f 5389//10585 5375//10585 260//10585
f 5389//10586 5370//10586 5354//10586
f 5390//10587 5371//10587 5355//10587
f 5390//10588 5355//10588 5376//10588
f 5391//10589 5372//10589 5356//10589
f 5391//10590 5356//10590 5377//10590
f 5392//10591 5373//10591 5357//10591
f 5392//10592 5357//10592 5378//10592
f 5393//10593 5374//10593 5358//10593
f 5393//10594 5358//10594 5379//10594
f 5394//10595 258//10595 259//10595
f 5394//10596 5375//10596 5359//10596
f 5394//10597 5359//10597 5380//10597
f 5394//10598 259//10598 5375//10598
f 5395//10599 5376//10599 5360//10599
f 5395//10600 5360//10600 5381//10600
f 5396//10601 5377//10601 5361//10601
f 5396//10602 5361//10602 5382//10602
f 5397//10603 5362//10603 5383//10603
f 5397//10604 5378//10604 5362//10604
f 5398//10605 5363//10605 5384//10605
f 5398//10606 5379//10606 5363//10606
f 5399//10607 5365//10607 5385//10607
f 5399//10608 5380//10608 5365//10608
f 5399//10609 256//10609 257//10609
f 5400//10610 5366//10610 5386//10610
f 5400//10611 5381//10611 5366//10611
f 5401//10612 5382//10612 5367//10612
f 5401//10613 5367//10613 5387//10613
f 5402//10614 5368//10614 5388//10614
f 5402//10615 5383//10615 5368//10615
f 5403//10616 1844//10616 1843//10616
f 5403//10617 5369//10617 1844//10617
f 5403//10618 5384//10618 5369//10618
f 5404//10619 5371//10619 5390//10619
f 5404//10620 5385//10620 5371//10620
f 5405//10621 5386//10621 5372//10621
f 5405//10622 5372//10622 5391//10622
f 5406//10623 5373//10623 5392//10623
f 5406//10624 5387//10624 5373//10624
f 5407//10625 5388//10625 5374//10625
f 5407//10626 5374//10626 5393//10626
f 5408//10627 5376//10627 5395//10627
f 5408//10628 5390//10628 5376//10628
f 5409//10629 5377//10629 5396//10629
f 5409//10630 5391//10630 5377//10630
f 5410//10631 5378//10631 5397//10631
f 5410//10632 5392//10632 5378//10632
f 5411//10633 5379//10633 5398//10633
f 5411//10634 5393//10634 5379//10634
f 5412//10635 5394//10635 5380//10635
f 5412//10636 5399//10636 257//10636
f 5412//10637 257//10637 258//10637
f 5412//10638 258//10638 5394//10638
f 5412//10639 5380//10639 5399//10639
f 5413//10640 5395//10640 5381//10640
f 5413//10641 5381//10641 5400//10641
f 5414//10642 5396//10642 5382//10642
f 5414//10643 5382//10643 5401//10643
f 5415//10644 5397//10644 5383//10644
f 5415//10645 5383//10645 5402//10645
f 5416//10646 5398//10646 5384//10646
f 5416//10647 5384//10647 5403//10647
f 5417//10648 5399//10648 5385//10648
f 5417//10649 256//10649 5399//10649
f 5417//10650 255//10650 256//10650
f 5417//10651 5385//10651 5404//10651
f 5418//10652 5386//10652 5405//10652
f 5418//10653 5400//10653 5386//10653
f 5419//10654 5387//10654 5406//10654
f 5419//10655 5401//10655 5387//10655
f 5420//10656 5402//10656 5388//10656
f 5420//10657 5388//10657 5407//10657
f 5421//10658 1843//10658 1842//10658
f 5421//10659 1842//10659 221//10659
f 5421//10660 5403//10660 1843//10660
f 5422//10661 5390//10661 5408//10661
f 5422//10662 5404//10662 5390//10662
f 5422//10663 253//10663 254//10663
f 5423//10664 5405//10664 5391//10664
f 5423//10665 5391//10665 5409//10665
f 5424//10666 5392//10666 5410//10666
f 5424//10667 5406//10667 5392//10667
f 5425//10668 5407//10668 5393//10668
f 5425//10669 5393//10669 5411//10669
f 5426//10670 5408//10670 5395//10670
f 5426//10671 5395//10671 5413//10671
f 5427//10672 5396//10672 5414//10672
f 5427//10673 5409//10673 5396//10673
f 5428//10674 5397//10674 5415//10674
f 5428//10675 5410//10675 5397//10675
f 5429//10676 224//10676 225//10676
f 5429//10677 5398//10677 5416//10677
f 5429//10678 5411//10678 5398//10678
f 5430//10679 5413//10679 5400//10679
f 5430//10680 5400//10680 5418//10680
f 5431//10681 5414//10681 5401//10681
f 5431//10682 5401//10682 5419//10682
f 5432//10683 5415//10683 5402//10683
f 5432//10684 5402//10684 5420//10684
f 5433//10685 221//10685 222//10685
f 5433//10686 222//10686 223//10686
f 5433//10687 5421//10687 221//10687
f 5433//10688 5416//10688 5403//10688
f 5433//10689 5403//10689 5421//10689
f 5434//10690 5404//10690 5422//10690
f 5434//10691 254//10691 255//10691
f 5434//10692 5417//10692 5404//10692
f 5434//10693 255//10693 5417//10693
f 5434//10694 5422//10694 254//10694
f 5435//10695 5418//10695 5405//10695
f 5435//10696 5405//10696 5423//10696
f 5436//10697 5419//10697 5406//10697
f 5436//10698 5406//10698 5424//10698
f 5437//10699 228//10699 229//10699
f 5437//10700 5407//10700 5425//10700
f 5437//10701 5420//10701 5407//10701
f 5438//10702 251//10702 252//10702
f 5438//10703 252//10703 253//10703
f 5438//10704 5408//10704 5426//10704
f 5438//10705 5422//10705 5408//10705
f 5438//10706 253//10706 5422//10706
f 5438//10707 5426//10707 251//10707
f 5439//10708 5423//10708 5409//10708
f 5439//10709 5409//10709 5427//10709
f 5440//10710 5410//10710 5428//10710
f 5440//10711 5424//10711 5410//10711
f 5441//10712 5411//10712 5429//10712
f 5441//10713 225//10713 226//10713
f 5441//10714 226//10714 227//10714
f 5441//10715 5429//10715 225//10715
f 5441//10716 5425//10716 5411//10716
f 5442//10717 5413//10717 5430//10717
f 5442//10718 249//10718 250//10718
f 5442//10719 250//10719 251//10719
f 5442//10720 251//10720 5426//10720
f 5442//10721 5426//10721 5413//10721
f 5443//10722 5414//10722 5431//10722
f 5443//10723 241//10723 242//10723
f 5443//10724 5427//10724 5414//10724
f 5444//10725 232//10725 233//10725
f 5444//10726 5415//10726 5432//10726
f 5444//10727 5428//10727 5415//10727
f 5445//10728 223//10728 224//10728
f 5445//10729 5429//10729 5416//10729
f 5445//10730 5416//10730 5433//10730
f 5445//10731 224//10731 5429//10731
f 5445//10732 5433//10732 223//10732
f 5446//10733 5418//10733 5435//10733
f 5446//10734 247//10734 248//10734
f 5446//10735 5430//10735 5418//10735
f 5447//10736 5419//10736 5436//10736
f 5447//10737 5431//10737 5419//10737
f 5448//10738 229//10738 230//10738
f 5448//10739 230//10739 231//10739
f 5448//10740 5432//10740 5420//10740
f 5448//10741 5420//10741 5437//10741
f 5448//10742 5437//10742 229//10742
f 5449//10743 246//10743 5435//10743
f 5449//10744 5435//10744 5423//10744
f 5449//10745 245//10745 246//10745
f 5449//10746 5423//10746 5439//10746
f 5450//10747 236//10747 237//10747
f 5450//10748 5436//10748 5424//10748
f 5450//10749 5424//10749 5440//10749
f 5451//10750 227//10750 228//10750
f 5451//10751 5437//10751 5425//10751
f 5451//10752 5441//10752 227//10752
f 5451//10753 5425//10753 5441//10753
f 5451//10754 228//10754 5437//10754
f 5452//10755 242//10755 243//10755
f 5452//10756 5439//10756 5427//10756
f 5452//10757 5443//10757 242//10757
f 5452//10758 5427//10758 5443//10758
f 5453//10759 233//10759 234//10759
f 5453//10760 234//10760 235//10760
f 5453//10761 5440//10761 5428//10761
f 5453//10762 5428//10762 5444//10762
f 5453//10763 5444//10763 233//10763
f 5453//10764 235//10764 5440//10764
f 5454//10765 248//10765 249//10765
f 5454//10766 249//10766 5442//10766
f 5454//10767 5446//10767 248//10767
f 5454//10768 5430//10768 5446//10768
f 5454//10769 5442//10769 5430//10769
f 5455//10770 239//10770 240//10770
f 5455//10771 240//10771 241//10771
f 5455//10772 5443//10772 5431//10772
f 5455//10773 241//10773 5443//10773
f 5455//10774 5431//10774 5447//10774
f 5455//10775 5447//10775 239//10775
f 5456//10776 231//10776 232//10776
f 5456//10777 5444//10777 5432//10777
f 5456//10778 5432//10778 5448//10778
f 5456//10779 232//10779 5444//10779
f 5456//10780 5448//10780 231//10780
f 5457//10781 5435//10781 246//10781
f 5457//10782 246//10782 247//10782
f 5457//10783 247//10783 5446//10783
f 5457//10784 5446//10784 5435//10784
f 5458//10785 237//10785 238//10785
f 5458//10786 238//10786 239//10786
f 5458//10787 5436//10787 5450//10787
f 5458//10788 5450//10788 237//10788
f 5458//10789 5447//10789 5436//10789
f 5458//10790 239//10790 5447//10790
f 5459//10791 5452//10791 243//10791
f 5459//10792 243//10792 244//10792
f 5459//10793 244//10793 245//10793
f 5459//10794 245//10794 5449//10794
f 5459//10795 5449//10795 5439//10795
f 5459//10796 5439//10796 5452//10796
f 5460//10797 235//10797 236//10797
f 5460//10798 236//10798 5450//10798
f 5460//10799 5450//10799 5440//10799
f 5460//10800 5440//10800 235//10800
f 3088//10801 353//10801 352//10801
f 3088//10802 352//10802 481//10802
f 3088//10803 481//10803 487//10803
f 3858//10804 487//10804 490//10804
f 3858//10805 3088//10805 487//10805
f 3859//10806 3858//10806 490//10806
f 3837//10807 490//10807 493//10807
f 3837//10808 493//10808 494//10808
f 3837//10809 3859//10809 490//10809
f 3792//10810 3837//10810 494//10810
f 3771//10811 494//10811 501//10811
f 3771//10812 3792//10812 494//10812
f 3772//10813 501//10813 505//10813
f 3772//10814 505//10814 506//10814
f 3772//10815 3771//10815 501//10815
f 3727//10816 506//10816 516//10816
f 3727//10817 3772//10817 506//10817
f 3707//10818 516//10818 522//10818
f 3707//10819 3727//10819 516//10819
f 3708//10820 3707//10820 522//10820
f 3665//10821 522//10821 523//10821
f 3665//10822 3708//10822 522//10822
f 3646//10823 523//10823 537//10823
f 3646//10824 3665//10824 523//10824
f 3605//10825 537//10825 544//10825
f 3605//10826 544//10826 545//10826
f 3605//10827 3646//10827 537//10827
f 3606//10828 3605//10828 545//10828
f 3587//10829 545//10829 560//10829
f 3587//10830 3606//10830 545//10830
f 3548//10831 560//10831 568//10831
f 3548//10832 3587//10832 560//10832
f 3549//10833 568//10833 587//10833
f 3549//10834 587//10834 588//10834
f 3549//10835 3548//10835 568//10835
f 3531//10836 588//10836 597//10836
f 3531//10837 3549//10837 588//10837
f 3494//10838 3531//10838 597//10838
f 3495//10839 597//10839 618//10839
f 3495//10840 3494//10840 597//10840
f 3478//10841 3495//10841 618//10841
f 3478//10842 618//10842 628//10842
f 3443//10843 3478//10843 628//10843
f 3443//10844 628//10844 629//10844
f 3427//10845 3443//10845 629//10845
f 3427//10846 629//10846 653//10846
f 3428//10847 3427//10847 653//10847
f 3428//10848 653//10848 664//10848
f 3428//10849 664//10849 665//10849
f 3394//10850 3428//10850 665//10850
f 3380//10851 665//10851 691//10851
f 3380//10852 3394//10852 665//10852
f 3349//10853 691//10853 704//10853
f 3349//10854 704//10854 705//10854
f 3349//10855 3380//10855 691//10855
f 3350//10856 3349//10856 705//10856
f 3336//10857 705//10857 733//10857
f 3336//10858 3350//10858 705//10858
f 3307//10859 733//10859 746//10859
f 3307//10860 746//10860 747//10860
f 3307//10861 3336//10861 733//10861
f 3308//10862 747//10862 777//10862
f 3308//10863 3307//10863 747//10863
f 3294//10864 3308//10864 777//10864
f 3267//10865 777//10865 791//10865
f 3267//10866 791//10866 824//10866
f 3267//10867 3294//10867 777//10867
f 3268//10868 3267//10868 824//10868
f 3256//10869 824//10869 825//10869
f 3256//10870 3268//10870 824//10870
f 3231//10871 825//10871 840//10871
f 3231//10872 3256//10872 825//10872
f 3232//10873 840//10873 875//10873
f 3232//10874 3231//10874 840//10874
f 3221//10875 875//10875 891//10875
f 3221//10876 3232//10876 875//10876
f 3200//10877 891//10877 892//10877
f 3200//10878 3221//10878 891//10878
f 3190//10879 892//10879 928//10879
f 3190//10880 928//10880 945//10880
f 3190//10881 3200//10881 892//10881
f 3191//10882 945//10882 946//10882
f 3191//10883 3190//10883 945//10883
f 3171//10884 946//10884 984//10884
f 3171//10885 3191//10885 946//10885
f 3163//10886 984//10886 1002//10886
f 3163//10887 3171//10887 984//10887
f 3147//10888 3163//10888 1002//10888
f 3148//10889 1002//10889 1003//10889
f 3148//10890 1003//10890 1043//10890
f 3148//10891 3147//10891 1002//10891
f 3140//10892 3148//10892 1043//10892
f 3140//10893 1043//10893 1062//10893
f 3125//10894 3140//10894 1062//10894
f 3126//10895 3125//10895 1062//10895
f 3126//10896 1062//10896 1104//10896
f 3126//10897 1104//10897 1105//10897
f 3119//10898 3126//10898 1105//10898
f 3119//10899 1105//10899 1124//10899
f 3108//10900 3119//10900 1124//10900
f 3109//10901 3108//10901 1124//10901
f 3109//10902 1124//10902 1168//10902
f 3109//10903 1168//10903 1169//10903
f 3104//10904 3109//10904 1169//10904
f 3096//10905 3104//10905 1169//10905
f 3096//10906 1169//10906 1189//10906
f 3096//10907 1189//10907 1234//10907
f 3097//10908 3096//10908 1234//10908
f 3093//10909 3097//10909 1234//10909
f 3093//10910 1234//10910 1255//10910
f 3090//10911 3093//10911 1255//10911
f 3090//10912 1255//10912 1256//10912
f 3090//10913 1256//10913 484//10913
f 3087//10914 3090//10914 484//10914
f 3087//10915 484//10915 483//10915
f 1840//10916 3087//10916 483//10916
